SolarID	OrigID	CorrID	Date	School	Subject	Grade	TextType	Region
KUS-G-slo-1-GO-E-2009-10001	solar1s	solar1t	2009	gimnazija	slovenščina	1. letnik	esej ali spis	Gorica
KUS-G-slo-1-GO-E-2009-10002	solar2s	solar2t	2009	gimnazija	slovenščina	1. letnik	esej ali spis	Gorica
KUS-G-slo-2-GO-E-2009-10003	solar3s	solar3t	2009	gimnazija	slovenščina	2. letnik	esej ali spis	Gorica
KUS-G-slo-2-GO-E-2009-10004	solar4s	solar4t	2009	gimnazija	slovenščina	2. letnik	esej ali spis	Gorica
KUS-G-slo-2-GO-E-2009-10005	solar5s	solar5t	2009	gimnazija	slovenščina	2. letnik	esej ali spis	Gorica
KUS-G-slo-1-GO-E-2009-10006	solar6s	solar6t	2009	gimnazija	slovenščina	1. letnik	esej ali spis	Gorica
KUS-G-slo-2-GO-E-2009-10007	solar7s	solar7t	2009	gimnazija	slovenščina	2. letnik	esej ali spis	Gorica
KUS-G-slo-2-GO-E-2009-10008	solar8s	solar8t	2009	gimnazija	slovenščina	2. letnik	esej ali spis	Gorica
KUS-G-slo-2-GO-E-2009-10009	solar9s	solar9t	2009	gimnazija	slovenščina	2. letnik	esej ali spis	Gorica
KUS-G-slo-2-GO-E-2009-10010	solar10s	solar10t	2009	gimnazija	slovenščina	2. letnik	esej ali spis	Gorica
KUS-G-slo-4-GO-E-2009-10011	solar11s	solar11t	2009	gimnazija	slovenščina	4. letnik	esej ali spis	Gorica
KUS-G-slo-4-GO-E-2009-10012	solar12s	solar12t	2009	gimnazija	slovenščina	4. letnik	esej ali spis	Gorica
KUS-G-slo-4-GO-E-2009-10013	solar13s	solar13t	2009	gimnazija	slovenščina	4. letnik	esej ali spis	Gorica
KUS-G-slo-4-GO-E-2009-10014	solar14s	solar14t	2009	gimnazija	slovenščina	4. letnik	esej ali spis	Gorica
KUS-G-slo-4-GO-E-2009-10015	solar15s	solar15t	2009	gimnazija	slovenščina	4. letnik	esej ali spis	Gorica
KUS-G-slo-4-GO-E-2009-10016	solar16s	solar16t	2009	gimnazija	slovenščina	4. letnik	esej ali spis	Gorica
KUS-G-slo-4-GO-E-2009-10017	solar17s	solar17t	2009	gimnazija	slovenščina	4. letnik	esej ali spis	Gorica
KUS-G-slo-4-GO-E-2009-10018	solar18s	solar18t	2009	gimnazija	slovenščina	4. letnik	esej ali spis	Gorica
KUS-G-slo-4-GO-E-2009-10019	solar19s	solar19t	2009	gimnazija	slovenščina	4. letnik	esej ali spis	Gorica
KUS-G-slo-4-GO-E-2009-10020	solar20s	solar20t	2009	gimnazija	slovenščina	4. letnik	esej ali spis	Gorica
KUS-G-slo-4-GO-E-2009-10021	solar21s	solar21t	2009	gimnazija	slovenščina	4. letnik	esej ali spis	Gorica
KUS-G-slo-4-GO-E-2009-10022	solar22s	solar22t	2009	gimnazija	slovenščina	4. letnik	esej ali spis	Gorica
KUS-G-slo-4-GO-E-2009-10023	solar23s	solar23t	2009	gimnazija	slovenščina	4. letnik	esej ali spis	Gorica
KUS-G-slo-4-GO-E-2009-10024	solar24s	solar24t	2009	gimnazija	slovenščina	4. letnik	esej ali spis	Gorica
KUS-G-slo-4-GO-E-2009-10025	solar25s	solar25t	2009	gimnazija	slovenščina	4. letnik	esej ali spis	Gorica
KUS-G-slo-4-GO-E-2009-10026	solar26s	solar26t	2009	gimnazija	slovenščina	4. letnik	esej ali spis	Gorica
KUS-G-slo-4-GO-E-2009-10027	solar27s	solar27t	2009	gimnazija	slovenščina	4. letnik	esej ali spis	Gorica
KUS-G-slo-4-GO-E-2009-10028	solar28s	solar28t	2009	gimnazija	slovenščina	4. letnik	esej ali spis	Gorica
KUS-G-slo-4-GO-E-2009-10030	solar29s	solar29t	2009	gimnazija	slovenščina	4. letnik	esej ali spis	Gorica
KUS-G-slo-4-GO-E-2009-10031	solar30s	solar30t	2009	gimnazija	slovenščina	4. letnik	esej ali spis	Gorica
KUS-G-slo-4-GO-E-2009-10032	solar31s	solar31t	2009	gimnazija	slovenščina	4. letnik	esej ali spis	Gorica
KUS-G-slo-4-GO-E-2009-10033	solar32s	solar32t	2009	gimnazija	slovenščina	4. letnik	esej ali spis	Gorica
KUS-G-slo-4-GO-E-2009-10034	solar33s	solar33t	2009	gimnazija	slovenščina	4. letnik	esej ali spis	Gorica
KUS-G-slo-4-MB-E-2010-10035	solar34s	solar34t	2010	gimnazija	slovenščina	4. letnik	esej ali spis	Maribor
KUS-G-slo-4-MB-E-2010-10036	solar35s	solar35t	2010	gimnazija	slovenščina	4. letnik	esej ali spis	Maribor
KUS-G-slo-4-MB-E-2010-10037	solar36s	solar36t	2010	gimnazija	slovenščina	4. letnik	esej ali spis	Maribor
KUS-G-slo-4-MB-E-2010-10038	solar37s	solar37t	2010	gimnazija	slovenščina	4. letnik	esej ali spis	Maribor
KUS-G-slo-4-MB-E-2010-10039	solar38s	solar38t	2010	gimnazija	slovenščina	4. letnik	esej ali spis	Maribor
KUS-G-slo-1-MB-E-2008-10040	solar39s	solar39t	2008	gimnazija	slovenščina	1. letnik	esej ali spis	Maribor
KUS-G-slo-1-MB-E-2007-10041	solar40s	solar40t	2007	gimnazija	slovenščina	1. letnik	esej ali spis	Maribor
KUS-G-slo-2-MB-E-2008-10042	solar41s	solar41t	2008	gimnazija	slovenščina	2. letnik	esej ali spis	Maribor
KUS-G-slo-3-MB-E-2009-10043	solar42s	solar42t	2009	gimnazija	slovenščina	3. letnik	esej ali spis	Maribor
KUS-G-slo-3-LJ-E-2009-10044	solar43s	solar43t	2009	gimnazija	slovenščina	3. letnik	esej ali spis	Ljubljana
KUS-G-slo-3-LJ-E-2009-10045	solar44s	solar44t	2009	gimnazija	slovenščina	3. letnik	esej ali spis	Ljubljana
KUS-G-slo-3-LJ-E-2009-10046	solar45s	solar45t	2009	gimnazija	slovenščina	3. letnik	esej ali spis	Ljubljana
KUS-G-slo-3-LJ-E-2009-10047	solar46s	solar46t	2009	gimnazija	slovenščina	3. letnik	esej ali spis	Ljubljana
KUS-G-slo-3-LJ-E-2009-10048	solar47s	solar47t	2009	gimnazija	slovenščina	3. letnik	esej ali spis	Ljubljana
KUS-G-slo-3-LJ-E-2009-10049	solar48s	solar48t	2009	gimnazija	slovenščina	3. letnik	esej ali spis	Ljubljana
KUS-G-slo-3-LJ-E-2009-10050	solar49s	solar49t	2009	gimnazija	slovenščina	3. letnik	esej ali spis	Ljubljana
KUS-G-slo-3-LJ-E-2009-10051	solar50s	solar50t	2009	gimnazija	slovenščina	3. letnik	esej ali spis	Ljubljana
KUS-G-slo-3-LJ-E-2009-10052	solar51s	solar51t	2009	gimnazija	slovenščina	3. letnik	esej ali spis	Ljubljana
KUS-G-slo-3-LJ-E-2009-10053	solar52s	solar52t	2009	gimnazija	slovenščina	3. letnik	esej ali spis	Ljubljana
KUS-G-slo-3-LJ-E-2009-10054	solar53s	solar53t	2009	gimnazija	slovenščina	3. letnik	esej ali spis	Ljubljana
KUS-G-slo-3-LJ-E-2009-10055	solar54s	solar54t	2009	gimnazija	slovenščina	3. letnik	esej ali spis	Ljubljana
KUS-G-slo-3-LJ-E-2009-10056	solar55s	solar55t	2009	gimnazija	slovenščina	3. letnik	esej ali spis	Ljubljana
KUS-G-slo-3-LJ-E-2009-10057	solar56s	solar56t	2009	gimnazija	slovenščina	3. letnik	esej ali spis	Ljubljana
KUS-G-slo-3-LJ-E-2009-10058	solar57s	solar57t	2009	gimnazija	slovenščina	3. letnik	esej ali spis	Ljubljana
KUS-G-slo-3-LJ-E-2009-10059	solar58s	solar58t	2009	gimnazija	slovenščina	3. letnik	esej ali spis	Ljubljana
KUS-G-slo-3-LJ-E-2009-10060	solar59s	solar59t	2009	gimnazija	slovenščina	3. letnik	esej ali spis	Ljubljana
KUS-G-slo-3-LJ-E-2009-10061	solar60s	solar60t	2009	gimnazija	slovenščina	3. letnik	esej ali spis	Ljubljana
KUS-G-slo-3-LJ-E-2009-10062	solar61s	solar61t	2009	gimnazija	slovenščina	3. letnik	esej ali spis	Ljubljana
KUS-G-slo-3-LJ-E-2009-10063	solar62s	solar62t	2009	gimnazija	slovenščina	3. letnik	esej ali spis	Ljubljana
KUS-G-slo-4-GO-E-2009-10064	solar63s	solar63t	2009	gimnazija	slovenščina	4. letnik	esej ali spis	Gorica
KUS-G-slo-4-GO-E-2009-10065	solar64s	solar64t	2009	gimnazija	slovenščina	4. letnik	esej ali spis	Gorica
KUS-G-slo-4-GO-E-2009-10066	solar65s	solar65t	2009	gimnazija	slovenščina	4. letnik	esej ali spis	Gorica
KUS-G-slo-4-GO-E-2009-10067	solar66s	solar66t	2009	gimnazija	slovenščina	4. letnik	esej ali spis	Gorica
KUS-G-slo-4-GO-E-2009-10068	solar67s	solar67t	2009	gimnazija	slovenščina	4. letnik	esej ali spis	Gorica
KUS-G-slo-4-GO-E-2009-10069	solar68s	solar68t	2009	gimnazija	slovenščina	4. letnik	esej ali spis	Gorica
KUS-G-slo-4-GO-E-2009-10070	solar69s	solar69t	2009	gimnazija	slovenščina	4. letnik	esej ali spis	Gorica
KUS-G-slo-4-GO-E-2009-10071	solar70s	solar70t	2009	gimnazija	slovenščina	4. letnik	esej ali spis	Gorica
KUS-G-slo-4-GO-E-2009-10072	solar71s	solar71t	2009	gimnazija	slovenščina	4. letnik	esej ali spis	Gorica
KUS-G-slo-4-GO-E-2009-10073	solar72s	solar72t	2009	gimnazija	slovenščina	4. letnik	esej ali spis	Gorica
KUS-G-slo-4-GO-E-2009-10074	solar73s	solar73t	2009	gimnazija	slovenščina	4. letnik	esej ali spis	Gorica
KUS-G-slo-4-GO-E-2009-10075	solar74s	solar74t	2009	gimnazija	slovenščina	4. letnik	esej ali spis	Gorica
KUS-G-slo-4-GO-E-2009-10076	solar75s	solar75t	2009	gimnazija	slovenščina	4. letnik	esej ali spis	Gorica
KUS-G-slo-4-GO-E-2009-10077	solar76s	solar76t	2009	gimnazija	slovenščina	4. letnik	esej ali spis	Gorica
KUS-G-slo-4-GO-E-2009-10078	solar77s	solar77t	2009	gimnazija	slovenščina	4. letnik	esej ali spis	Gorica
KUS-G-slo-4-GO-E-2009-10079	solar78s	solar78t	2009	gimnazija	slovenščina	4. letnik	esej ali spis	Gorica
KUS-G-slo-4-GO-E-2009-10080	solar79s	solar79t	2009	gimnazija	slovenščina	4. letnik	esej ali spis	Gorica
KUS-G-slo-4-GO-E-2009-10081	solar80s	solar80t	2009	gimnazija	slovenščina	4. letnik	esej ali spis	Gorica
KUS-G-slo-4-GO-E-2009-10082	solar81s	solar81t	2009	gimnazija	slovenščina	4. letnik	esej ali spis	Gorica
KUS-G-slo-4-GO-E-2009-10083	solar82s	solar82t	2009	gimnazija	slovenščina	4. letnik	esej ali spis	Gorica
KUS-G-slo-4-GO-E-2009-10084	solar83s	solar83t	2009	gimnazija	slovenščina	4. letnik	esej ali spis	Gorica
KUS-G-slo-4-GO-E-2009-10085	solar84s	solar84t	2009	gimnazija	slovenščina	4. letnik	esej ali spis	Gorica
KUS-G-slo-4-GO-E-2009-10086	solar85s	solar85t	2009	gimnazija	slovenščina	4. letnik	esej ali spis	Gorica
KUS-G-slo-4-GO-E-2009-10087	solar86s	solar86t	2009	gimnazija	slovenščina	4. letnik	esej ali spis	Gorica
KUS-G-slo-4-GO-E-2009-10088	solar87s	solar87t	2009	gimnazija	slovenščina	4. letnik	esej ali spis	Gorica
KUS-G-slo-4-GO-E-2009-10089	solar88s	solar88t	2009	gimnazija	slovenščina	4. letnik	esej ali spis	Gorica
KUS-G-slo-4-GO-E-2009-10090	solar89s	solar89t	2009	gimnazija	slovenščina	4. letnik	esej ali spis	Gorica
KUS-G-slo-4-GO-E-2009-10091	solar90s	solar90t	2009	gimnazija	slovenščina	4. letnik	esej ali spis	Gorica
KUS-G-slo-4-GO-E-2009-10092	solar91s	solar91t	2009	gimnazija	slovenščina	4. letnik	esej ali spis	Gorica
KUS-G-slo-4-GO-E-2009-10093	solar92s	solar92t	2009	gimnazija	slovenščina	4. letnik	esej ali spis	Gorica
KUS-G-slo-4-GO-E-2009-10094	solar93s	solar93t	2009	gimnazija	slovenščina	4. letnik	esej ali spis	Gorica
KUS-G-slo-4-GO-E-2009-10095	solar94s	solar94t	2009	gimnazija	slovenščina	4. letnik	esej ali spis	Gorica
KUS-G-slo-4-GO-E-2009-10096	solar95s	solar95t	2009	gimnazija	slovenščina	4. letnik	esej ali spis	Gorica
KUS-G-slo-4-GO-E-2009-10097	solar96s	solar96t	2009	gimnazija	slovenščina	4. letnik	esej ali spis	Gorica
KUS-G-slo-4-GO-E-2009-10098	solar97s	solar97t	2009	gimnazija	slovenščina	4. letnik	esej ali spis	Gorica
KUS-G-slo-4-GO-E-2009-10099	solar98s	solar98t	2009	gimnazija	slovenščina	4. letnik	esej ali spis	Gorica
KUS-G-slo-4-GO-E-2009-10100	solar99s	solar99t	2009	gimnazija	slovenščina	4. letnik	esej ali spis	Gorica
KUS-G-slo-4-GO-E-2009-10101	solar100s	solar100t	2009	gimnazija	slovenščina	4. letnik	esej ali spis	Gorica
KUS-G-slo-4-GO-E-2009-10102	solar101s	solar101t	2009	gimnazija	slovenščina	4. letnik	esej ali spis	Gorica
KUS-G-slo-4-GO-E-2009-10103	solar102s	solar102t	2009	gimnazija	slovenščina	4. letnik	esej ali spis	Gorica
KUS-G-slo-4-GO-E-2009-10104	solar103s	solar103t	2009	gimnazija	slovenščina	4. letnik	esej ali spis	Gorica
KUS-G-slo-4-GO-E-2009-10105	solar104s	solar104t	2009	gimnazija	slovenščina	4. letnik	esej ali spis	Gorica
KUS-G-slo-4-GO-E-2009-10106	solar105s	solar105t	2009	gimnazija	slovenščina	4. letnik	esej ali spis	Gorica
KUS-G-slo-4-GO-E-2009-10107	solar106s	solar106t	2009	gimnazija	slovenščina	4. letnik	esej ali spis	Gorica
KUS-G-slo-4-GO-E-2009-10108	solar107s	solar107t	2009	gimnazija	slovenščina	4. letnik	esej ali spis	Gorica
KUS-G-slo-4-GO-E-2009-10109	solar108s	solar108t	2009	gimnazija	slovenščina	4. letnik	esej ali spis	Gorica
KUS-G-slo-2-GO-E-2010-10110	solar109s	solar109t	2010	gimnazija	slovenščina	2. letnik	esej ali spis	Gorica
KUS-G-slo-2-GO-E-2010-10111	solar110s	solar110t	2010	gimnazija	slovenščina	2. letnik	esej ali spis	Gorica
KUS-G-slo-2-GO-E-2010-10112	solar111s	solar111t	2010	gimnazija	slovenščina	2. letnik	esej ali spis	Gorica
KUS-G-slo-2-GO-E-2010-10113	solar112s	solar112t	2010	gimnazija	slovenščina	2. letnik	esej ali spis	Gorica
KUS-G-slo-2-GO-E-2010-10114	solar113s	solar113t	2010	gimnazija	slovenščina	2. letnik	esej ali spis	Gorica
KUS-G-slo-2-GO-E-2010-10115	solar114s	solar114t	2010	gimnazija	slovenščina	2. letnik	esej ali spis	Gorica
KUS-G-slo-2-GO-E-2010-10116	solar115s	solar115t	2010	gimnazija	slovenščina	2. letnik	esej ali spis	Gorica
KUS-G-slo-2-GO-E-2010-10117	solar116s	solar116t	2010	gimnazija	slovenščina	2. letnik	esej ali spis	Gorica
KUS-G-slo-2-GO-E-2010-10118	solar117s	solar117t	2010	gimnazija	slovenščina	2. letnik	esej ali spis	Gorica
KUS-G-slo-2-GO-E-2010-10119	solar118s	solar118t	2010	gimnazija	slovenščina	2. letnik	esej ali spis	Gorica
KUS-G-slo-2-GO-E-2010-10120	solar119s	solar119t	2010	gimnazija	slovenščina	2. letnik	esej ali spis	Gorica
KUS-G-slo-2-GO-E-2010-10121	solar120s	solar120t	2010	gimnazija	slovenščina	2. letnik	esej ali spis	Gorica
KUS-G-slo-2-GO-E-2010-10122	solar121s	solar121t	2010	gimnazija	slovenščina	2. letnik	esej ali spis	Gorica
KUS-G-slo-2-GO-E-2010-10123	solar122s	solar122t	2010	gimnazija	slovenščina	2. letnik	esej ali spis	Gorica
KUS-G-slo-2-GO-E-2010-10124	solar123s	solar123t	2010	gimnazija	slovenščina	2. letnik	esej ali spis	Gorica
KUS-G-slo-2-GO-E-2010-10125	solar124s	solar124t	2010	gimnazija	slovenščina	2. letnik	esej ali spis	Gorica
KUS-G-slo-2-GO-E-2010-10126	solar125s	solar125t	2010	gimnazija	slovenščina	2. letnik	esej ali spis	Gorica
KUS-G-slo-2-GO-E-2010-10127	solar126s	solar126t	2010	gimnazija	slovenščina	2. letnik	esej ali spis	Gorica
KUS-G-slo-2-GO-E-2010-10128	solar127s	solar127t	2010	gimnazija	slovenščina	2. letnik	esej ali spis	Gorica
KUS-G-slo-2-GO-E-2010-10129	solar128s	solar128t	2010	gimnazija	slovenščina	2. letnik	esej ali spis	Gorica
KUS-G-slo-2-GO-E-2010-10130	solar129s	solar129t	2010	gimnazija	slovenščina	2. letnik	esej ali spis	Gorica
KUS-G-slo-2-GO-E-2010-10131	solar130s	solar130t	2010	gimnazija	slovenščina	2. letnik	esej ali spis	Gorica
KUS-G-slo-2-GO-E-2010-10132	solar131s	solar131t	2010	gimnazija	slovenščina	2. letnik	esej ali spis	Gorica
KUS-G-slo-3-GO-E-2009-10133	solar132s	solar132t	2009	gimnazija	slovenščina	3. letnik	esej ali spis	Gorica
KUS-G-slo-1-GO-E-2010-10134	solar133s	solar133t	2010	gimnazija	slovenščina	1. letnik	esej ali spis	Gorica
KUS-G-slo-1-GO-E-2010-10135	solar134s	solar134t	2010	gimnazija	slovenščina	1. letnik	esej ali spis	Gorica
KUS-G-slo-1-GO-E-2010-10136	solar135s	solar135t	2010	gimnazija	slovenščina	1. letnik	esej ali spis	Gorica
KUS-G-slo-1-GO-E-2010-10137	solar136s	solar136t	2010	gimnazija	slovenščina	1. letnik	esej ali spis	Gorica
KUS-G-slo-1-GO-E-2010-10138	solar137s	solar137t	2010	gimnazija	slovenščina	1. letnik	esej ali spis	Gorica
KUS-G-slo-1-GO-E-2010-10139	solar138s	solar138t	2010	gimnazija	slovenščina	1. letnik	esej ali spis	Gorica
KUS-G-slo-1-GO-E-2010-10140	solar139s	solar139t	2010	gimnazija	slovenščina	1. letnik	esej ali spis	Gorica
KUS-G-slo-1-GO-E-2010-10141	solar140s	solar140t	2010	gimnazija	slovenščina	1. letnik	esej ali spis	Gorica
KUS-G-slo-1-GO-E-2010-10142	solar141s	solar141t	2010	gimnazija	slovenščina	1. letnik	esej ali spis	Gorica
KUS-G-slo-1-GO-E-2010-10143	solar142s	solar142t	2010	gimnazija	slovenščina	1. letnik	esej ali spis	Gorica
KUS-G-slo-1-GO-E-2010-10144	solar143s	solar143t	2010	gimnazija	slovenščina	1. letnik	esej ali spis	Gorica
KUS-G-slo-1-GO-E-2010-10145	solar144s	solar144t	2010	gimnazija	slovenščina	1. letnik	esej ali spis	Gorica
KUS-G-slo-1-GO-E-2010-10146	solar145s	solar145t	2010	gimnazija	slovenščina	1. letnik	esej ali spis	Gorica
KUS-G-slo-1-GO-E-2010-10147	solar146s	solar146t	2010	gimnazija	slovenščina	1. letnik	esej ali spis	Gorica
KUS-G-slo-1-GO-E-2010-10148	solar147s	solar147t	2010	gimnazija	slovenščina	1. letnik	esej ali spis	Gorica
KUS-G-slo-1-GO-E-2010-10149	solar148s	solar148t	2010	gimnazija	slovenščina	1. letnik	esej ali spis	Gorica
KUS-G-slo-1-GO-E-2010-10150	solar149s	solar149t	2010	gimnazija	slovenščina	1. letnik	esej ali spis	Gorica
KUS-G-slo-1-GO-E-2010-10151	solar150s	solar150t	2010	gimnazija	slovenščina	1. letnik	esej ali spis	Gorica
KUS-G-slo-1-GO-E-2010-10152	solar151s	solar151t	2010	gimnazija	slovenščina	1. letnik	esej ali spis	Gorica
KUS-G-slo-1-GO-E-2010-10153	solar152s	solar152t	2010	gimnazija	slovenščina	1. letnik	esej ali spis	Gorica
KUS-G-slo-1-GO-E-2010-10154	solar153s	solar153t	2010	gimnazija	slovenščina	1. letnik	esej ali spis	Gorica
KUS-G-slo-1-GO-E-2010-10155	solar154s	solar154t	2010	gimnazija	slovenščina	1. letnik	esej ali spis	Gorica
KUS-G-slo-1-GO-E-2010-10156	solar155s	solar155t	2010	gimnazija	slovenščina	1. letnik	esej ali spis	Gorica
KUS-G-slo-1-GO-E-2010-10157	solar156s	solar156t	2010	gimnazija	slovenščina	1. letnik	esej ali spis	Gorica
KUS-G-slo-1-GO-E-2010-10158	solar157s	solar157t	2010	gimnazija	slovenščina	1. letnik	esej ali spis	Gorica
KUS-G-slo-1-GO-E-2009-10159	solar158s	solar158t	2009	gimnazija	slovenščina	1. letnik	esej ali spis	Gorica
KUS-G-slo-1-GO-E-2009-10160	solar159s	solar159t	2009	gimnazija	slovenščina	1. letnik	esej ali spis	Gorica
KUS-G-slo-1-GO-E-2009-10161	solar160s	solar160t	2009	gimnazija	slovenščina	1. letnik	esej ali spis	Gorica
KUS-G-slo-1-GO-E-2009-10162	solar161s	solar161t	2009	gimnazija	slovenščina	1. letnik	esej ali spis	Gorica
KUS-G-slo-1-GO-E-2009-10163	solar162s	solar162t	2009	gimnazija	slovenščina	1. letnik	esej ali spis	Gorica
KUS-G-slo-1-GO-E-2009-10164	solar163s	solar163t	2009	gimnazija	slovenščina	1. letnik	esej ali spis	Gorica
KUS-G-slo-1-GO-E-2009-10165	solar164s	solar164t	2009	gimnazija	slovenščina	1. letnik	esej ali spis	Gorica
KUS-G-slo-1-GO-E-2009-10166	solar165s	solar165t	2009	gimnazija	slovenščina	1. letnik	esej ali spis	Gorica
KUS-G-slo-1-GO-E-2009-10167	solar166s	solar166t	2009	gimnazija	slovenščina	1. letnik	esej ali spis	Gorica
KUS-G-slo-1-GO-E-2009-10168	solar167s	solar167t	2009	gimnazija	slovenščina	1. letnik	esej ali spis	Gorica
KUS-G-slo-1-GO-E-2009-10169	solar168s	solar168t	2009	gimnazija	slovenščina	1. letnik	esej ali spis	Gorica
KUS-G-slo-1-GO-E-2009-10170	solar169s	solar169t	2009	gimnazija	slovenščina	1. letnik	esej ali spis	Gorica
KUS-G-slo-1-GO-E-2009-10171	solar170s	solar170t	2009	gimnazija	slovenščina	1. letnik	esej ali spis	Gorica
KUS-G-slo-1-GO-E-2009-10172	solar171s	solar171t	2009	gimnazija	slovenščina	1. letnik	esej ali spis	Gorica
KUS-G-slo-1-GO-E-2009-10173	solar172s	solar172t	2009	gimnazija	slovenščina	1. letnik	esej ali spis	Gorica
KUS-G-slo-1-GO-E-2009-10174	solar173s	solar173t	2009	gimnazija	slovenščina	1. letnik	esej ali spis	Gorica
KUS-G-slo-1-GO-E-2009-10175	solar174s	solar174t	2009	gimnazija	slovenščina	1. letnik	esej ali spis	Gorica
KUS-G-slo-1-GO-E-2009-10176	solar175s	solar175t	2009	gimnazija	slovenščina	1. letnik	esej ali spis	Gorica
KUS-G-slo-1-GO-E-2009-10177	solar176s	solar176t	2009	gimnazija	slovenščina	1. letnik	esej ali spis	Gorica
KUS-G-slo-1-GO-E-2009-10178	solar177s	solar177t	2009	gimnazija	slovenščina	1. letnik	esej ali spis	Gorica
KUS-G-slo-1-GO-E-2009-10179	solar178s	solar178t	2009	gimnazija	slovenščina	1. letnik	esej ali spis	Gorica
KUS-G-slo-1-GO-E-2009-10180	solar179s	solar179t	2009	gimnazija	slovenščina	1. letnik	esej ali spis	Gorica
KUS-G-slo-1-GO-E-2009-10181	solar180s	solar180t	2009	gimnazija	slovenščina	1. letnik	esej ali spis	Gorica
KUS-G-slo-1-GO-E-2009-10182	solar181s	solar181t	2009	gimnazija	slovenščina	1. letnik	esej ali spis	Gorica
KUS-G-slo-1-GO-E-2009-10183	solar182s	solar182t	2009	gimnazija	slovenščina	1. letnik	esej ali spis	Gorica
KUS-G-slo-1-GO-E-2009-10184	solar183s	solar183t	2009	gimnazija	slovenščina	1. letnik	esej ali spis	Gorica
KUS-G-slo-1-GO-E-2009-10185	solar184s	solar184t	2009	gimnazija	slovenščina	1. letnik	esej ali spis	Gorica
KUS-G-slo-1-GO-E-2009-10186	solar185s	solar185t	2009	gimnazija	slovenščina	1. letnik	esej ali spis	Gorica
KUS-G-slo-1-KK-E-2010-10219	solar186s	solar186t	2010	gimnazija	slovenščina	1. letnik	esej ali spis	Krško
KUS-G-slo-1-KK-E-2010-10220	solar187s	solar187t	2010	gimnazija	slovenščina	1. letnik	esej ali spis	Krško
KUS-G-slo-1-KK-E-2010-10221	solar188s	solar188t	2010	gimnazija	slovenščina	1. letnik	esej ali spis	Krško
KUS-G-slo-1-KK-E-2010-10223	solar189s	solar189t	2010	gimnazija	slovenščina	1. letnik	esej ali spis	Krško
KUS-G-slo-1-KK-E-2010-10224	solar190s	solar190t	2010	gimnazija	slovenščina	1. letnik	esej ali spis	Krško
KUS-G-slo-1-KK-E-2010-10225	solar191s	solar191t	2010	gimnazija	slovenščina	1. letnik	esej ali spis	Krško
KUS-G-slo-1-KK-E-2010-10226	solar192s	solar192t	2010	gimnazija	slovenščina	1. letnik	esej ali spis	Krško
KUS-G-slo-1-KK-E-2010-10227	solar193s	solar193t	2010	gimnazija	slovenščina	1. letnik	esej ali spis	Krško
KUS-G-slo-1-KK-E-2010-10228	solar194s	solar194t	2010	gimnazija	slovenščina	1. letnik	esej ali spis	Krško
KUS-G-slo-1-KK-E-2010-10229	solar195s	solar195t	2010	gimnazija	slovenščina	1. letnik	esej ali spis	Krško
KUS-G-slo-1-KK-E-2010-10230	solar196s	solar196t	2010	gimnazija	slovenščina	1. letnik	esej ali spis	Krško
KUS-G-slo-1-KK-E-2010-10231	solar197s	solar197t	2010	gimnazija	slovenščina	1. letnik	esej ali spis	Krško
KUS-G-slo-1-KK-E-2010-10232	solar198s	solar198t	2010	gimnazija	slovenščina	1. letnik	esej ali spis	Krško
KUS-G-slo-1-KK-E-2010-10233	solar199s	solar199t	2010	gimnazija	slovenščina	1. letnik	esej ali spis	Krško
KUS-G-slo-1-KK-E-2010-10234	solar200s	solar200t	2010	gimnazija	slovenščina	1. letnik	esej ali spis	Krško
KUS-G-slo-1-KK-E-2010-10235	solar201s	solar201t	2010	gimnazija	slovenščina	1. letnik	esej ali spis	Krško
KUS-G-slo-1-KK-E-2010-10236	solar202s	solar202t	2010	gimnazija	slovenščina	1. letnik	esej ali spis	Krško
KUS-G-slo-1-KK-E-2010-10237	solar203s	solar203t	2010	gimnazija	slovenščina	1. letnik	esej ali spis	Krško
KUS-G-slo-1-KK-E-2010-10238	solar204s	solar204t	2010	gimnazija	slovenščina	1. letnik	esej ali spis	Krško
KUS-G-slo-1-KK-E-2010-10239	solar205s	solar205t	2010	gimnazija	slovenščina	1. letnik	esej ali spis	Krško
KUS-G-slo-1-KK-E-2010-10240	solar206s	solar206t	2010	gimnazija	slovenščina	1. letnik	esej ali spis	Krško
KUS-G-slo-1-KK-E-2010-10241	solar207s	solar207t	2010	gimnazija	slovenščina	1. letnik	esej ali spis	Krško
KUS-G-soc-4-GO-E-2009/2010-10418	solar208s	solar208t	2009/2010	gimnazija	sociologija	4. letnik	esej ali spis	Gorica
KUS-G-soc-4-GO-E-2009/2010-10419	solar209s	solar209t	2009/2010	gimnazija	sociologija	4. letnik	esej ali spis	Gorica
KUS-G-soc-4-GO-E-2009/2010-10420	solar210s	solar210t	2009/2010	gimnazija	sociologija	4. letnik	esej ali spis	Gorica
KUS-G-soc-4-GO-E-2009/2010-10421	solar211s	solar211t	2009/2010	gimnazija	sociologija	4. letnik	esej ali spis	Gorica
KUS-G-soc-4-GO-E-2009/2010-10422	solar212s	solar212t	2009/2010	gimnazija	sociologija	4. letnik	esej ali spis	Gorica
KUS-G-soc-4-GO-E-2009/2010-10423	solar213s	solar213t	2009/2010	gimnazija	sociologija	4. letnik	esej ali spis	Gorica
KUS-G-soc-4-GO-E-2009/2010-10424	solar214s	solar214t	2009/2010	gimnazija	sociologija	4. letnik	esej ali spis	Gorica
KUS-G-soc-4-GO-E-2009/2010-10425	solar215s	solar215t	2009/2010	gimnazija	sociologija	4. letnik	esej ali spis	Gorica
KUS-G-soc-4-GO-E-2009/2010-10426	solar216s	solar216t	2009/2010	gimnazija	sociologija	4. letnik	esej ali spis	Gorica
KUS-G-soc-4-GO-E-2009/2010-10427	solar217s	solar217t	2009/2010	gimnazija	sociologija	4. letnik	esej ali spis	Gorica
KUS-G-soc-4-GO-E-2009/2010-10428	solar218s	solar218t	2009/2010	gimnazija	sociologija	4. letnik	esej ali spis	Gorica
KUS-G-soc-4-GO-E-2009/2010-10429	solar219s	solar219t	2009/2010	gimnazija	sociologija	4. letnik	esej ali spis	Gorica
KUS-G-soc-4-GO-E-2009/2010-10430	solar220s	solar220t	2009/2010	gimnazija	sociologija	4. letnik	esej ali spis	Gorica
KUS-G-soc-4-GO-E-2009/2010-10431	solar221s	solar221t	2009/2010	gimnazija	sociologija	4. letnik	esej ali spis	Gorica
KUS-G-soc-4-GO-E-2009/2010-10432	solar222s	solar222t	2009/2010	gimnazija	sociologija	4. letnik	esej ali spis	Gorica
KUS-G-slo-3-GO-E-2009-10433	solar223s	solar223t	2009	gimnazija	slovenščina	3. letnik	esej ali spis	Gorica
KUS-G-slo-3-GO-E-2009-10434	solar224s	solar224t	2009	gimnazija	slovenščina	3. letnik	esej ali spis	Gorica
KUS-G-slo-3-GO-E-2009-10435	solar225s	solar225t	2009	gimnazija	slovenščina	3. letnik	esej ali spis	Gorica
KUS-G-slo-3-GO-E-2009-10436	solar226s	solar226t	2009	gimnazija	slovenščina	3. letnik	esej ali spis	Gorica
KUS-G-slo-3-GO-E-2009-10437	solar227s	solar227t	2009	gimnazija	slovenščina	3. letnik	esej ali spis	Gorica
KUS-G-slo-3-GO-E-2009-10438	solar228s	solar228t	2009	gimnazija	slovenščina	3. letnik	esej ali spis	Gorica
KUS-G-slo-3-GO-E-2009-10439	solar229s	solar229t	2009	gimnazija	slovenščina	3. letnik	esej ali spis	Gorica
KUS-G-slo-3-GO-E-2009-10440	solar230s	solar230t	2009	gimnazija	slovenščina	3. letnik	esej ali spis	Gorica
KUS-G-slo-3-GO-E-2009-10441	solar231s	solar231t	2009	gimnazija	slovenščina	3. letnik	esej ali spis	Gorica
KUS-G-slo-3-GO-E-2009-10442	solar232s	solar232t	2009	gimnazija	slovenščina	3. letnik	esej ali spis	Gorica
KUS-G-slo-3-GO-E-2009-10444	solar233s	solar233t	2009	gimnazija	slovenščina	3. letnik	esej ali spis	Gorica
KUS-G-slo-3-GO-E-2009-10445	solar234s	solar234t	2009	gimnazija	slovenščina	3. letnik	esej ali spis	Gorica
KUS-G-slo-3-GO-E-2009-10446	solar235s	solar235t	2009	gimnazija	slovenščina	3. letnik	esej ali spis	Gorica
KUS-G-slo-3-GO-E-2009-10447	solar236s	solar236t	2009	gimnazija	slovenščina	3. letnik	esej ali spis	Gorica
KUS-G-slo-3-GO-E-2009-10448	solar237s	solar237t	2009	gimnazija	slovenščina	3. letnik	esej ali spis	Gorica
KUS-G-slo-3-GO-E-2009-10449	solar238s	solar238t	2009	gimnazija	slovenščina	3. letnik	esej ali spis	Gorica
KUS-G-slo-3-GO-E-2009-10450	solar239s	solar239t	2009	gimnazija	slovenščina	3. letnik	esej ali spis	Gorica
KUS-G-slo-3-GO-E-2009-10451	solar240s	solar240t	2009	gimnazija	slovenščina	3. letnik	esej ali spis	Gorica
KUS-G-slo-3-GO-E-2009-10452	solar241s	solar241t	2009	gimnazija	slovenščina	3. letnik	esej ali spis	Gorica
KUS-G-slo-3-GO-E-2009-10453	solar242s	solar242t	2009	gimnazija	slovenščina	3. letnik	esej ali spis	Gorica
KUS-G-slo-3-GO-E-2009-10455	solar243s	solar243t	2009	gimnazija	slovenščina	3. letnik	esej ali spis	Gorica
KUS-G-slo-3-GO-E-2009-10456	solar244s	solar244t	2009	gimnazija	slovenščina	3. letnik	esej ali spis	Gorica
KUS-G-slo-2-GO-E-2009-10481	solar245s	solar245t	2009	gimnazija	slovenščina	2. letnik	esej ali spis	Gorica
KUS-G-slo-2-GO-E-2009-10482	solar246s	solar246t	2009	gimnazija	slovenščina	2. letnik	esej ali spis	Gorica
KUS-G-slo-2-GO-E-2009-10483	solar247s	solar247t	2009	gimnazija	slovenščina	2. letnik	esej ali spis	Gorica
KUS-G-slo-2-GO-E-2009-10484	solar248s	solar248t	2009	gimnazija	slovenščina	2. letnik	esej ali spis	Gorica
KUS-G-slo-2-GO-E-2009-10485	solar249s	solar249t	2009	gimnazija	slovenščina	2. letnik	esej ali spis	Gorica
KUS-G-slo-2-GO-E-2009-10486	solar250s	solar250t	2009	gimnazija	slovenščina	2. letnik	esej ali spis	Gorica
KUS-G-slo-2-GO-E-2009-10487	solar251s	solar251t	2009	gimnazija	slovenščina	2. letnik	esej ali spis	Gorica
KUS-G-slo-2-GO-E-2009-10488	solar252s	solar252t	2009	gimnazija	slovenščina	2. letnik	esej ali spis	Gorica
KUS-G-slo-2-GO-E-2009-10489	solar253s	solar253t	2009	gimnazija	slovenščina	2. letnik	esej ali spis	Gorica
KUS-G-slo-2-GO-E-2009-10490	solar254s	solar254t	2009	gimnazija	slovenščina	2. letnik	esej ali spis	Gorica
KUS-G-slo-2-GO-E-2009-10491	solar255s	solar255t	2009	gimnazija	slovenščina	2. letnik	esej ali spis	Gorica
KUS-G-slo-2-GO-E-2009-10492	solar256s	solar256t	2009	gimnazija	slovenščina	2. letnik	esej ali spis	Gorica
KUS-G-slo-2-GO-E-2009-10493	solar257s	solar257t	2009	gimnazija	slovenščina	2. letnik	esej ali spis	Gorica
KUS-G-slo-2-GO-E-2009-10494	solar258s	solar258t	2009	gimnazija	slovenščina	2. letnik	esej ali spis	Gorica
KUS-G-slo-2-GO-E-2009-10495	solar259s	solar259t	2009	gimnazija	slovenščina	2. letnik	esej ali spis	Gorica
KUS-G-slo-2-GO-E-2009-10496	solar260s	solar260t	2009	gimnazija	slovenščina	2. letnik	esej ali spis	Gorica
KUS-G-slo-2-GO-E-2009-10497	solar261s	solar261t	2009	gimnazija	slovenščina	2. letnik	esej ali spis	Gorica
KUS-G-slo-2-GO-E-2009-10498	solar262s	solar262t	2009	gimnazija	slovenščina	2. letnik	esej ali spis	Gorica
KUS-G-slo-2-GO-E-2009-10499	solar263s	solar263t	2009	gimnazija	slovenščina	2. letnik	esej ali spis	Gorica
KUS-G-slo-2-GO-E-2009-10500	solar264s	solar264t	2009	gimnazija	slovenščina	2. letnik	esej ali spis	Gorica
KUS-G-slo-2-GO-E-2009-10501	solar265s	solar265t	2009	gimnazija	slovenščina	2. letnik	esej ali spis	Gorica
KUS-G-slo-2-GO-E-2009-10502	solar266s	solar266t	2009	gimnazija	slovenščina	2. letnik	esej ali spis	Gorica
KUS-G-slo-2-GO-E-2009-10503	solar267s	solar267t	2009	gimnazija	slovenščina	2. letnik	esej ali spis	Gorica
KUS-G-slo-2-GO-E-2009-10504	solar268s	solar268t	2009	gimnazija	slovenščina	2. letnik	esej ali spis	Gorica
KUS-G-slo-2-GO-E-2009-10505	solar269s	solar269t	2009	gimnazija	slovenščina	2. letnik	esej ali spis	Gorica
KUS-G-slo-2-GO-E-2009-10506	solar270s	solar270t	2009	gimnazija	slovenščina	2. letnik	esej ali spis	Gorica
KUS-G-slo-1-GO-E-2009-10507	solar271s	solar271t	2009	gimnazija	slovenščina	1. letnik	esej ali spis	Gorica
KUS-G-slo-1-GO-E-2009-10508	solar272s	solar272t	2009	gimnazija	slovenščina	1. letnik	esej ali spis	Gorica
KUS-G-slo-1-GO-E-2009-10509	solar273s	solar273t	2009	gimnazija	slovenščina	1. letnik	esej ali spis	Gorica
KUS-G-slo-1-GO-E-2009-10510	solar274s	solar274t	2009	gimnazija	slovenščina	1. letnik	esej ali spis	Gorica
KUS-G-slo-1-GO-E-2009-10511	solar275s	solar275t	2009	gimnazija	slovenščina	1. letnik	esej ali spis	Gorica
KUS-G-slo-1-GO-E-2009-10512	solar276s	solar276t	2009	gimnazija	slovenščina	1. letnik	esej ali spis	Gorica
KUS-G-slo-1-GO-E-2009-10513	solar277s	solar277t	2009	gimnazija	slovenščina	1. letnik	esej ali spis	Gorica
KUS-G-slo-1-GO-E-2009-10514	solar278s	solar278t	2009	gimnazija	slovenščina	1. letnik	esej ali spis	Gorica
KUS-G-slo-1-GO-E-2009-10515	solar279s	solar279t	2009	gimnazija	slovenščina	1. letnik	esej ali spis	Gorica
KUS-G-slo-1-GO-E-2009-10516	solar280s	solar280t	2009	gimnazija	slovenščina	1. letnik	esej ali spis	Gorica
KUS-G-slo-1-GO-E-2009-10517	solar281s	solar281t	2009	gimnazija	slovenščina	1. letnik	esej ali spis	Gorica
KUS-G-slo-1-GO-E-2009-10518	solar282s	solar282t	2009	gimnazija	slovenščina	1. letnik	esej ali spis	Gorica
KUS-G-slo-1-GO-E-2009-10519	solar283s	solar283t	2009	gimnazija	slovenščina	1. letnik	esej ali spis	Gorica
KUS-G-slo-1-GO-E-2009-10520	solar284s	solar284t	2009	gimnazija	slovenščina	1. letnik	esej ali spis	Gorica
KUS-G-slo-1-GO-E-2009-10521	solar285s	solar285t	2009	gimnazija	slovenščina	1. letnik	esej ali spis	Gorica
KUS-G-slo-1-GO-E-2009-10522	solar286s	solar286t	2009	gimnazija	slovenščina	1. letnik	esej ali spis	Gorica
KUS-G-slo-1-GO-E-2009-10523	solar287s	solar287t	2009	gimnazija	slovenščina	1. letnik	esej ali spis	Gorica
KUS-G-slo-1-GO-E-2009-10524	solar288s	solar288t	2009	gimnazija	slovenščina	1. letnik	esej ali spis	Gorica
KUS-G-slo-1-GO-E-2009-10525	solar289s	solar289t	2009	gimnazija	slovenščina	1. letnik	esej ali spis	Gorica
KUS-G-slo-1-GO-E-2009-10526	solar290s	solar290t	2009	gimnazija	slovenščina	1. letnik	esej ali spis	Gorica
KUS-G-slo-1-GO-E-2009-10527	solar291s	solar291t	2009	gimnazija	slovenščina	1. letnik	esej ali spis	Gorica
KUS-G-slo-1-GO-E-2009-10528	solar292s	solar292t	2009	gimnazija	slovenščina	1. letnik	esej ali spis	Gorica
KUS-G-slo-1-GO-E-2009-10529	solar293s	solar293t	2009	gimnazija	slovenščina	1. letnik	esej ali spis	Gorica
KUS-G-slo-1-GO-E-2009-10530	solar294s	solar294t	2009	gimnazija	slovenščina	1. letnik	esej ali spis	Gorica
KUS-G-slo-2-LJ-R-2010-10531	solar295s	solar295t	2010	gimnazija	slovenščina	2. letnik	delo v razredu	Ljubljana
KUS-G-slo-2-LJ-R-2010-10532	solar296s	solar296t	2010	gimnazija	slovenščina	2. letnik	delo v razredu	Ljubljana
KUS-G-slo-1-LJ-E-2009/2010-10533	solar297s	solar297t	2009/2010	gimnazija	slovenščina	1. letnik	esej ali spis	Ljubljana
KUS-G-slo-1-LJ-E-2009/2010-10534	solar298s	solar298t	2009/2010	gimnazija	slovenščina	1. letnik	esej ali spis	Ljubljana
KUS-G-slo-1-LJ-E-2009/2010-10535	solar299s	solar299t	2009/2010	gimnazija	slovenščina	1. letnik	esej ali spis	Ljubljana
KUS-G-slo-1-LJ-E-2009/2010-10536	solar300s	solar300t	2009/2010	gimnazija	slovenščina	1. letnik	esej ali spis	Ljubljana
KUS-G-slo-1-LJ-E-2009/2010-10537	solar301s	solar301t	2009/2010	gimnazija	slovenščina	1. letnik	esej ali spis	Ljubljana
KUS-G-slo-1-LJ-E-2009/2010-10538	solar302s	solar302t	2009/2010	gimnazija	slovenščina	1. letnik	esej ali spis	Ljubljana
KUS-G-slo-1-LJ-E-2009/2010-10539	solar303s	solar303t	2009/2010	gimnazija	slovenščina	1. letnik	esej ali spis	Ljubljana
KUS-G-slo-1-LJ-E-2009/2010-10540	solar304s	solar304t	2009/2010	gimnazija	slovenščina	1. letnik	esej ali spis	Ljubljana
KUS-G-slo-1-LJ-E-2009/2010-10541	solar305s	solar305t	2009/2010	gimnazija	slovenščina	1. letnik	esej ali spis	Ljubljana
KUS-G-slo-1-LJ-E-2009/2010-10542	solar306s	solar306t	2009/2010	gimnazija	slovenščina	1. letnik	esej ali spis	Ljubljana
KUS-G-slo-1-LJ-E-2009/2010-10543	solar307s	solar307t	2009/2010	gimnazija	slovenščina	1. letnik	esej ali spis	Ljubljana
KUS-G-slo-1-LJ-E-2009/2010-10544	solar308s	solar308t	2009/2010	gimnazija	slovenščina	1. letnik	esej ali spis	Ljubljana
KUS-G-slo-1-LJ-E-2009/2010-10545	solar309s	solar309t	2009/2010	gimnazija	slovenščina	1. letnik	esej ali spis	Ljubljana
KUS-G-slo-1-LJ-E-2009/2010-10546	solar310s	solar310t	2009/2010	gimnazija	slovenščina	1. letnik	esej ali spis	Ljubljana
KUS-G-slo-1-LJ-E-2009/2010-10547	solar311s	solar311t	2009/2010	gimnazija	slovenščina	1. letnik	esej ali spis	Ljubljana
KUS-G-slo-1-LJ-E-2009/2010-10548	solar312s	solar312t	2009/2010	gimnazija	slovenščina	1. letnik	esej ali spis	Ljubljana
KUS-G-slo-1-LJ-E-2009/2010-10549	solar313s	solar313t	2009/2010	gimnazija	slovenščina	1. letnik	esej ali spis	Ljubljana
KUS-G-slo-1-LJ-E-2009/2010-10550	solar314s	solar314t	2009/2010	gimnazija	slovenščina	1. letnik	esej ali spis	Ljubljana
KUS-G-slo-1-LJ-E-2009/2010-10551	solar315s	solar315t	2009/2010	gimnazija	slovenščina	1. letnik	esej ali spis	Ljubljana
KUS-G-slo-1-LJ-R-2009/2010-10552	solar316s	solar316t	2009/2010	gimnazija	slovenščina	1. letnik	delo v razredu	Ljubljana
KUS-G-slo-1-LJ-R-2009/2010-10553	solar317s	solar317t	2009/2010	gimnazija	slovenščina	1. letnik	delo v razredu	Ljubljana
KUS-G-slo-1-LJ-R-2009/2010-10554	solar318s	solar318t	2009/2010	gimnazija	slovenščina	1. letnik	delo v razredu	Ljubljana
KUS-G-slo-1-LJ-R-2009/2010-10555	solar319s	solar319t	2009/2010	gimnazija	slovenščina	1. letnik	delo v razredu	Ljubljana
KUS-G-slo-1-LJ-R-2009/2010-10556	solar320s	solar320t	2009/2010	gimnazija	slovenščina	1. letnik	delo v razredu	Ljubljana
KUS-G-slo-1-LJ-R-2009/2010-10557	solar321s	solar321t	2009/2010	gimnazija	slovenščina	1. letnik	delo v razredu	Ljubljana
KUS-G-slo-1-LJ-R-2009/2010-10558	solar322s	solar322t	2009/2010	gimnazija	slovenščina	1. letnik	delo v razredu	Ljubljana
KUS-G-slo-1-LJ-R-2009/2010-10559	solar323s	solar323t	2009/2010	gimnazija	slovenščina	1. letnik	delo v razredu	Ljubljana
KUS-G-slo-1-LJ-R-2009/2010-10560	solar324s	solar324t	2009/2010	gimnazija	slovenščina	1. letnik	delo v razredu	Ljubljana
KUS-G-slo-1-LJ-R-2009/2010-10561	solar325s	solar325t	2009/2010	gimnazija	slovenščina	1. letnik	delo v razredu	Ljubljana
KUS-G-slo-1-LJ-R-2009/2010-10562	solar326s	solar326t	2009/2010	gimnazija	slovenščina	1. letnik	delo v razredu	Ljubljana
KUS-G-slo-1-LJ-R-2009/2010-10563	solar327s	solar327t	2009/2010	gimnazija	slovenščina	1. letnik	delo v razredu	Ljubljana
KUS-G-slo-1-LJ-R-2009/2010-10564	solar328s	solar328t	2009/2010	gimnazija	slovenščina	1. letnik	delo v razredu	Ljubljana
KUS-G-slo-1-LJ-R-2009/2010-10565	solar329s	solar329t	2009/2010	gimnazija	slovenščina	1. letnik	delo v razredu	Ljubljana
KUS-G-slo-1-LJ-R-2009/2010-10566	solar330s	solar330t	2009/2010	gimnazija	slovenščina	1. letnik	delo v razredu	Ljubljana
KUS-G-slo-1-LJ-R-2009/2010-10567	solar331s	solar331t	2009/2010	gimnazija	slovenščina	1. letnik	delo v razredu	Ljubljana
KUS-G-slo-1-LJ-R-2009/2010-10568	solar332s	solar332t	2009/2010	gimnazija	slovenščina	1. letnik	delo v razredu	Ljubljana
KUS-G-slo-1-LJ-R-2009/2010-10569	solar333s	solar333t	2009/2010	gimnazija	slovenščina	1. letnik	delo v razredu	Ljubljana
KUS-G-slo-1-LJ-R-2009/2010-10570	solar334s	solar334t	2009/2010	gimnazija	slovenščina	1. letnik	delo v razredu	Ljubljana
KUS-G-slo-1-LJ-R-2009/2010-10571	solar335s	solar335t	2009/2010	gimnazija	slovenščina	1. letnik	delo v razredu	Ljubljana
KUS-G-slo-1-LJ-R-2009/2010-10572	solar336s	solar336t	2009/2010	gimnazija	slovenščina	1. letnik	delo v razredu	Ljubljana
KUS-G-slo-1-LJ-R-2009/2010-10573	solar337s	solar337t	2009/2010	gimnazija	slovenščina	1. letnik	delo v razredu	Ljubljana
KUS-G-slo-1-LJ-R-2009/2010-10574	solar338s	solar338t	2009/2010	gimnazija	slovenščina	1. letnik	delo v razredu	Ljubljana
KUS-G-slo-1-LJ-R-2009/2010-10575	solar339s	solar339t	2009/2010	gimnazija	slovenščina	1. letnik	delo v razredu	Ljubljana
KUS-G-slo-1-LJ-R-2009/2010-10576	solar340s	solar340t	2009/2010	gimnazija	slovenščina	1. letnik	delo v razredu	Ljubljana
KUS-G-slo-1-LJ-R-2009/2010-10577	solar341s	solar341t	2009/2010	gimnazija	slovenščina	1. letnik	delo v razredu	Ljubljana
KUS-G-slo-1-LJ-R-2009/2010-10578	solar342s	solar342t	2009/2010	gimnazija	slovenščina	1. letnik	delo v razredu	Ljubljana
KUS-G-slo-1-LJ-R-2009/2010-10579	solar343s	solar343t	2009/2010	gimnazija	slovenščina	1. letnik	delo v razredu	Ljubljana
KUS-G-slo-1-LJ-R-2009/2010-10580	solar344s	solar344t	2009/2010	gimnazija	slovenščina	1. letnik	delo v razredu	Ljubljana
KUS-G-slo-1-LJ-R-2009/2010-10581	solar345s	solar345t	2009/2010	gimnazija	slovenščina	1. letnik	delo v razredu	Ljubljana
KUS-G-slo-1-LJ-R-2009/2010-10582	solar346s	solar346t	2009/2010	gimnazija	slovenščina	1. letnik	delo v razredu	Ljubljana
KUS-G-slo-1-LJ-R-2009/2010-10583	solar347s	solar347t	2009/2010	gimnazija	slovenščina	1. letnik	delo v razredu	Ljubljana
KUS-G-slo-1-LJ-R-2009/2010-10584	solar348s	solar348t	2009/2010	gimnazija	slovenščina	1. letnik	delo v razredu	Ljubljana
KUS-G-slo-1-LJ-R-2009/2010-10585	solar349s	solar349t	2009/2010	gimnazija	slovenščina	1. letnik	delo v razredu	Ljubljana
KUS-G-slo-1-LJ-R-2009/2010-10586	solar350s	solar350t	2009/2010	gimnazija	slovenščina	1. letnik	delo v razredu	Ljubljana
KUS-G-slo-1-LJ-R-2009/2010-10587	solar351s	solar351t	2009/2010	gimnazija	slovenščina	1. letnik	delo v razredu	Ljubljana
KUS-G-slo-1-LJ-R-2009/2010-10588	solar352s	solar352t	2009/2010	gimnazija	slovenščina	1. letnik	delo v razredu	Ljubljana
KUS-G-slo-1-LJ-R-2009/2010-10589	solar353s	solar353t	2009/2010	gimnazija	slovenščina	1. letnik	delo v razredu	Ljubljana
KUS-G-slo-1-LJ-R-2009/2010-10590	solar354s	solar354t	2009/2010	gimnazija	slovenščina	1. letnik	delo v razredu	Ljubljana
KUS-G-slo-1-LJ-R-2009/2010-10591	solar355s	solar355t	2009/2010	gimnazija	slovenščina	1. letnik	delo v razredu	Ljubljana
KUS-G-slo-1-LJ-R-2009/2010-10592	solar356s	solar356t	2009/2010	gimnazija	slovenščina	1. letnik	delo v razredu	Ljubljana
KUS-G-slo-1-LJ-R-2009/2010-10594	solar357s	solar357t	2009/2010	gimnazija	slovenščina	1. letnik	delo v razredu	Ljubljana
KUS-G-slo-1-LJ-E-2009/2010-10596	solar358s	solar358t	2009/2010	gimnazija	slovenščina	1. letnik	esej ali spis	Ljubljana
KUS-G-slo-1-LJ-E-2009/2010-10597	solar359s	solar359t	2009/2010	gimnazija	slovenščina	1. letnik	esej ali spis	Ljubljana
KUS-G-slo-1-LJ-E-2009/2010-10598	solar360s	solar360t	2009/2010	gimnazija	slovenščina	1. letnik	esej ali spis	Ljubljana
KUS-G-slo-1-LJ-E-2009/2010-10599	solar361s	solar361t	2009/2010	gimnazija	slovenščina	1. letnik	esej ali spis	Ljubljana
KUS-G-slo-1-LJ-E-2009/2010-10600	solar362s	solar362t	2009/2010	gimnazija	slovenščina	1. letnik	esej ali spis	Ljubljana
KUS-G-slo-1-LJ-E-2009/2010-10601	solar363s	solar363t	2009/2010	gimnazija	slovenščina	1. letnik	esej ali spis	Ljubljana
KUS-G-slo-1-LJ-E-2009/2010-10602	solar364s	solar364t	2009/2010	gimnazija	slovenščina	1. letnik	esej ali spis	Ljubljana
KUS-G-slo-1-LJ-E-2009/2010-10603	solar365s	solar365t	2009/2010	gimnazija	slovenščina	1. letnik	esej ali spis	Ljubljana
KUS-G-slo-1-LJ-E-2009/2010-10604	solar366s	solar366t	2009/2010	gimnazija	slovenščina	1. letnik	esej ali spis	Ljubljana
KUS-G-slo-1-LJ-E-2009/2010-10605	solar367s	solar367t	2009/2010	gimnazija	slovenščina	1. letnik	esej ali spis	Ljubljana
KUS-G-slo-1-LJ-E-2009/2010-10606	solar368s	solar368t	2009/2010	gimnazija	slovenščina	1. letnik	esej ali spis	Ljubljana
KUS-G-slo-1-LJ-E-2009/2010-10607	solar369s	solar369t	2009/2010	gimnazija	slovenščina	1. letnik	esej ali spis	Ljubljana
KUS-G-slo-1-LJ-E-2009/2010-10608	solar370s	solar370t	2009/2010	gimnazija	slovenščina	1. letnik	esej ali spis	Ljubljana
KUS-G-slo-1-LJ-E-2009/2010-10609	solar371s	solar371t	2009/2010	gimnazija	slovenščina	1. letnik	esej ali spis	Ljubljana
KUS-G-slo-1-LJ-E-2009/2010-10610	solar372s	solar372t	2009/2010	gimnazija	slovenščina	1. letnik	esej ali spis	Ljubljana
KUS-G-slo-1-LJ-E-2009/2010-10611	solar373s	solar373t	2009/2010	gimnazija	slovenščina	1. letnik	esej ali spis	Ljubljana
KUS-G-slo-1-LJ-E-2009/2010-10612	solar374s	solar374t	2009/2010	gimnazija	slovenščina	1. letnik	esej ali spis	Ljubljana
KUS-G-slo-1-LJ-E-2009/2010-10613	solar375s	solar375t	2009/2010	gimnazija	slovenščina	1. letnik	esej ali spis	Ljubljana
KUS-G-slo-1-LJ-E-2009/2010-10614	solar376s	solar376t	2009/2010	gimnazija	slovenščina	1. letnik	esej ali spis	Ljubljana
KUS-G-slo-1-LJ-E-2009/2010-10615	solar377s	solar377t	2009/2010	gimnazija	slovenščina	1. letnik	esej ali spis	Ljubljana
KUS-G-slo-1-LJ-E-2009/2010-10616	solar378s	solar378t	2009/2010	gimnazija	slovenščina	1. letnik	esej ali spis	Ljubljana
KUS-G-slo-1-LJ-E-2009/2010-10617	solar379s	solar379t	2009/2010	gimnazija	slovenščina	1. letnik	esej ali spis	Ljubljana
KUS-G-slo-1-LJ-E-2009/2010-10618	solar380s	solar380t	2009/2010	gimnazija	slovenščina	1. letnik	esej ali spis	Ljubljana
KUS-G-slo-1-LJ-E-2009/2010-10619	solar381s	solar381t	2009/2010	gimnazija	slovenščina	1. letnik	esej ali spis	Ljubljana
KUS-G-slo-1-LJ-E-2009/2010-10620	solar382s	solar382t	2009/2010	gimnazija	slovenščina	1. letnik	esej ali spis	Ljubljana
KUS-G-slo-1-LJ-E-2009/2010-10621	solar383s	solar383t	2009/2010	gimnazija	slovenščina	1. letnik	esej ali spis	Ljubljana
KUS-G-slo-1-LJ-E-2009/2010-10622	solar384s	solar384t	2009/2010	gimnazija	slovenščina	1. letnik	esej ali spis	Ljubljana
KUS-G-slo-1-LJ-E-2009/2010-10623	solar385s	solar385t	2009/2010	gimnazija	slovenščina	1. letnik	esej ali spis	Ljubljana
KUS-G-slo-1-LJ-E-2009/2010-10624	solar386s	solar386t	2009/2010	gimnazija	slovenščina	1. letnik	esej ali spis	Ljubljana
KUS-G-slo-1-LJ-E-2009/2010-10625	solar387s	solar387t	2009/2010	gimnazija	slovenščina	1. letnik	esej ali spis	Ljubljana
KUS-G-slo-1-LJ-E-2009/2010-10626	solar388s	solar388t	2009/2010	gimnazija	slovenščina	1. letnik	esej ali spis	Ljubljana
KUS-G-slo-1-LJ-E-2009/2010-10627	solar389s	solar389t	2009/2010	gimnazija	slovenščina	1. letnik	esej ali spis	Ljubljana
KUS-G-slo-1-LJ-E-2009/2010-10628	solar390s	solar390t	2009/2010	gimnazija	slovenščina	1. letnik	esej ali spis	Ljubljana
KUS-G-slo-1-LJ-E-2009/2010-10629	solar391s	solar391t	2009/2010	gimnazija	slovenščina	1. letnik	esej ali spis	Ljubljana
KUS-G-slo-1-LJ-E-2009/2010-10630	solar392s	solar392t	2009/2010	gimnazija	slovenščina	1. letnik	esej ali spis	Ljubljana
KUS-G-slo-1-LJ-E-2009/2010-10631	solar393s	solar393t	2009/2010	gimnazija	slovenščina	1. letnik	esej ali spis	Ljubljana
KUS-G-slo-1-LJ-E-2009/2010-10632	solar394s	solar394t	2009/2010	gimnazija	slovenščina	1. letnik	esej ali spis	Ljubljana
KUS-G-slo-1-LJ-E-2009/2010-10633	solar395s	solar395t	2009/2010	gimnazija	slovenščina	1. letnik	esej ali spis	Ljubljana
KUS-G-slo-3-LJ-E-2009/2010-10634	solar396s	solar396t	2009/2010	gimnazija	slovenščina	3. letnik	esej ali spis	Ljubljana
KUS-G-slo-3-LJ-E-2009/2010-10635	solar397s	solar397t	2009/2010	gimnazija	slovenščina	3. letnik	esej ali spis	Ljubljana
KUS-G-slo-3-LJ-E-2009/2010-10636	solar398s	solar398t	2009/2010	gimnazija	slovenščina	3. letnik	esej ali spis	Ljubljana
KUS-G-slo-3-LJ-E-2009/2010-10637	solar399s	solar399t	2009/2010	gimnazija	slovenščina	3. letnik	esej ali spis	Ljubljana
KUS-G-slo-3-LJ-E-2009/2010-10638	solar400s	solar400t	2009/2010	gimnazija	slovenščina	3. letnik	esej ali spis	Ljubljana
KUS-G-slo-3-LJ-E-2009/2010-10639	solar401s	solar401t	2009/2010	gimnazija	slovenščina	3. letnik	esej ali spis	Ljubljana
KUS-G-slo-3-LJ-E-2009/2010-10640	solar402s	solar402t	2009/2010	gimnazija	slovenščina	3. letnik	esej ali spis	Ljubljana
KUS-G-slo-3-LJ-E-2009/2010-10641	solar403s	solar403t	2009/2010	gimnazija	slovenščina	3. letnik	esej ali spis	Ljubljana
KUS-G-slo-3-LJ-E-2009/2010-10642	solar404s	solar404t	2009/2010	gimnazija	slovenščina	3. letnik	esej ali spis	Ljubljana
KUS-G-slo-3-LJ-E-2009/2010-10643	solar405s	solar405t	2009/2010	gimnazija	slovenščina	3. letnik	esej ali spis	Ljubljana
KUS-G-slo-4-LJ-E-2009-10644	solar406s	solar406t	2009	gimnazija	slovenščina	4. letnik	esej ali spis	Ljubljana
KUS-G-slo-3-LJ-E-2009/2010-10646	solar407s	solar407t	2009/2010	gimnazija	slovenščina	3. letnik	esej ali spis	Ljubljana
KUS-G-slo-3-LJ-E-2009/2010-10647	solar408s	solar408t	2009/2010	gimnazija	slovenščina	3. letnik	esej ali spis	Ljubljana
KUS-G-slo-3-LJ-E-2009/2010-10648	solar409s	solar409t	2009/2010	gimnazija	slovenščina	3. letnik	esej ali spis	Ljubljana
KUS-G-slo-2-CE-R-2010-10706	solar410s	solar410t	2010	gimnazija	slovenščina	2. letnik	delo v razredu	Maribor
KUS-G-slo-2-CE-R-2010-10707	solar411s	solar411t	2010	gimnazija	slovenščina	2. letnik	delo v razredu	Maribor
KUS-G-slo-2-CE-R-2010-10708	solar412s	solar412t	2010	gimnazija	slovenščina	2. letnik	delo v razredu	Maribor
KUS-G-slo-2-CE-R-2010-10709	solar413s	solar413t	2010	gimnazija	slovenščina	2. letnik	delo v razredu	Maribor
KUS-G-slo-2-CE-R-2010-10711	solar414s	solar414t	2010	gimnazija	slovenščina	2. letnik	delo v razredu	Maribor
KUS-G-slo-2-CE-R-2010-10712	solar415s	solar415t	2010	gimnazija	slovenščina	2. letnik	delo v razredu	Maribor
KUS-G-slo-2-CE-R-2010-10713	solar416s	solar416t	2010	gimnazija	slovenščina	2. letnik	delo v razredu	Maribor
KUS-G-slo-2-CE-R-2010-10714	solar417s	solar417t	2010	gimnazija	slovenščina	2. letnik	delo v razredu	Maribor
KUS-G-slo-2-CE-R-2010-10715	solar418s	solar418t	2010	gimnazija	slovenščina	2. letnik	delo v razredu	Maribor
KUS-G-slo-2-CE-R-2010-10716	solar419s	solar419t	2010	gimnazija	slovenščina	2. letnik	delo v razredu	Maribor
KUS-G-slo-2-CE-R-2010-10717	solar420s	solar420t	2010	gimnazija	slovenščina	2. letnik	delo v razredu	Maribor
KUS-G-slo-2-CE-R-2010-10718	solar421s	solar421t	2010	gimnazija	slovenščina	2. letnik	delo v razredu	Maribor
KUS-G-slo-2-CE-R-2010-10719	solar422s	solar422t	2010	gimnazija	slovenščina	2. letnik	delo v razredu	Maribor
KUS-G-slo-2-CE-R-2010-10720	solar423s	solar423t	2010	gimnazija	slovenščina	2. letnik	delo v razredu	Maribor
KUS-G-slo-2-CE-R-2010-10723	solar424s	solar424t	2010	gimnazija	slovenščina	2. letnik	delo v razredu	Maribor
KUS-G-slo-2-CE-R-2010-10724	solar425s	solar425t	2010	gimnazija	slovenščina	2. letnik	delo v razredu	Maribor
KUS-G-slo-2-CE-R-2010-10725	solar426s	solar426t	2010	gimnazija	slovenščina	2. letnik	delo v razredu	Maribor
KUS-G-slo-2-CE-R-2010-10726	solar427s	solar427t	2010	gimnazija	slovenščina	2. letnik	delo v razredu	Celje
KUS-G-slo-2-CE-R-2010-10727	solar428s	solar428t	2010	gimnazija	slovenščina	2. letnik	delo v razredu	Celje
KUS-G-slo-2-CE-R-2010-10728	solar429s	solar429t	2010	gimnazija	slovenščina	2. letnik	delo v razredu	Celje
KUS-G-slo-2-CE-R-2010-10729	solar430s	solar430t	2010	gimnazija	slovenščina	2. letnik	delo v razredu	Celje
KUS-G-slo-2-CE-R-2010-10730	solar431s	solar431t	2010	gimnazija	slovenščina	2. letnik	delo v razredu	Celje
KUS-G-slo-2-CE-R-2010-10731	solar432s	solar432t	2010	gimnazija	slovenščina	2. letnik	delo v razredu	Celje
KUS-G-slo-2-CE-R-2010-10732	solar433s	solar433t	2010	gimnazija	slovenščina	2. letnik	delo v razredu	Celje
KUS-G-slo-2-CE-R-2010-10733	solar434s	solar434t	2010	gimnazija	slovenščina	2. letnik	delo v razredu	Celje
KUS-G-slo-2-CE-R-2010-10734	solar435s	solar435t	2010	gimnazija	slovenščina	2. letnik	delo v razredu	Celje
KUS-G-slo-2-CE-R-2010-10735	solar436s	solar436t	2010	gimnazija	slovenščina	2. letnik	delo v razredu	Celje
KUS-G-slo-2-CE-R-2010-10736	solar437s	solar437t	2010	gimnazija	slovenščina	2. letnik	delo v razredu	Celje
KUS-G-slo-2-CE-R-2010-10737	solar438s	solar438t	2010	gimnazija	slovenščina	2. letnik	delo v razredu	Celje
KUS-G-slo-2-CE-R-2010-10738	solar439s	solar439t	2010	gimnazija	slovenščina	2. letnik	delo v razredu	Celje
KUS-G-slo-2-CE-R-2010-10739	solar440s	solar440t	2010	gimnazija	slovenščina	2. letnik	delo v razredu	Celje
KUS-G-slo-2-CE-R-2010-10740	solar441s	solar441t	2010	gimnazija	slovenščina	2. letnik	delo v razredu	Celje
KUS-G-slo-2-CE-R-2010-10741	solar442s	solar442t	2010	gimnazija	slovenščina	2. letnik	delo v razredu	Celje
KUS-G-slo-2-CE-R-2010-10742	solar443s	solar443t	2010	gimnazija	slovenščina	2. letnik	delo v razredu	Celje
KUS-G-slo-2-CE-R-2010-10743	solar444s	solar444t	2010	gimnazija	slovenščina	2. letnik	delo v razredu	Celje
KUS-G-slo-2-CE-R-2010-10744	solar445s	solar445t	2010	gimnazija	slovenščina	2. letnik	delo v razredu	Celje
KUS-G-slo-2-CE-R-2010-10745	solar446s	solar446t	2010	gimnazija	slovenščina	2. letnik	delo v razredu	Celje
KUS-G-slo-2-CE-R-2010-10746	solar447s	solar447t	2010	gimnazija	slovenščina	2. letnik	delo v razredu	Celje
KUS-G-slo-2-CE-R-2010-10747	solar448s	solar448t	2010	gimnazija	slovenščina	2. letnik	delo v razredu	Celje
KUS-G-slo-2-CE-R-2010-10748	solar449s	solar449t	2010	gimnazija	slovenščina	2. letnik	delo v razredu	Celje
KUS-G-slo-2-CE-R-2010-10749	solar450s	solar450t	2010	gimnazija	slovenščina	2. letnik	delo v razredu	Celje
KUS-G-slo-2-CE-R-2010-10750	solar451s	solar451t	2010	gimnazija	slovenščina	2. letnik	delo v razredu	Celje
KUS-G-slo-2-CE-R-2010-10751	solar452s	solar452t	2010	gimnazija	slovenščina	2. letnik	delo v razredu	Celje
KUS-G-slo-2-CE-R-2010-10752	solar453s	solar453t	2010	gimnazija	slovenščina	2. letnik	delo v razredu	Celje
KUS-G-slo-2-CE-R-2010-10753	solar454s	solar454t	2010	gimnazija	slovenščina	2. letnik	delo v razredu	Celje
KUS-G-slo-2-CE-R-2010-10754	solar455s	solar455t	2010	gimnazija	slovenščina	2. letnik	delo v razredu	Celje
KUS-G-slo-2-CE-R-2010-10755	solar456s	solar456t	2010	gimnazija	slovenščina	2. letnik	delo v razredu	Celje
KUS-G-slo-2-CE-R-2010-10756	solar457s	solar457t	2010	gimnazija	slovenščina	2. letnik	delo v razredu	Celje
KUS-G-slo-2-CE-R-2010-10757	solar458s	solar458t	2010	gimnazija	slovenščina	2. letnik	delo v razredu	Celje
KUS-G-slo-2-CE-R-2010-10758	solar459s	solar459t	2010	gimnazija	slovenščina	2. letnik	delo v razredu	Celje
KUS-G-slo-2-CE-R-2010-10759	solar460s	solar460t	2010	gimnazija	slovenščina	2. letnik	delo v razredu	Celje
KUS-G-slo-2-CE-R-2010-10760	solar461s	solar461t	2010	gimnazija	slovenščina	2. letnik	delo v razredu	Celje
KUS-G-slo-2-CE-R-2010-10761	solar462s	solar462t	2010	gimnazija	slovenščina	2. letnik	delo v razredu	Celje
KUS-G-slo-1-CE-E-2010-10762	solar463s	solar463t	2010	gimnazija	slovenščina	1. letnik	esej ali spis	Celje
KUS-G-slo-1-CE-E-2010-10763	solar464s	solar464t	2010	gimnazija	slovenščina	1. letnik	esej ali spis	Celje
KUS-G-slo-1-CE-E-2010-10764	solar465s	solar465t	2010	gimnazija	slovenščina	1. letnik	esej ali spis	Celje
KUS-G-slo-1-CE-E-2010-10765	solar466s	solar466t	2010	gimnazija	slovenščina	1. letnik	esej ali spis	Celje
KUS-G-slo-1-CE-E-2010-10766	solar467s	solar467t	2010	gimnazija	slovenščina	1. letnik	esej ali spis	Celje
KUS-G-slo-1-CE-E-2010-10767	solar468s	solar468t	2010	gimnazija	slovenščina	1. letnik	esej ali spis	Celje
KUS-G-slo-1-CE-E-2010-10768	solar469s	solar469t	2010	gimnazija	slovenščina	1. letnik	esej ali spis	Celje
KUS-G-slo-1-CE-E-2010-10769	solar470s	solar470t	2010	gimnazija	slovenščina	1. letnik	esej ali spis	Celje
KUS-G-slo-1-CE-E-2010-10770	solar471s	solar471t	2010	gimnazija	slovenščina	1. letnik	esej ali spis	Celje
KUS-G-slo-1-CE-E-2010-10771	solar472s	solar472t	2010	gimnazija	slovenščina	1. letnik	esej ali spis	Celje
KUS-G-slo-1-CE-E-2010-10772	solar473s	solar473t	2010	gimnazija	slovenščina	1. letnik	esej ali spis	Celje
KUS-G-slo-1-CE-E-2010-10773	solar474s	solar474t	2010	gimnazija	slovenščina	1. letnik	esej ali spis	Celje
KUS-G-slo-1-CE-E-2010-10774	solar475s	solar475t	2010	gimnazija	slovenščina	1. letnik	esej ali spis	Celje
KUS-G-slo-1-CE-E-2010-10775	solar476s	solar476t	2010	gimnazija	slovenščina	1. letnik	esej ali spis	Celje
KUS-G-slo-1-CE-E-2010-10776	solar477s	solar477t	2010	gimnazija	slovenščina	1. letnik	esej ali spis	Celje
KUS-G-slo-1-CE-E-2010-10777	solar478s	solar478t	2010	gimnazija	slovenščina	1. letnik	esej ali spis	Celje
KUS-G-slo-1-CE-E-2010-10778	solar479s	solar479t	2010	gimnazija	slovenščina	1. letnik	esej ali spis	Celje
KUS-G-slo-1-CE-E-2010-10779	solar480s	solar480t	2010	gimnazija	slovenščina	1. letnik	esej ali spis	Celje
KUS-G-slo-1-CE-E-2010-10780	solar481s	solar481t	2010	gimnazija	slovenščina	1. letnik	esej ali spis	Celje
KUS-G-slo-1-CE-E-2010-10781	solar482s	solar482t	2010	gimnazija	slovenščina	1. letnik	esej ali spis	Celje
KUS-G-slo-1-CE-E-2010-10782	solar483s	solar483t	2010	gimnazija	slovenščina	1. letnik	esej ali spis	Celje
KUS-G-slo-1-CE-E-2009/2010-10783	solar484s	solar484t	2009/2010	gimnazija	slovenščina	1. letnik	esej ali spis	Celje
KUS-G-slo-1-CE-E-2009/2010-10784	solar485s	solar485t	2009/2010	gimnazija	slovenščina	1. letnik	esej ali spis	Celje
KUS-G-slo-1-CE-E-2009/2010-10785	solar486s	solar486t	2009/2010	gimnazija	slovenščina	1. letnik	esej ali spis	Celje
KUS-G-slo-1-CE-E-2009/2010-10786	solar487s	solar487t	2009/2010	gimnazija	slovenščina	1. letnik	esej ali spis	Celje
KUS-G-slo-1-CE-E-2009/2010-10787	solar488s	solar488t	2009/2010	gimnazija	slovenščina	1. letnik	esej ali spis	Celje
KUS-G-slo-1-CE-E-2009/2010-10788	solar489s	solar489t	2009/2010	gimnazija	slovenščina	1. letnik	esej ali spis	Celje
KUS-G-slo-1-CE-E-2009/2010-10789	solar490s	solar490t	2009/2010	gimnazija	slovenščina	1. letnik	esej ali spis	Celje
KUS-G-slo-1-CE-E-2009/2010-10790	solar491s	solar491t	2009/2010	gimnazija	slovenščina	1. letnik	esej ali spis	Celje
KUS-G-slo-1-CE-E-2009/2010-10791	solar492s	solar492t	2009/2010	gimnazija	slovenščina	1. letnik	esej ali spis	Celje
KUS-G-slo-1-CE-E-2009/2010-10792	solar493s	solar493t	2009/2010	gimnazija	slovenščina	1. letnik	esej ali spis	Celje
KUS-G-slo-1-CE-E-2009/2010-10793	solar494s	solar494t	2009/2010	gimnazija	slovenščina	1. letnik	esej ali spis	Celje
KUS-G-slo-1-CE-E-2009/2010-10794	solar495s	solar495t	2009/2010	gimnazija	slovenščina	1. letnik	esej ali spis	Celje
KUS-G-slo-1-CE-E-2009/2010-10795	solar496s	solar496t	2009/2010	gimnazija	slovenščina	1. letnik	esej ali spis	Celje
KUS-G-slo-1-CE-E-2009/2010-10796	solar497s	solar497t	2009/2010	gimnazija	slovenščina	1. letnik	esej ali spis	Celje
KUS-G-slo-1-CE-E-2009/2010-10797	solar498s	solar498t	2009/2010	gimnazija	slovenščina	1. letnik	esej ali spis	Celje
KUS-G-slo-1-CE-E-2009/2010-10798	solar499s	solar499t	2009/2010	gimnazija	slovenščina	1. letnik	esej ali spis	Celje
KUS-G-slo-1-CE-E-2009/2010-10799	solar500s	solar500t	2009/2010	gimnazija	slovenščina	1. letnik	esej ali spis	Celje
KUS-G-slo-1-CE-E-2009/2010-10800	solar501s	solar501t	2009/2010	gimnazija	slovenščina	1. letnik	esej ali spis	Celje
KUS-G-slo-1-CE-E-2009/2010-10801	solar502s	solar502t	2009/2010	gimnazija	slovenščina	1. letnik	esej ali spis	Celje
KUS-G-slo-1-CE-E-2009/2010-10802	solar503s	solar503t	2009/2010	gimnazija	slovenščina	1. letnik	esej ali spis	Celje
KUS-G-slo-1-CE-E-2009/2010-10803	solar504s	solar504t	2009/2010	gimnazija	slovenščina	1. letnik	esej ali spis	Celje
KUS-G-slo-1-CE-E-2009/2010-10804	solar505s	solar505t	2009/2010	gimnazija	slovenščina	1. letnik	esej ali spis	Celje
KUS-G-slo-1-CE-E-2009/2010-10805	solar506s	solar506t	2009/2010	gimnazija	slovenščina	1. letnik	esej ali spis	Celje
KUS-G-slo-2-CE-E-2009/2010-10806	solar507s	solar507t	2009/2010	gimnazija	slovenščina	2. letnik	esej ali spis	Celje
KUS-G-slo-2-CE-E-2009/2010-10807	solar508s	solar508t	2009/2010	gimnazija	slovenščina	2. letnik	esej ali spis	Celje
KUS-G-slo-2-CE-E-2009/2010-10808	solar509s	solar509t	2009/2010	gimnazija	slovenščina	2. letnik	esej ali spis	Celje
KUS-G-slo-2-CE-E-2009/2010-10809	solar510s	solar510t	2009/2010	gimnazija	slovenščina	2. letnik	esej ali spis	Celje
KUS-G-slo-2-CE-E-2009/2010-10810	solar511s	solar511t	2009/2010	gimnazija	slovenščina	2. letnik	esej ali spis	Celje
KUS-G-slo-3-CE-E-2009/2010-10811	solar512s	solar512t	2009/2010	gimnazija	slovenščina	3. letnik	esej ali spis	Celje
KUS-G-slo-3-CE-E-2009/2010-10812	solar513s	solar513t	2009/2010	gimnazija	slovenščina	3. letnik	esej ali spis	Celje
KUS-G-slo-3-CE-E-2009/2010-10813	solar514s	solar514t	2009/2010	gimnazija	slovenščina	3. letnik	esej ali spis	Celje
KUS-G-slo-3-CE-E-2009/2010-10814	solar515s	solar515t	2009/2010	gimnazija	slovenščina	3. letnik	esej ali spis	Celje
KUS-G-slo-3-CE-E-2009/2010-10815	solar516s	solar516t	2009/2010	gimnazija	slovenščina	3. letnik	esej ali spis	Celje
KUS-G-slo-3-CE-E-2009/2010-10816	solar517s	solar517t	2009/2010	gimnazija	slovenščina	3. letnik	esej ali spis	Celje
KUS-G-slo-3-CE-E-2009/2010-10817	solar518s	solar518t	2009/2010	gimnazija	slovenščina	3. letnik	esej ali spis	Celje
KUS-G-slo-3-CE-E-2009/2010-10818	solar519s	solar519t	2009/2010	gimnazija	slovenščina	3. letnik	esej ali spis	Celje
KUS-G-slo-3-CE-E-2009/2010-10819	solar520s	solar520t	2009/2010	gimnazija	slovenščina	3. letnik	esej ali spis	Celje
KUS-G-slo-3-CE-E-2009/2010-10820	solar521s	solar521t	2009/2010	gimnazija	slovenščina	3. letnik	esej ali spis	Celje
KUS-G-slo-3-CE-E-2009/2010-10821	solar522s	solar522t	2009/2010	gimnazija	slovenščina	3. letnik	esej ali spis	Celje
KUS-G-slo-3-CE-E-2009/2010-10822	solar523s	solar523t	2009/2010	gimnazija	slovenščina	3. letnik	esej ali spis	Celje
KUS-G-slo-3-CE-E-2009/2010-10823	solar524s	solar524t	2009/2010	gimnazija	slovenščina	3. letnik	esej ali spis	Celje
KUS-G-slo-3-CE-E-2009/2010-10824	solar525s	solar525t	2009/2010	gimnazija	slovenščina	3. letnik	esej ali spis	Celje
KUS-G-slo-3-CE-E-2009/2010-10825	solar526s	solar526t	2009/2010	gimnazija	slovenščina	3. letnik	esej ali spis	Celje
KUS-G-slo-3-CE-E-2009/2010-10826	solar527s	solar527t	2009/2010	gimnazija	slovenščina	3. letnik	esej ali spis	Celje
KUS-G-slo-3-CE-E-2009/2010-10827	solar528s	solar528t	2009/2010	gimnazija	slovenščina	3. letnik	esej ali spis	Celje
KUS-G-slo-3-CE-E-2009/2010-10828	solar529s	solar529t	2009/2010	gimnazija	slovenščina	3. letnik	esej ali spis	Celje
KUS-G-slo-3-CE-E-2009/2010-10829	solar530s	solar530t	2009/2010	gimnazija	slovenščina	3. letnik	esej ali spis	Celje
KUS-G-slo-3-CE-E-2009/2010-10830	solar531s	solar531t	2009/2010	gimnazija	slovenščina	3. letnik	esej ali spis	Celje
KUS-G-slo-3-CE-E-2009/2010-10831	solar532s	solar532t	2009/2010	gimnazija	slovenščina	3. letnik	esej ali spis	Celje
KUS-G-slo-3-CE-E-2009/2010-10832	solar533s	solar533t	2009/2010	gimnazija	slovenščina	3. letnik	esej ali spis	Celje
KUS-G-slo-3-CE-E-2009/2010-10833	solar534s	solar534t	2009/2010	gimnazija	slovenščina	3. letnik	esej ali spis	Celje
KUS-G-slo-3-CE-E-2009/2010-10834	solar535s	solar535t	2009/2010	gimnazija	slovenščina	3. letnik	esej ali spis	Celje
KUS-G-slo-3-CE-E-2009/2010-10835	solar536s	solar536t	2009/2010	gimnazija	slovenščina	3. letnik	esej ali spis	Celje
KUS-G-slo-3-CE-E-2009/2010-10836	solar537s	solar537t	2009/2010	gimnazija	slovenščina	3. letnik	esej ali spis	Celje
KUS-G-slo-3-CE-E-2009/2010-10837	solar538s	solar538t	2009/2010	gimnazija	slovenščina	3. letnik	esej ali spis	Celje
KUS-G-slo-3-CE-E-2009/2010-10838	solar539s	solar539t	2009/2010	gimnazija	slovenščina	3. letnik	esej ali spis	Celje
KUS-G-slo-3-CE-E-2009/2010-10839	solar540s	solar540t	2009/2010	gimnazija	slovenščina	3. letnik	esej ali spis	Celje
KUS-G-slo-3-CE-E-2009/2010-10840	solar541s	solar541t	2009/2010	gimnazija	slovenščina	3. letnik	esej ali spis	Celje
KUS-G-slo-3-CE-E-2009/2010-10841	solar542s	solar542t	2009/2010	gimnazija	slovenščina	3. letnik	esej ali spis	Celje
KUS-G-slo-3-CE-E-2009/2010-10842	solar543s	solar543t	2009/2010	gimnazija	slovenščina	3. letnik	esej ali spis	Celje
KUS-G-slo-3-CE-E-2009/2010-10843	solar544s	solar544t	2009/2010	gimnazija	slovenščina	3. letnik	esej ali spis	Celje
KUS-G-slo-3-CE-E-2009/2010-10844	solar545s	solar545t	2009/2010	gimnazija	slovenščina	3. letnik	esej ali spis	Celje
KUS-G-slo-3-CE-E-2009/2010-10845	solar546s	solar546t	2009/2010	gimnazija	slovenščina	3. letnik	esej ali spis	Celje
KUS-G-slo-3-CE-E-2009/2010-10846	solar547s	solar547t	2009/2010	gimnazija	slovenščina	3. letnik	esej ali spis	Celje
KUS-G-slo-3-CE-E-2009/2010-10847	solar548s	solar548t	2009/2010	gimnazija	slovenščina	3. letnik	esej ali spis	Celje
KUS-G-slo-3-CE-E-2009/2010-10848	solar549s	solar549t	2009/2010	gimnazija	slovenščina	3. letnik	esej ali spis	Celje
KUS-G-slo-3-CE-E-2009/2010-10849	solar550s	solar550t	2009/2010	gimnazija	slovenščina	3. letnik	esej ali spis	Celje
KUS-G-slo-3-CE-R-2009/2010-10852	solar551s	solar551t	2009/2010	gimnazija	slovenščina	3. letnik	delo v razredu	Celje
KUS-G-slo-3-CE-R-2009/2010-10853	solar552s	solar552t	2009/2010	gimnazija	slovenščina	3. letnik	delo v razredu	Celje
KUS-G-slo-3-CE-R-2009/2010-10854	solar553s	solar553t	2009/2010	gimnazija	slovenščina	3. letnik	delo v razredu	Celje
KUS-G-slo-3-CE-R-2009/2010-10855	solar554s	solar554t	2009/2010	gimnazija	slovenščina	3. letnik	delo v razredu	Celje
KUS-G-slo-3-CE-R-2009/2010-10856	solar555s	solar555t	2009/2010	gimnazija	slovenščina	3. letnik	delo v razredu	Celje
KUS-G-slo-3-CE-R-2009/2010-10857	solar556s	solar556t	2009/2010	gimnazija	slovenščina	3. letnik	delo v razredu	Celje
KUS-G-slo-3-CE-R-2009/2010-10858	solar557s	solar557t	2009/2010	gimnazija	slovenščina	3. letnik	delo v razredu	Celje
KUS-G-slo-3-CE-R-2009/2010-10859	solar558s	solar558t	2009/2010	gimnazija	slovenščina	3. letnik	delo v razredu	Celje
KUS-G-slo-3-CE-R-2009/2010-10860	solar559s	solar559t	2009/2010	gimnazija	slovenščina	3. letnik	delo v razredu	Celje
KUS-G-slo-3-CE-R-2009/2010-10861	solar560s	solar560t	2009/2010	gimnazija	slovenščina	3. letnik	delo v razredu	Celje
KUS-G-slo-3-CE-R-2009/2010-10862	solar561s	solar561t	2009/2010	gimnazija	slovenščina	3. letnik	delo v razredu	Celje
KUS-G-slo-3-CE-R-2009/2010-10863	solar562s	solar562t	2009/2010	gimnazija	slovenščina	3. letnik	delo v razredu	Celje
KUS-G-slo-3-CE-R-2009/2010-10864	solar563s	solar563t	2009/2010	gimnazija	slovenščina	3. letnik	delo v razredu	Celje
KUS-G-slo-3-CE-R-2009/2010-10865	solar564s	solar564t	2009/2010	gimnazija	slovenščina	3. letnik	delo v razredu	Celje
KUS-G-slo-3-CE-R-2009/2010-10866	solar565s	solar565t	2009/2010	gimnazija	slovenščina	3. letnik	delo v razredu	Celje
KUS-G-slo-3-CE-R-2009/2010-10867	solar566s	solar566t	2009/2010	gimnazija	slovenščina	3. letnik	delo v razredu	Celje
KUS-G-slo-3-CE-R-2009/2010-10868	solar567s	solar567t	2009/2010	gimnazija	slovenščina	3. letnik	delo v razredu	Celje
KUS-G-slo-3-CE-R-2009/2010-10869	solar568s	solar568t	2009/2010	gimnazija	slovenščina	3. letnik	delo v razredu	Celje
KUS-G-slo-3-CE-R-2009/2010-10870	solar569s	solar569t	2009/2010	gimnazija	slovenščina	3. letnik	delo v razredu	Celje
KUS-G-slo-3-CE-R-2009/2010-10871	solar570s	solar570t	2009/2010	gimnazija	slovenščina	3. letnik	delo v razredu	Celje
KUS-G-slo-3-CE-R-2009/2010-10872	solar571s	solar571t	2009/2010	gimnazija	slovenščina	3. letnik	delo v razredu	Celje
KUS-G-slo-3-CE-E-2009/2010-10873	solar572s	solar572t	2009/2010	gimnazija	slovenščina	3. letnik	esej ali spis	Celje
KUS-G-slo-3-CE-E-2009/2010-10874	solar573s	solar573t	2009/2010	gimnazija	slovenščina	3. letnik	esej ali spis	Celje
KUS-G-slo-3-CE-E-2009/2010-10875	solar574s	solar574t	2009/2010	gimnazija	slovenščina	3. letnik	esej ali spis	Celje
KUS-G-slo-3-CE-E-2009/2010-10876	solar575s	solar575t	2009/2010	gimnazija	slovenščina	3. letnik	esej ali spis	Celje
KUS-G-slo-3-CE-E-2009/2010-10877	solar576s	solar576t	2009/2010	gimnazija	slovenščina	3. letnik	esej ali spis	Celje
KUS-G-slo-3-CE-E-2009/2010-10878	solar577s	solar577t	2009/2010	gimnazija	slovenščina	3. letnik	esej ali spis	Celje
KUS-G-slo-3-CE-E-2009/2010-10879	solar578s	solar578t	2009/2010	gimnazija	slovenščina	3. letnik	esej ali spis	Celje
KUS-G-slo-3-CE-E-2009/2010-10880	solar579s	solar579t	2009/2010	gimnazija	slovenščina	3. letnik	esej ali spis	Celje
KUS-G-slo-3-CE-E-2009/2010-10881	solar580s	solar580t	2009/2010	gimnazija	slovenščina	3. letnik	esej ali spis	Celje
KUS-G-slo-3-CE-E-2009/2010-10882	solar581s	solar581t	2009/2010	gimnazija	slovenščina	3. letnik	esej ali spis	Celje
KUS-G-slo-3-CE-E-2009/2010-10883	solar582s	solar582t	2009/2010	gimnazija	slovenščina	3. letnik	esej ali spis	Celje
KUS-G-slo-3-CE-E-2009/2010-10884	solar583s	solar583t	2009/2010	gimnazija	slovenščina	3. letnik	esej ali spis	Celje
KUS-G-slo-3-CE-E-2009/2010-10885	solar584s	solar584t	2009/2010	gimnazija	slovenščina	3. letnik	esej ali spis	Celje
KUS-G-slo-3-CE-E-2009/2010-10886	solar585s	solar585t	2009/2010	gimnazija	slovenščina	3. letnik	esej ali spis	Celje
KUS-G-slo-3-CE-E-2009/2010-10887	solar586s	solar586t	2009/2010	gimnazija	slovenščina	3. letnik	esej ali spis	Celje
KUS-G-slo-3-CE-E-2009/2010-10888	solar587s	solar587t	2009/2010	gimnazija	slovenščina	3. letnik	esej ali spis	Celje
KUS-G-slo-3-CE-E-2009/2010-10889	solar588s	solar588t	2009/2010	gimnazija	slovenščina	3. letnik	esej ali spis	Celje
KUS-G-slo-3-CE-E-2009/2010-10890	solar589s	solar589t	2009/2010	gimnazija	slovenščina	3. letnik	esej ali spis	Celje
KUS-G-slo-3-CE-E-2009/2010-10891	solar590s	solar590t	2009/2010	gimnazija	slovenščina	3. letnik	esej ali spis	Celje
KUS-G-slo-3-CE-E-2009/2010-10892	solar591s	solar591t	2009/2010	gimnazija	slovenščina	3. letnik	esej ali spis	Celje
KUS-G-slo-3-CE-E-2009/2010-10893	solar592s	solar592t	2009/2010	gimnazija	slovenščina	3. letnik	esej ali spis	Celje
KUS-G-slo-3-CE-E-2009/2010-10894	solar593s	solar593t	2009/2010	gimnazija	slovenščina	3. letnik	esej ali spis	Celje
KUS-G-slo-3-CE-E-2009/2010-10895	solar594s	solar594t	2009/2010	gimnazija	slovenščina	3. letnik	esej ali spis	Celje
KUS-G-slo-3-CE-E-2009/2010-10896	solar595s	solar595t	2009/2010	gimnazija	slovenščina	3. letnik	esej ali spis	Celje
KUS-G-slo-3-CE-E-2009/2010-10897	solar596s	solar596t	2009/2010	gimnazija	slovenščina	3. letnik	esej ali spis	Celje
KUS-G-slo-3-CE-E-2009/2010-10898	solar597s	solar597t	2009/2010	gimnazija	slovenščina	3. letnik	esej ali spis	Celje
KUS-G-slo-3-CE-E-2009-10899	solar598s	solar598t	2009	gimnazija	slovenščina	3. letnik	esej ali spis	Celje
KUS-G-slo-3-CE-E-2009-10900	solar599s	solar599t	2009	gimnazija	slovenščina	3. letnik	esej ali spis	Celje
KUS-G-slo-3-CE-E-2009-10901	solar600s	solar600t	2009	gimnazija	slovenščina	3. letnik	esej ali spis	Celje
KUS-G-slo-3-CE-E-2009-10902	solar601s	solar601t	2009	gimnazija	slovenščina	3. letnik	esej ali spis	Celje
KUS-G-slo-3-CE-E-2009-10903	solar602s	solar602t	2009	gimnazija	slovenščina	3. letnik	esej ali spis	Celje
KUS-G-slo-3-CE-E-2009-10904	solar603s	solar603t	2009	gimnazija	slovenščina	3. letnik	esej ali spis	Celje
KUS-G-slo-3-CE-E-2009-10905	solar604s	solar604t	2009	gimnazija	slovenščina	3. letnik	esej ali spis	Celje
KUS-G-slo-3-CE-E-2009-10906	solar605s	solar605t	2009	gimnazija	slovenščina	3. letnik	esej ali spis	Celje
KUS-G-slo-3-CE-E-2009-10907	solar606s	solar606t	2009	gimnazija	slovenščina	3. letnik	esej ali spis	Celje
KUS-G-slo-3-CE-E-2009-10908	solar607s	solar607t	2009	gimnazija	slovenščina	3. letnik	esej ali spis	Celje
KUS-G-slo-3-CE-E-2009-10909	solar608s	solar608t	2009	gimnazija	slovenščina	3. letnik	esej ali spis	Celje
KUS-G-slo-3-CE-E-2009-10910	solar609s	solar609t	2009	gimnazija	slovenščina	3. letnik	esej ali spis	Celje
KUS-G-slo-3-CE-E-2009-10911	solar610s	solar610t	2009	gimnazija	slovenščina	3. letnik	esej ali spis	Celje
KUS-G-slo-3-CE-E-2009-10912	solar611s	solar611t	2009	gimnazija	slovenščina	3. letnik	esej ali spis	Celje
KUS-G-slo-3-CE-E-2009-10913	solar612s	solar612t	2009	gimnazija	slovenščina	3. letnik	esej ali spis	Celje
KUS-G-slo-3-CE-E-2009-10914	solar613s	solar613t	2009	gimnazija	slovenščina	3. letnik	esej ali spis	Celje
KUS-G-slo-3-CE-E-2009-10915	solar614s	solar614t	2009	gimnazija	slovenščina	3. letnik	esej ali spis	Celje
KUS-G-slo-3-CE-E-2009-10916	solar615s	solar615t	2009	gimnazija	slovenščina	3. letnik	esej ali spis	Celje
KUS-G-slo-3-CE-E-2009-10917	solar616s	solar616t	2009	gimnazija	slovenščina	3. letnik	esej ali spis	Celje
KUS-G-slo-3-CE-E-2009-10918	solar617s	solar617t	2009	gimnazija	slovenščina	3. letnik	esej ali spis	Celje
KUS-G-slo-3-CE-E-2009-10919	solar618s	solar618t	2009	gimnazija	slovenščina	3. letnik	esej ali spis	Celje
KUS-G-slo-3-CE-E-2009-10920	solar619s	solar619t	2009	gimnazija	slovenščina	3. letnik	esej ali spis	Celje
KUS-G-slo-3-CE-E-2009-10921	solar620s	solar620t	2009	gimnazija	slovenščina	3. letnik	esej ali spis	Celje
KUS-G-slo-3-CE-E-2009-10922	solar621s	solar621t	2009	gimnazija	slovenščina	3. letnik	esej ali spis	Celje
KUS-G-slo-3-CE-E-2009-10923	solar622s	solar622t	2009	gimnazija	slovenščina	3. letnik	esej ali spis	Celje
KUS-G-slo-3-CE-E-2009-10924	solar623s	solar623t	2009	gimnazija	slovenščina	3. letnik	esej ali spis	Celje
KUS-G-slo-3-CE-E-2009-10925	solar624s	solar624t	2009	gimnazija	slovenščina	3. letnik	esej ali spis	Celje
KUS-G-slo-3-CE-E-2009-10926	solar625s	solar625t	2009	gimnazija	slovenščina	3. letnik	esej ali spis	Celje
KUS-G-slo-1-CE-E-2009/2010-10927	solar626s	solar626t	2009/2010	gimnazija	slovenščina	1. letnik	esej ali spis	Celje
KUS-G-slo-1-CE-E-2009/2010-10928	solar627s	solar627t	2009/2010	gimnazija	slovenščina	1. letnik	esej ali spis	Celje
KUS-G-slo-1-CE-E-2009/2010-10929	solar628s	solar628t	2009/2010	gimnazija	slovenščina	1. letnik	esej ali spis	Celje
KUS-G-slo-1-CE-E-2009/2010-10930	solar629s	solar629t	2009/2010	gimnazija	slovenščina	1. letnik	esej ali spis	Celje
KUS-G-slo-1-CE-E-2009/2010-10932	solar630s	solar630t	2009/2010	gimnazija	slovenščina	1. letnik	esej ali spis	Celje
KUS-G-slo-1-CE-E-2009/2010-10933	solar631s	solar631t	2009/2010	gimnazija	slovenščina	1. letnik	esej ali spis	Celje
KUS-G-slo-1-CE-E-2009/2010-10934	solar632s	solar632t	2009/2010	gimnazija	slovenščina	1. letnik	esej ali spis	Celje
KUS-G-slo-1-CE-E-2009/2010-10935	solar633s	solar633t	2009/2010	gimnazija	slovenščina	1. letnik	esej ali spis	Celje
KUS-G-slo-1-CE-E-2009/2010-10936	solar634s	solar634t	2009/2010	gimnazija	slovenščina	1. letnik	esej ali spis	Celje
KUS-G-slo-1-CE-E-2009/2010-10937	solar635s	solar635t	2009/2010	gimnazija	slovenščina	1. letnik	esej ali spis	Celje
KUS-G-slo-1-CE-E-2009/2010-10938	solar636s	solar636t	2009/2010	gimnazija	slovenščina	1. letnik	esej ali spis	Celje
KUS-G-slo-1-CE-E-2009/2010-10939	solar637s	solar637t	2009/2010	gimnazija	slovenščina	1. letnik	esej ali spis	Celje
KUS-G-slo-1-CE-E-2009/2010-10940	solar638s	solar638t	2009/2010	gimnazija	slovenščina	1. letnik	esej ali spis	Celje
KUS-G-slo-1-CE-E-2009/2010-10941	solar639s	solar639t	2009/2010	gimnazija	slovenščina	1. letnik	esej ali spis	Celje
KUS-G-slo-1-CE-E-2009/2010-10942	solar640s	solar640t	2009/2010	gimnazija	slovenščina	1. letnik	esej ali spis	Celje
KUS-G-slo-1-CE-E-2009/2010-10943	solar641s	solar641t	2009/2010	gimnazija	slovenščina	1. letnik	esej ali spis	Celje
KUS-G-slo-1-CE-E-2009/2010-10944	solar642s	solar642t	2009/2010	gimnazija	slovenščina	1. letnik	esej ali spis	Celje
KUS-G-slo-1-CE-E-2009/2010-10946	solar643s	solar643t	2009/2010	gimnazija	slovenščina	1. letnik	esej ali spis	Celje
KUS-G-slo-1-CE-E-2009/2010-10947	solar644s	solar644t	2009/2010	gimnazija	slovenščina	1. letnik	esej ali spis	Celje
KUS-G-slo-1-CE-E-2009/2010-10948	solar645s	solar645t	2009/2010	gimnazija	slovenščina	1. letnik	esej ali spis	Celje
KUS-G-slo-1-CE-E-2009/2010-10949	solar646s	solar646t	2009/2010	gimnazija	slovenščina	1. letnik	esej ali spis	Celje
KUS-G-slo-1-CE-E-2009/2010-10950	solar647s	solar647t	2009/2010	gimnazija	slovenščina	1. letnik	esej ali spis	Celje
KUS-G-slo-1-CE-E-2009/2010-10951	solar648s	solar648t	2009/2010	gimnazija	slovenščina	1. letnik	esej ali spis	Celje
KUS-G-slo-1-CE-E-2009/2010-10952	solar649s	solar649t	2009/2010	gimnazija	slovenščina	1. letnik	esej ali spis	Celje
KUS-G-slo-1-CE-E-2009/2010-10953	solar650s	solar650t	2009/2010	gimnazija	slovenščina	1. letnik	esej ali spis	Celje
KUS-G-slo-1-CE-E-2009/2010-10954	solar651s	solar651t	2009/2010	gimnazija	slovenščina	1. letnik	esej ali spis	Celje
KUS-G-slo-1-CE-E-2009/2010-10955	solar652s	solar652t	2009/2010	gimnazija	slovenščina	1. letnik	esej ali spis	Celje
KUS-G-slo-1-CE-E-2009/2010-10956	solar653s	solar653t	2009/2010	gimnazija	slovenščina	1. letnik	esej ali spis	Celje
KUS-G-slo-1-CE-E-2009/2010-10957	solar654s	solar654t	2009/2010	gimnazija	slovenščina	1. letnik	esej ali spis	Celje
KUS-G-slo-1-CE-E-2009/2010-10958	solar655s	solar655t	2009/2010	gimnazija	slovenščina	1. letnik	esej ali spis	Celje
KUS-G-slo-1-CE-E-2009/2010-10959	solar656s	solar656t	2009/2010	gimnazija	slovenščina	1. letnik	esej ali spis	Celje
KUS-G-slo-1-CE-E-2009/2010-10960	solar657s	solar657t	2009/2010	gimnazija	slovenščina	1. letnik	esej ali spis	Celje
KUS-G-slo-4-CE-R-2009-10961	solar658s	solar658t	2009	gimnazija	slovenščina	4. letnik	delo v razredu	Celje
KUS-G-slo-4-CE-R-2009-10962	solar659s	solar659t	2009	gimnazija	slovenščina	4. letnik	delo v razredu	Celje
KUS-G-slo-4-CE-R-2009-10963	solar660s	solar660t	2009	gimnazija	slovenščina	4. letnik	delo v razredu	Celje
KUS-G-slo-4-CE-R-2009-10964	solar661s	solar661t	2009	gimnazija	slovenščina	4. letnik	delo v razredu	Celje
KUS-G-slo-4-CE-R-2009-10965	solar662s	solar662t	2009	gimnazija	slovenščina	4. letnik	delo v razredu	Celje
KUS-G-slo-4-CE-R-2009-10966	solar663s	solar663t	2009	gimnazija	slovenščina	4. letnik	delo v razredu	Celje
KUS-G-slo-4-CE-R-2009-10967	solar664s	solar664t	2009	gimnazija	slovenščina	4. letnik	delo v razredu	Celje
KUS-G-slo-4-CE-R-2009-10968	solar665s	solar665t	2009	gimnazija	slovenščina	4. letnik	delo v razredu	Celje
KUS-G-slo-4-CE-R-2009-10969	solar666s	solar666t	2009	gimnazija	slovenščina	4. letnik	delo v razredu	Celje
KUS-G-slo-4-CE-R-2009-10970	solar667s	solar667t	2009	gimnazija	slovenščina	4. letnik	delo v razredu	Celje
KUS-G-slo-4-CE-R-2009-10971	solar668s	solar668t	2009	gimnazija	slovenščina	4. letnik	delo v razredu	Celje
KUS-G-slo-4-CE-R-2009-10972	solar669s	solar669t	2009	gimnazija	slovenščina	4. letnik	delo v razredu	Celje
KUS-G-slo-4-CE-R-2009-10973	solar670s	solar670t	2009	gimnazija	slovenščina	4. letnik	delo v razredu	Celje
KUS-G-slo-4-CE-R-2009-10974	solar671s	solar671t	2009	gimnazija	slovenščina	4. letnik	delo v razredu	Celje
KUS-G-slo-4-CE-R-2009-10975	solar672s	solar672t	2009	gimnazija	slovenščina	4. letnik	delo v razredu	Celje
KUS-G-slo-4-CE-R-2009-10976	solar673s	solar673t	2009	gimnazija	slovenščina	4. letnik	delo v razredu	Celje
KUS-G-slo-4-CE-R-2009-10977	solar674s	solar674t	2009	gimnazija	slovenščina	4. letnik	delo v razredu	Celje
KUS-G-slo-4-CE-R-2009-10978	solar675s	solar675t	2009	gimnazija	slovenščina	4. letnik	delo v razredu	Celje
KUS-G-slo-4-CE-R-2009-10979	solar676s	solar676t	2009	gimnazija	slovenščina	4. letnik	delo v razredu	Celje
KUS-G-slo-4-CE-R-2009-10980	solar677s	solar677t	2009	gimnazija	slovenščina	4. letnik	delo v razredu	Celje
KUS-G-slo-1-CE-R-2009/2010-10981	solar678s	solar678t	2009/2010	gimnazija	slovenščina	1. letnik	delo v razredu	Celje
KUS-G-slo-1-CE-R-2009/2010-10982	solar679s	solar679t	2009/2010	gimnazija	slovenščina	1. letnik	delo v razredu	Celje
KUS-G-slo-1-CE-R-2009/2010-10983	solar680s	solar680t	2009/2010	gimnazija	slovenščina	1. letnik	delo v razredu	Celje
KUS-G-slo-1-CE-R-2009/2010-10984	solar681s	solar681t	2009/2010	gimnazija	slovenščina	1. letnik	delo v razredu	Celje
KUS-G-slo-1-CE-R-2009/2010-10985	solar682s	solar682t	2009/2010	gimnazija	slovenščina	1. letnik	delo v razredu	Celje
KUS-G-slo-1-CE-R-2009/2010-10986	solar683s	solar683t	2009/2010	gimnazija	slovenščina	1. letnik	delo v razredu	Celje
KUS-G-slo-1-CE-R-2009/2010-10987	solar684s	solar684t	2009/2010	gimnazija	slovenščina	1. letnik	delo v razredu	Celje
KUS-G-slo-1-CE-R-2009/2010-10989	solar685s	solar685t	2009/2010	gimnazija	slovenščina	1. letnik	delo v razredu	Celje
KUS-G-slo-1-CE-R-2009/2010-10990	solar686s	solar686t	2009/2010	gimnazija	slovenščina	1. letnik	delo v razredu	Celje
KUS-G-slo-1-CE-R-2009/2010-10991	solar687s	solar687t	2009/2010	gimnazija	slovenščina	1. letnik	delo v razredu	Celje
KUS-G-slo-1-CE-R-2009/2010-10992	solar688s	solar688t	2009/2010	gimnazija	slovenščina	1. letnik	delo v razredu	Celje
KUS-G-slo-1-CE-R-2009/2010-10993	solar689s	solar689t	2009/2010	gimnazija	slovenščina	1. letnik	delo v razredu	Celje
KUS-G-slo-1-CE-R-2009/2010-10994	solar690s	solar690t	2009/2010	gimnazija	slovenščina	1. letnik	delo v razredu	Celje
KUS-G-slo-1-CE-R-2009/2010-10995	solar691s	solar691t	2009/2010	gimnazija	slovenščina	1. letnik	delo v razredu	Celje
KUS-G-slo-1-CE-R-2009/2010-10996	solar692s	solar692t	2009/2010	gimnazija	slovenščina	1. letnik	delo v razredu	Celje
KUS-G-slo-1-CE-R-2009/2010-10997	solar693s	solar693t	2009/2010	gimnazija	slovenščina	1. letnik	delo v razredu	Celje
KUS-G-slo-1-CE-R-2009/2010-10998	solar694s	solar694t	2009/2010	gimnazija	slovenščina	1. letnik	delo v razredu	Celje
KUS-G-slo-1-CE-R-2009/2010-10999	solar695s	solar695t	2009/2010	gimnazija	slovenščina	1. letnik	delo v razredu	Celje
KUS-G-slo-1-CE-R-2009/2010-11000	solar696s	solar696t	2009/2010	gimnazija	slovenščina	1. letnik	delo v razredu	Celje
KUS-G-slo-1-CE-E-R-2009/2010-11001	solar697s	solar697t	2009/2010	gimnazija	slovenščina	1. letnik	esej ali spis	Celje
KUS-G-slo-1-CE-R-2009/2010-11002	solar698s	solar698t	2009/2010	gimnazija	slovenščina	1. letnik	delo v razredu	Celje
KUS-G-slo-1-CE-E-R-2009/2010-11003	solar699s	solar699t	2009/2010	gimnazija	slovenščina	1. letnik	esej ali spis	Celje
KUS-G-slo-1-CE-R-2009/2010-11004	solar700s	solar700t	2009/2010	gimnazija	slovenščina	1. letnik	delo v razredu	Celje
KUS-G-slo-1-CE-E-R-2009/2010-11005	solar701s	solar701t	2009/2010	gimnazija	slovenščina	1. letnik	esej ali spis	Celje
KUS-G-slo-1-CE-R-2009/2010-11006	solar702s	solar702t	2009/2010	gimnazija	slovenščina	1. letnik	delo v razredu	Celje
KUS-G-slo-1-CE-R-2009/2010-11007	solar703s	solar703t	2009/2010	gimnazija	slovenščina	1. letnik	delo v razredu	Celje
KUS-G-slo-1-CE-E-2010-11008	solar704s	solar704t	2010	gimnazija	slovenščina	1. letnik	esej ali spis	Celje
KUS-G-slo-1-CE-E-2010-11009	solar705s	solar705t	2010	gimnazija	slovenščina	1. letnik	esej ali spis	Celje
KUS-G-slo-1-CE-E-2010-11010	solar706s	solar706t	2010	gimnazija	slovenščina	1. letnik	esej ali spis	Celje
KUS-G-slo-1-CE-E-2010-11011	solar707s	solar707t	2010	gimnazija	slovenščina	1. letnik	esej ali spis	Celje
KUS-G-slo-1-CE-E-2010-11012	solar708s	solar708t	2010	gimnazija	slovenščina	1. letnik	esej ali spis	Celje
KUS-G-slo-1-CE-E-2010-11013	solar709s	solar709t	2010	gimnazija	slovenščina	1. letnik	esej ali spis	Celje
KUS-G-slo-1-CE-E-2010-11014	solar710s	solar710t	2010	gimnazija	slovenščina	1. letnik	esej ali spis	Celje
KUS-G-slo-1-CE-E-2010-11015	solar711s	solar711t	2010	gimnazija	slovenščina	1. letnik	esej ali spis	Celje
KUS-G-slo-1-CE-E-2010-11016	solar712s	solar712t	2010	gimnazija	slovenščina	1. letnik	esej ali spis	Celje
KUS-G-slo-1-CE-E-2010-11017	solar713s	solar713t	2010	gimnazija	slovenščina	1. letnik	esej ali spis	Celje
KUS-G-slo-1-CE-E-2010-11018	solar714s	solar714t	2010	gimnazija	slovenščina	1. letnik	esej ali spis	Celje
KUS-G-slo-1-CE-E-2010-11019	solar715s	solar715t	2010	gimnazija	slovenščina	1. letnik	esej ali spis	Celje
KUS-G-slo-1-CE-E-2010-11020	solar716s	solar716t	2010	gimnazija	slovenščina	1. letnik	esej ali spis	Celje
KUS-G-slo-1-CE-E-2010-11021	solar717s	solar717t	2010	gimnazija	slovenščina	1. letnik	esej ali spis	Celje
KUS-G-slo-1-CE-E-2010-11022	solar718s	solar718t	2010	gimnazija	slovenščina	1. letnik	esej ali spis	Celje
KUS-G-slo-1-CE-E-2010-11023	solar719s	solar719t	2010	gimnazija	slovenščina	1. letnik	esej ali spis	Celje
KUS-G-slo-1-CE-E-2010-11024	solar720s	solar720t	2010	gimnazija	slovenščina	1. letnik	esej ali spis	Celje
KUS-G-slo-1-CE-E-2010-11025	solar721s	solar721t	2010	gimnazija	slovenščina	1. letnik	esej ali spis	Celje
KUS-G-slo-1-CE-E-2010-11026	solar722s	solar722t	2010	gimnazija	slovenščina	1. letnik	esej ali spis	Celje
KUS-G-slo-3-CE-E-2009/2010-11027	solar723s	solar723t	2009/2010	gimnazija	slovenščina	3. letnik	esej ali spis	Celje
KUS-G-slo-1-CE-E-2010-11027	solar724s	solar724t	2010	gimnazija	slovenščina	1. letnik	esej ali spis	Celje
KUS-G-slo-1-CE-E-2010-11028	solar725s	solar725t	2010	gimnazija	slovenščina	1. letnik	esej ali spis	Celje
KUS-G-slo-1-CE-E-2010-11029	solar726s	solar726t	2010	gimnazija	slovenščina	1. letnik	esej ali spis	Celje
KUS-G-slo-1-CE-E-2010-11030	solar727s	solar727t	2010	gimnazija	slovenščina	1. letnik	esej ali spis	Celje
KUS-G-slo-1-CE-E-2010-11031	solar728s	solar728t	2010	gimnazija	slovenščina	1. letnik	esej ali spis	Celje
KUS-G-slo-1-CE-E-2010-11032	solar729s	solar729t	2010	gimnazija	slovenščina	1. letnik	esej ali spis	Celje
KUS-G-slo-1-CE-E-2010-11033	solar730s	solar730t	2010	gimnazija	slovenščina	1. letnik	esej ali spis	Celje
KUS-G-slo-1-CE-E-2010-11034	solar731s	solar731t	2010	gimnazija	slovenščina	1. letnik	esej ali spis	Celje
KUS-G-slo-1-CE-E-2010-11035	solar732s	solar732t	2010	gimnazija	slovenščina	1. letnik	esej ali spis	Celje
KUS-G-slo-1-CE-E-2010-11036	solar733s	solar733t	2010	gimnazija	slovenščina	1. letnik	esej ali spis	Celje
KUS-G-slo-1-CE-E-2010-11037	solar734s	solar734t	2010	gimnazija	slovenščina	1. letnik	esej ali spis	Celje
KUS-G-slo-1-CE-E-2010-11039	solar735s	solar735t	2010	gimnazija	slovenščina	1. letnik	esej ali spis	Celje
KUS-G-slo-1-CE-E-2010-11040	solar736s	solar736t	2010	gimnazija	slovenščina	1. letnik	esej ali spis	Celje
KUS-G-slo-3-CE-E-2009/2010-11041	solar737s	solar737t	2009/2010	gimnazija	slovenščina	3. letnik	esej ali spis	Celje
KUS-G-slo-3-CE-E-2009/2010-11042	solar738s	solar738t	2009/2010	gimnazija	slovenščina	3. letnik	esej ali spis	Celje
KUS-G-slo-3-CE-E-2009/2010-11043	solar739s	solar739t	2009/2010	gimnazija	slovenščina	3. letnik	esej ali spis	Celje
KUS-G-slo-3-CE-E-2009/2010-11044	solar740s	solar740t	2009/2010	gimnazija	slovenščina	3. letnik	esej ali spis	Celje
KUS-G-slo-3-CE-E-2009/2010-11045	solar741s	solar741t	2009/2010	gimnazija	slovenščina	3. letnik	esej ali spis	Celje
KUS-G-slo-3-CE-E-2009/2010-11046	solar742s	solar742t	2009/2010	gimnazija	slovenščina	3. letnik	esej ali spis	Celje
KUS-G-slo-3-CE-E-2009/2010-11047	solar743s	solar743t	2009/2010	gimnazija	slovenščina	3. letnik	esej ali spis	Celje
KUS-G-slo-3-CE-E-2009/2010-11049	solar744s	solar744t	2009/2010	gimnazija	slovenščina	3. letnik	esej ali spis	Celje
KUS-G-slo-3-CE-E-2009/2010-11050	solar745s	solar745t	2009/2010	gimnazija	slovenščina	3. letnik	esej ali spis	Celje
KUS-G-slo-3-CE-E-2009/2010-11051	solar746s	solar746t	2009/2010	gimnazija	slovenščina	3. letnik	esej ali spis	Celje
KUS-G-slo-3-CE-R-2009/2010-11054	solar747s	solar747t	2009/2010	gimnazija	slovenščina	3. letnik	delo v razredu	Celje
KUS-G-slo-3-CE-R-2009/2010-11055	solar748s	solar748t	2009/2010	gimnazija	slovenščina	3. letnik	delo v razredu	Celje
KUS-G-slo-3-CE-R-2009/2010-11056	solar749s	solar749t	2009/2010	gimnazija	slovenščina	3. letnik	delo v razredu	Celje
KUS-G-slo-3-CE-R-2009/2010-11057	solar750s	solar750t	2009/2010	gimnazija	slovenščina	3. letnik	delo v razredu	Celje
KUS-G-slo-3-CE-R-2009/2010-11058	solar751s	solar751t	2009/2010	gimnazija	slovenščina	3. letnik	delo v razredu	Celje
KUS-G-slo-3-CE-R-2009/2010-11059	solar752s	solar752t	2009/2010	gimnazija	slovenščina	3. letnik	delo v razredu	Celje
KUS-G-slo-3-CE-R-2009/2010-11060	solar753s	solar753t	2009/2010	gimnazija	slovenščina	3. letnik	delo v razredu	Celje
KUS-G-slo-3-CE-R-2009/2010-11061	solar754s	solar754t	2009/2010	gimnazija	slovenščina	3. letnik	delo v razredu	Celje
KUS-G-slo-3-CE-R-2009/2010-11062	solar755s	solar755t	2009/2010	gimnazija	slovenščina	3. letnik	delo v razredu	Celje
KUS-G-slo-3-CE-R-2009/2010-11063	solar756s	solar756t	2009/2010	gimnazija	slovenščina	3. letnik	delo v razredu	Celje
KUS-G-slo-3-CE-R-2009/2010-11064	solar757s	solar757t	2009/2010	gimnazija	slovenščina	3. letnik	delo v razredu	Celje
KUS-G-slo-3-CE-R-2009/2010-11065	solar758s	solar758t	2009/2010	gimnazija	slovenščina	3. letnik	delo v razredu	Celje
KUS-G-slo-3-CE-R-2009/2010-11066	solar759s	solar759t	2009/2010	gimnazija	slovenščina	3. letnik	delo v razredu	Celje
KUS-G-slo-3-CE-R-2009/2010-11067	solar760s	solar760t	2009/2010	gimnazija	slovenščina	3. letnik	delo v razredu	Celje
KUS-G-slo-3-CE-R-2009/2010-11068	solar761s	solar761t	2009/2010	gimnazija	slovenščina	3. letnik	delo v razredu	Celje
KUS-G-slo-3-CE-R-2009/2010-11069	solar762s	solar762t	2009/2010	gimnazija	slovenščina	3. letnik	delo v razredu	Celje
KUS-G-slo-3-CE-R-2009/2010-11070	solar763s	solar763t	2009/2010	gimnazija	slovenščina	3. letnik	delo v razredu	Celje
KUS-G-slo-3-CE-R-2009/2010-11071	solar764s	solar764t	2009/2010	gimnazija	slovenščina	3. letnik	delo v razredu	Celje
KUS-G-slo-3-CE-R-2009/2010-11072	solar765s	solar765t	2009/2010	gimnazija	slovenščina	3. letnik	delo v razredu	Celje
KUS-G-slo-3-CE-R-2009/2010-11073	solar766s	solar766t	2009/2010	gimnazija	slovenščina	3. letnik	delo v razredu	Celje
KUS-G-slo-3-CE-R-2009/2010-11074	solar767s	solar767t	2009/2010	gimnazija	slovenščina	3. letnik	delo v razredu	Celje
KUS-G-slo-3-CE-R-2009/2010-11075	solar768s	solar768t	2009/2010	gimnazija	slovenščina	3. letnik	delo v razredu	Celje
KUS-G-slo-3-CE-R-2009/2010-11076	solar769s	solar769t	2009/2010	gimnazija	slovenščina	3. letnik	delo v razredu	Celje
KUS-G-slo-3-CE-R-2009/2010-11077	solar770s	solar770t	2009/2010	gimnazija	slovenščina	3. letnik	delo v razredu	Celje
KUS-G-slo-3-CE-R-2009/2010-11078	solar771s	solar771t	2009/2010	gimnazija	slovenščina	3. letnik	delo v razredu	Celje
KUS-G-slo-1-CE-R-2001/2010-11079	solar772s	solar772t	2009/2010	gimnazija	slovenščina	1. letnik	delo v razredu	Celje
KUS-G-slo-1-CE-R-2001/2010-11080	solar773s	solar773t	2009/2010	gimnazija	slovenščina	1. letnik	delo v razredu	Celje
KUS-G-slo-1-CE-R-2001/2010-11081	solar774s	solar774t	2009/2010	gimnazija	slovenščina	1. letnik	delo v razredu	Celje
KUS-G-slo-1-CE-R-2001/2010-11083	solar775s	solar775t	2009/2010	gimnazija	slovenščina	1. letnik	delo v razredu	Celje
KUS-G-slo-1-CE-R-2001/2010-11084	solar776s	solar776t	2009/2010	gimnazija	slovenščina	1. letnik	delo v razredu	Celje
KUS-G-slo-1-CE-R-2001/2010-11085	solar777s	solar777t	2009/2010	gimnazija	slovenščina	1. letnik	delo v razredu	Celje
KUS-G-slo-1-CE-R-2001/2010-11086	solar778s	solar778t	2009/2010	gimnazija	slovenščina	1. letnik	delo v razredu	Celje
KUS-G-slo-1-CE-R-2001/2010-11087	solar779s	solar779t	2009/2010	gimnazija	slovenščina	1. letnik	delo v razredu	Celje
KUS-G-slo-1-CE-R-2001/2010-11089	solar780s	solar780t	2009/2010	gimnazija	slovenščina	1. letnik	delo v razredu	Celje
KUS-G-slo-1-CE-R-2001/2010-11090	solar781s	solar781t	2009/2010	gimnazija	slovenščina	1. letnik	delo v razredu	Celje
KUS-G-slo-1-CE-R-2001/2010-11091	solar782s	solar782t	2009/2010	gimnazija	slovenščina	1. letnik	delo v razredu	Celje
KUS-G-slo-1-CE-R-2001/2010-11092	solar783s	solar783t	2009/2010	gimnazija	slovenščina	1. letnik	delo v razredu	Celje
KUS-G-slo-1-CE-R-2001/2010-11093	solar784s	solar784t	2009/2010	gimnazija	slovenščina	1. letnik	delo v razredu	Celje
KUS-G-slo-1-CE-R-2001/2010-11094	solar785s	solar785t	2009/2010	gimnazija	slovenščina	1. letnik	delo v razredu	Celje
KUS-G-slo-1-CE-R-2001/2010-11095	solar786s	solar786t	2009/2010	gimnazija	slovenščina	1. letnik	delo v razredu	Celje
KUS-G-slo-1-CE-R-2001/2010-11096	solar787s	solar787t	2009/2010	gimnazija	slovenščina	1. letnik	delo v razredu	Celje
KUS-G-slo-1-CE-R-2001/2010-11097	solar788s	solar788t	2009/2010	gimnazija	slovenščina	1. letnik	delo v razredu	Celje
KUS-G-slo-1-CE-R-2001/2010-11098	solar789s	solar789t	2009/2010	gimnazija	slovenščina	1. letnik	delo v razredu	Celje
KUS-G-slo-1-CE-R-2001/2010-11099	solar790s	solar790t	2009/2010	gimnazija	slovenščina	1. letnik	delo v razredu	Celje
KUS-G-slo-1-CE-R-2001/2010-11100	solar791s	solar791t	2009/2010	gimnazija	slovenščina	1. letnik	delo v razredu	Celje
KUS-G-slo-1-CE-R-2001/2010-11102	solar792s	solar792t	2009/2010	gimnazija	slovenščina	1. letnik	delo v razredu	Celje
KUS-G-slo-1-CE-R-2001/2010-11103	solar793s	solar793t	2009/2010	gimnazija	slovenščina	1. letnik	delo v razredu	Celje
KUS-G-slo-1-CE-R-2001/2010-11104	solar794s	solar794t	2009/2010	gimnazija	slovenščina	1. letnik	delo v razredu	Celje
KUS-G-slo-1-CE-R-2010-11105	solar795s	solar795t	2010	gimnazija	slovenščina	1. letnik	delo v razredu	Celje
KUS-G-slo-1-CE-R-2010-11106	solar796s	solar796t	2010	gimnazija	slovenščina	1. letnik	delo v razredu	Celje
KUS-G-slo-1-CE-R-2010-11107	solar797s	solar797t	2010	gimnazija	slovenščina	1. letnik	delo v razredu	Celje
KUS-G-slo-1-CE-R-2010-11108	solar798s	solar798t	2010	gimnazija	slovenščina	1. letnik	delo v razredu	Celje
KUS-G-slo-1-CE-R-2010-11109	solar799s	solar799t	2010	gimnazija	slovenščina	1. letnik	delo v razredu	Celje
KUS-G-slo-1-CE-R-2010-11110	solar800s	solar800t	2010	gimnazija	slovenščina	1. letnik	delo v razredu	Celje
KUS-G-slo-1-CE-R-2010-11111	solar801s	solar801t	2010	gimnazija	slovenščina	1. letnik	delo v razredu	Celje
KUS-G-slo-1-CE-R-2010-11112	solar802s	solar802t	2010	gimnazija	slovenščina	1. letnik	delo v razredu	Celje
KUS-G-slo-1-CE-R-2010-11113	solar803s	solar803t	2010	gimnazija	slovenščina	1. letnik	delo v razredu	Celje
KUS-G-slo-1-CE-R-2010-11114	solar804s	solar804t	2010	gimnazija	slovenščina	1. letnik	delo v razredu	Celje
KUS-G-slo-1-CE-R-2010-11115	solar805s	solar805t	2010	gimnazija	slovenščina	1. letnik	delo v razredu	Celje
KUS-G-slo-1-CE-R-2010-11116	solar806s	solar806t	2010	gimnazija	slovenščina	1. letnik	delo v razredu	Celje
KUS-G-slo-1-CE-R-2010-11117	solar807s	solar807t	2010	gimnazija	slovenščina	1. letnik	delo v razredu	Celje
KUS-G-slo-1-CE-R-2010-11118	solar808s	solar808t	2010	gimnazija	slovenščina	1. letnik	delo v razredu	Celje
KUS-G-slo-1-CE-R-2010-11119	solar809s	solar809t	2010	gimnazija	slovenščina	1. letnik	delo v razredu	Celje
KUS-G-slo-1-CE-R-2010-11120	solar810s	solar810t	2010	gimnazija	slovenščina	1. letnik	delo v razredu	Celje
KUS-G-slo-1-CE-R-2010-11121	solar811s	solar811t	2010	gimnazija	slovenščina	1. letnik	delo v razredu	Celje
KUS-G-slo-1-CE-R-2010-11122	solar812s	solar812t	2010	gimnazija	slovenščina	1. letnik	delo v razredu	Celje
KUS-G-slo-1-CE-R-2010-11123	solar813s	solar813t	2010	gimnazija	slovenščina	1. letnik	delo v razredu	Celje
KUS-G-slo-1-CE-R-2010-11124	solar814s	solar814t	2010	gimnazija	slovenščina	1. letnik	delo v razredu	Celje
KUS-G-slo-1-CE-R-2010-11125	solar815s	solar815t	2010	gimnazija	slovenščina	1. letnik	delo v razredu	Celje
KUS-G-slo-1-CE-R-2010-11126	solar816s	solar816t	2010	gimnazija	slovenščina	1. letnik	delo v razredu	Celje
KUS-G-slo-1-CE-R-2010-11127	solar817s	solar817t	2010	gimnazija	slovenščina	1. letnik	delo v razredu	Celje
KUS-G-slo-1-CE-R-2010-11128	solar818s	solar818t	2010	gimnazija	slovenščina	1. letnik	delo v razredu	Celje
KUS-G-slo-1-CE-R-2010-11129	solar819s	solar819t	2010	gimnazija	slovenščina	1. letnik	delo v razredu	Celje
KUS-G-slo-1-CE-R-2010-11130	solar820s	solar820t	2010	gimnazija	slovenščina	1. letnik	delo v razredu	Celje
KUS-G-slo-1-CE-R-2010-11131	solar821s	solar821t	2010	gimnazija	slovenščina	1. letnik	delo v razredu	Celje
KUS-G-slo-1-CE-R-2010-11132	solar822s	solar822t	2010	gimnazija	slovenščina	1. letnik	delo v razredu	Celje
KUS-G-slo-1-CE-R-2010-11133	solar823s	solar823t	2010	gimnazija	slovenščina	1. letnik	delo v razredu	Celje
KUS-G-slo-1-CE-R-2010-11134	solar824s	solar824t	2010	gimnazija	slovenščina	1. letnik	delo v razredu	Celje
KUS-G-slo-1-CE-R-2010-11135	solar825s	solar825t	2010	gimnazija	slovenščina	1. letnik	delo v razredu	Celje
KUS-G-slo-1-CE-R-2010-11136	solar826s	solar826t	2010	gimnazija	slovenščina	1. letnik	delo v razredu	Celje
KUS-4-slo-4-CE-E-2009/2010-11137	solar827s	solar827t	2009/2010	gimnazija	slovenščina	4. letnik	esej ali spis	Celje
KUS-4-slo-4-CE-E-2009/2010-11138	solar828s	solar828t	2009/2010	gimnazija	slovenščina	4. letnik	esej ali spis	Celje
KUS-4-slo-4-CE-E-2009/2010-11139	solar829s	solar829t	2009/2010	gimnazija	slovenščina	4. letnik	esej ali spis	Celje
KUS-4-slo-4-CE-E-2009/2010-11140	solar830s	solar830t	2009/2010	gimnazija	slovenščina	4. letnik	esej ali spis	Celje
KUS-4-slo-4-CE-E-2009/2010-11141	solar831s	solar831t	2009/2010	gimnazija	slovenščina	4. letnik	esej ali spis	Celje
KUS-4-slo-4-CE-E-2009/2010-11142	solar832s	solar832t	2009/2010	gimnazija	slovenščina	4. letnik	esej ali spis	Celje
KUS-4-slo-4-CE-E-2009/2010-11143	solar833s	solar833t	2009/2010	gimnazija	slovenščina	4. letnik	esej ali spis	Celje
KUS-4-slo-4-CE-E-2009/2010-11144	solar834s	solar834t	2009/2010	gimnazija	slovenščina	4. letnik	esej ali spis	Celje
KUS-4-slo-4-CE-E-2009/2010-11145	solar835s	solar835t	2009/2010	gimnazija	slovenščina	4. letnik	esej ali spis	Celje
KUS-4-slo-4-CE-E-2009/2010-11146	solar836s	solar836t	2009/2010	gimnazija	slovenščina	4. letnik	esej ali spis	Celje
KUS-4-slo-4-CE-E-2009/2010-11147	solar837s	solar837t	2009/2010	gimnazija	slovenščina	4. letnik	esej ali spis	Celje
KUS-4-slo-4-CE-E-2009/2010-11148	solar838s	solar838t	2009/2010	gimnazija	slovenščina	4. letnik	esej ali spis	Celje
KUS-4-slo-4-CE-E-2009/2010-11149	solar839s	solar839t	2009/2010	gimnazija	slovenščina	4. letnik	esej ali spis	Celje
KUS-4-slo-4-CE-E-2009/2010-11150	solar840s	solar840t	2009/2010	gimnazija	slovenščina	4. letnik	esej ali spis	Celje
KUS-4-slo-4-CE-E-2009/2010-11152	solar841s	solar841t	2009/2010	gimnazija	slovenščina	4. letnik	esej ali spis	Celje
KUS-4-slo-4-CE-E-2009/2010-11152	solar842s	solar842t	2009/2010	gimnazija	slovenščina	4. letnik	esej ali spis	Celje
KUS-4-slo-4-CE-E-2009/2010-11153	solar843s	solar843t	2009/2010	gimnazija	slovenščina	4. letnik	esej ali spis	Celje
KUS-4-slo-4-CE-E-2009/2010-11154	solar844s	solar844t	2009/2010	gimnazija	slovenščina	4. letnik	esej ali spis	Celje
KUS-4-slo-4-CE-E-2009/2010-11155	solar845s	solar845t	2009/2010	gimnazija	slovenščina	4. letnik	esej ali spis	Celje
KUS-4-slo-4-CE-E-2009/2010-11156	solar846s	solar846t	2009/2010	gimnazija	slovenščina	4. letnik	esej ali spis	Celje
KUS-G-slo-3-PO-E-2010-11157	solar847s	solar847t	2010	gimnazija	slovenščina	3. letnik	esej ali spis	Postojna
KUS-G-slo-3-PO-E-2010-11158	solar848s	solar848t	2010	gimnazija	slovenščina	3. letnik	esej ali spis	Postojna
KUS-G-slo-3-PO-E-2010-11159	solar849s	solar849t	2010	gimnazija	slovenščina	3. letnik	esej ali spis	Postojna
KUS-G-slo-3-PO-E-2010-11160	solar850s	solar850t	2010	gimnazija	slovenščina	3. letnik	esej ali spis	Postojna
KUS-G-slo-3-PO-E-2010-11161	solar851s	solar851t	2010	gimnazija	slovenščina	3. letnik	esej ali spis	Postojna
KUS-G-slo-3-PO-E-2010-11162	solar852s	solar852t	2010	gimnazija	slovenščina	3. letnik	esej ali spis	Postojna
KUS-G-slo-3-PO-E-2010-11163	solar853s	solar853t	2010	gimnazija	slovenščina	3. letnik	esej ali spis	Postojna
KUS-G-slo-3-PO-E-2010-11164	solar854s	solar854t	2010	gimnazija	slovenščina	3. letnik	esej ali spis	Postojna
KUS-G-slo-3-PO-E-2010-11165	solar855s	solar855t	2010	gimnazija	slovenščina	3. letnik	esej ali spis	Postojna
KUS-G-slo-3-PO-E-2010-11166	solar856s	solar856t	2010	gimnazija	slovenščina	3. letnik	esej ali spis	Postojna
KUS-G-slo-3-PO-E-2010-11167	solar857s	solar857t	2010	gimnazija	slovenščina	3. letnik	esej ali spis	Postojna
KUS-G-slo-3-PO-E-2010-11168	solar858s	solar858t	2010	gimnazija	slovenščina	3. letnik	esej ali spis	Postojna
KUS-G-slo-3-PO-E-2010-11169	solar859s	solar859t	2010	gimnazija	slovenščina	3. letnik	esej ali spis	Postojna
KUS-G-slo-3-PO-E-2010-11170	solar860s	solar860t	2010	gimnazija	slovenščina	3. letnik	esej ali spis	Postojna
KUS-G-slo-4-PO-E-2010-11171	solar861s	solar861t	2010	gimnazija	slovenščina	4. letnik	esej ali spis	Postojna
KUS-G-slo-4-PO-E-2010-11172	solar862s	solar862t	2010	gimnazija	slovenščina	4. letnik	esej ali spis	Postojna
KUS-G-slo-4-PO-E-2010-11173	solar863s	solar863t	2010	gimnazija	slovenščina	4. letnik	esej ali spis	Postojna
KUS-G-slo-4-PO-E-2010-11174	solar864s	solar864t	2010	gimnazija	slovenščina	4. letnik	esej ali spis	Postojna
KUS-G-slo-4-PO-E-2010-11175	solar865s	solar865t	2010	gimnazija	slovenščina	4. letnik	esej ali spis	Postojna
KUS-G-slo-4-PO-E-2010-11176	solar866s	solar866t	2010	gimnazija	slovenščina	4. letnik	esej ali spis	Postojna
KUS-G-slo-4-PO-E-2010-11177	solar867s	solar867t	2010	gimnazija	slovenščina	4. letnik	esej ali spis	Postojna
KUS-G-slo-4-PO-E-2010-11178	solar868s	solar868t	2010	gimnazija	slovenščina	4. letnik	esej ali spis	Postojna
KUS-G-slo-4-PO-E-2010-11179	solar869s	solar869t	2010	gimnazija	slovenščina	4. letnik	esej ali spis	Postojna
KUS-G-slo-4-PO-E-2010-11180	solar870s	solar870t	2010	gimnazija	slovenščina	4. letnik	esej ali spis	Postojna
KUS-G-slo-4-PO-E-2010-11181	solar871s	solar871t	2010	gimnazija	slovenščina	4. letnik	esej ali spis	Postojna
KUS-G-slo-4-PO-E-2010-11182	solar872s	solar872t	2010	gimnazija	slovenščina	4. letnik	esej ali spis	Postojna
KUS-G-slo-4-PO-E-2010-11183	solar873s	solar873t	2010	gimnazija	slovenščina	4. letnik	esej ali spis	Postojna
KUS-G-slo-4-PO-E-2010-11184	solar874s	solar874t	2010	gimnazija	slovenščina	4. letnik	esej ali spis	Postojna
KUS-G-uzg-4-CE-T-2009-11196	solar875s	solar875t	2009	gimnazija	umetnostna vzgoja	4. letnik	test	Celje
KUS-G-uzg-4-CE-T-2009-11198	solar876s	solar876t	2009	gimnazija	umetnostna vzgoja	4. letnik	test	Celje
KUS-G-uzg-4-CE-T-2009-11199	solar877s	solar877t	2009	gimnazija	umetnostna vzgoja	4. letnik	test	Celje
KUS-G-uzg-4-CE-T-2009-11200	solar878s	solar878t	2009	gimnazija	umetnostna vzgoja	4. letnik	test	Celje
KUS-G-uzg-4-CE-T-2009-11201	solar879s	solar879t	2009	gimnazija	umetnostna vzgoja	4. letnik	test	Celje
KUS-G-uzg-4-CE-T-2009-11202	solar880s	solar880t	2009	gimnazija	umetnostna vzgoja	4. letnik	test	Celje
KUS-G-uzg-4-CE-T-2009-11203	solar881s	solar881t	2009	gimnazija	umetnostna vzgoja	4. letnik	test	Celje
KUS-G-uzg-4-CE-T-2009-11204	solar882s	solar882t	2009	gimnazija	umetnostna vzgoja	4. letnik	test	Celje
KUS-G-uzg-4-CE-T-2009-11205	solar883s	solar883t	2009	gimnazija	umetnostna vzgoja	4. letnik	test	Celje
KUS-G-uzg-4-CE-T-2009-11206	solar884s	solar884t	2009	gimnazija	umetnostna vzgoja	4. letnik	test	Celje
KUS-G-uzg-4-CE-T-2009-11207	solar885s	solar885t	2009	gimnazija	umetnostna vzgoja	4. letnik	test	Celje
KUS-G-uzg-4-CE-T-2009-11208	solar886s	solar886t	2009	gimnazija	umetnostna vzgoja	4. letnik	test	Celje
KUS-G-uzg-4-CE-T-2009-11209	solar887s	solar887t	2009	gimnazija	umetnostna vzgoja	4. letnik	test	Celje
KUS-G-ekn-4-LJ-R-2009/2010-11210	solar888s	solar888t	2009/2010	gimnazija	ekonomija	4. letnik	delo v razredu	Ljubljana
KUS-G-ekn-4-LJ-R-2009/2010-11211	solar889s	solar889t	2009/2010	gimnazija	ekonomija	4. letnik	delo v razredu	Ljubljana
KUS-G-ekn-4-LJ-R-2009/2010-11212	solar890s	solar890t	2009/2010	gimnazija	ekonomija	4. letnik	delo v razredu	Ljubljana
KUS-G-ekn-4-LJ-R-2009/2010-11213	solar891s	solar891t	2009/2010	gimnazija	ekonomija	4. letnik	delo v razredu	Ljubljana
KUS-G-ekn-4-LJ-R-2009/2010-11214	solar892s	solar892t	2009/2010	gimnazija	ekonomija	4. letnik	delo v razredu	Ljubljana
KUS-G-fil-4-LJ-E-2009-11215	solar893s	solar893t	2009	gimnazija	filozofija	4. letnik	esej ali spis	Ljubljana
KUS-G-fil-4-LJ-E-2009-11216	solar894s	solar894t	2009	gimnazija	filozofija	4. letnik	esej ali spis	Ljubljana
KUS-G-fil-4-LJ-E-2009-11217	solar895s	solar895t	2009	gimnazija	filozofija	4. letnik	esej ali spis	Ljubljana
KUS-G-fil-4-LJ-E-2009-11218	solar896s	solar896t	2009	gimnazija	filozofija	4. letnik	esej ali spis	Ljubljana
KUS-G-fil-4-LJ-E-2009-11219	solar897s	solar897t	2009	gimnazija	filozofija	4. letnik	esej ali spis	Ljubljana
KUS-G-fil-4-LJ-E-2009-11220	solar898s	solar898t	2009	gimnazija	filozofija	4. letnik	esej ali spis	Ljubljana
KUS-G-fil-4-LJ-E-2009-11221	solar899s	solar899t	2009	gimnazija	filozofija	4. letnik	esej ali spis	Ljubljana
KUS-G-fil-4-LJ-E-2009-11222	solar900s	solar900t	2009	gimnazija	filozofija	4. letnik	esej ali spis	Ljubljana
KUS-G-fil-4-LJ-E-2009-11223	solar901s	solar901t	2009	gimnazija	filozofija	4. letnik	esej ali spis	Ljubljana
KUS-G-fil-4-LJ-E-2009-11224	solar902s	solar902t	2009	gimnazija	filozofija	4. letnik	esej ali spis	Ljubljana
KUS-G-fil-4-LJ-E-2009-11225	solar903s	solar903t	2009	gimnazija	filozofija	4. letnik	esej ali spis	Ljubljana
KUS-G-fil-4-LJ-E-2009-11226	solar904s	solar904t	2009	gimnazija	filozofija	4. letnik	esej ali spis	Ljubljana
KUS-G-fil-4-LJ-E-2009-11227	solar905s	solar905t	2009	gimnazija	filozofija	4. letnik	esej ali spis	Ljubljana
KUS-G-fil-4-LJ-E-2009-11228	solar906s	solar906t	2009	gimnazija	filozofija	4. letnik	esej ali spis	Ljubljana
KUS-G-fil-4-LJ-E-2009-11229	solar907s	solar907t	2009	gimnazija	filozofija	4. letnik	esej ali spis	Ljubljana
KUS-G-fil-4-LJ-E-2009-11230	solar908s	solar908t	2009	gimnazija	filozofija	4. letnik	esej ali spis	Ljubljana
KUS-G-fil-4-LJ-E-2009-11231	solar909s	solar909t	2009	gimnazija	filozofija	4. letnik	esej ali spis	Ljubljana
KUS-G-fil-4-LJ-E-2009-11232	solar910s	solar910t	2009	gimnazija	filozofija	4. letnik	esej ali spis	Ljubljana
KUS-G-fil-4-LJ-E-2009-11233	solar911s	solar911t	2009	gimnazija	filozofija	4. letnik	esej ali spis	Ljubljana
KUS-G-psi-4-GO-T-2009-11234	solar912s	solar912t	2009	gimnazija	psihologija	4. letnik	test	Gorica
KUS-G-psi-4-GO-T-2009-11235	solar913s	solar913t	2009	gimnazija	psihologija	4. letnik	test	Gorica
KUS-G-psi-4-GO-T-2009-11236	solar914s	solar914t	2009	gimnazija	psihologija	4. letnik	test	Gorica
KUS-G-psi-4-GO-T-2009-11237	solar915s	solar915t	2009	gimnazija	psihologija	4. letnik	test	Gorica
KUS-G-psi-4-GO-T-2009-11239	solar916s	solar916t	2009	gimnazija	psihologija	4. letnik	test	Gorica
KUS-G-psi-4-GO-T-2009-11240	solar917s	solar917t	2009	gimnazija	psihologija	4. letnik	test	Gorica
KUS-G-psi-4-GO-T-2009-11241	solar918s	solar918t	2009	gimnazija	psihologija	4. letnik	test	Gorica
KUS-G-psi-4-GO-T-2009-11242	solar919s	solar919t	2009	gimnazija	psihologija	4. letnik	test	Gorica
KUS-G-psi-4-GO-T-2009-11243	solar920s	solar920t	2009	gimnazija	psihologija	4. letnik	test	Gorica
KUS-G-psi-4-GO-T-2009-11244	solar921s	solar921t	2009	gimnazija	psihologija	4. letnik	test	Gorica
KUS-G-psi-4-GO-T-2009-11245	solar922s	solar922t	2009	gimnazija	psihologija	4. letnik	test	Gorica
KUS-G-psi-4-GO-T-2009-11246	solar923s	solar923t	2009	gimnazija	psihologija	4. letnik	test	Gorica
KUS-G-psi-4-GO-T-2009-11247	solar924s	solar924t	2009	gimnazija	psihologija	4. letnik	test	Gorica
KUS-G-psi-4-GO-T-2009-11248	solar925s	solar925t	2009	gimnazija	psihologija	4. letnik	test	Gorica
KUS-G-psi-4-GO-T-2009-11249	solar926s	solar926t	2009	gimnazija	psihologija	4. letnik	test	Gorica
KUS-G-psi-4-GO-T-2009-11250	solar927s	solar927t	2009	gimnazija	psihologija	4. letnik	test	Gorica
KUS-G-psi-4-GO-T-2009-11251	solar928s	solar928t	2009	gimnazija	psihologija	4. letnik	test	Gorica
KUS-G-psi-4-GO-T-2009-11252	solar929s	solar929t	2009	gimnazija	psihologija	4. letnik	test	Gorica
KUS-G-psi-4-LJ-T-2009-11256	solar930s	solar930t	2009	gimnazija	psihologija	4. letnik	test	Ljubljana
KUS-G-psi-4-LJ-T-2009-11258	solar931s	solar931t	2009	gimnazija	psihologija	4. letnik	test	Ljubljana
KUS-G-psi-4-LJ-T-2009-11259	solar932s	solar932t	2009	gimnazija	psihologija	4. letnik	test	Ljubljana
KUS-G-psi-4-LJ-T-2009-11260	solar933s	solar933t	2009	gimnazija	psihologija	4. letnik	test	Ljubljana
KUS-G-psi-4-LJ-T-2009-11261	solar934s	solar934t	2009	gimnazija	psihologija	4. letnik	test	Ljubljana
KUS-G-psi-4-LJ-T-2009-11262	solar935s	solar935t	2009	gimnazija	psihologija	4. letnik	test	Ljubljana
KUS-G-psi-4-LJ-T-2009-11263	solar936s	solar936t	2009	gimnazija	psihologija	4. letnik	test	Ljubljana
KUS-G-psi-4-LJ-T-2009-11264	solar937s	solar937t	2009	gimnazija	psihologija	4. letnik	test	Ljubljana
KUS-G-psi-4-LJ-T-2009-11265	solar938s	solar938t	2009	gimnazija	psihologija	4. letnik	test	Ljubljana
KUS-G-psi-4-LJ-T-2009-11266	solar939s	solar939t	2009	gimnazija	psihologija	4. letnik	test	Ljubljana
KUS-G-psi-4-LJ-T-2009-11267	solar940s	solar940t	2009	gimnazija	psihologija	4. letnik	test	Ljubljana
KUS-G-psi-4-LJ-T-2009-11268	solar941s	solar941t	2009	gimnazija	psihologija	4. letnik	test	Ljubljana
KUS-G-psi-4-LJ-T-2009-11269	solar942s	solar942t	2009	gimnazija	psihologija	4. letnik	test	Ljubljana
KUS-G-psi-4-LJ-T-2009-11270	solar943s	solar943t	2009	gimnazija	psihologija	4. letnik	test	Ljubljana
KUS-G-psi-4-LJ-T-2009-11271	solar944s	solar944t	2009	gimnazija	psihologija	4. letnik	test	Ljubljana
KUS-G-psi-4-LJ-T-2009-11272	solar945s	solar945t	2009	gimnazija	psihologija	4. letnik	test	Ljubljana
KUS-G-psi-4-LJ-T-2009-11274	solar946s	solar946t	2009	gimnazija	psihologija	4. letnik	test	Ljubljana
KUS-G-psi-4-LJ-T-2009-11275	solar947s	solar947t	2009	gimnazija	psihologija	4. letnik	test	Ljubljana
KUS-G-psi-4-LJ-T-2009-11276	solar948s	solar948t	2009	gimnazija	psihologija	4. letnik	test	Ljubljana
KUS-G-psi-4-LJ-T-2009-11277	solar949s	solar949t	2009	gimnazija	psihologija	4. letnik	test	Ljubljana
KUS-G-psi-4-LJ-T-2009-11278	solar950s	solar950t	2009	gimnazija	psihologija	4. letnik	test	Ljubljana
KUS-G-psi-4-LJ-T-2009-11279	solar951s	solar951t	2009	gimnazija	psihologija	4. letnik	test	Ljubljana
KUS-G-psi-4-LJ-T-2009-11280	solar952s	solar952t	2009	gimnazija	psihologija	4. letnik	test	Ljubljana
KUS-G-psi-4-LJ-T-2009-11281	solar953s	solar953t	2009	gimnazija	psihologija	4. letnik	test	Ljubljana
KUS-G-psi-4-LJ-T-2009-11282	solar954s	solar954t	2009	gimnazija	psihologija	4. letnik	test	Ljubljana
KUS-G-psi-4-LJ-T-2009-11283	solar955s	solar955t	2009	gimnazija	psihologija	4. letnik	test	Ljubljana
KUS-G-psi-4-LJ-T-2009-11284	solar956s	solar956t	2009	gimnazija	psihologija	4. letnik	test	Ljubljana
KUS-G-psi-4-LJ-T-2009-11285	solar957s	solar957t	2009	gimnazija	psihologija	4. letnik	test	Ljubljana
KUS-G-psi-4-LJ-T-2009-11286	solar958s	solar958t	2009	gimnazija	psihologija	4. letnik	test	Ljubljana
KUS-G-psi-4-LJ-T-2009-11287	solar959s	solar959t	2009	gimnazija	psihologija	4. letnik	test	Ljubljana
KUS-G-psi-4-LJ-T-2009-11289	solar960s	solar960t	2009	gimnazija	psihologija	4. letnik	test	Ljubljana
KUS-G-psi-4-LJ-T-2009-11290	solar961s	solar961t	2009	gimnazija	psihologija	4. letnik	test	Ljubljana
KUS-G-psi-4-LJ-T-2009-11291	solar962s	solar962t	2009	gimnazija	psihologija	4. letnik	test	Ljubljana
KUS-G-psi-4-LJ-T-2009-11292	solar963s	solar963t	2009	gimnazija	psihologija	4. letnik	test	Ljubljana
KUS-G-psi-4-LJ-T-2009-11293	solar964s	solar964t	2009	gimnazija	psihologija	4. letnik	test	Ljubljana
KUS-G-psi-4-LJ-T-2009-11294	solar965s	solar965t	2009	gimnazija	psihologija	4. letnik	test	Ljubljana
KUS-G-psi-4-LJ-T-2009-11295	solar966s	solar966t	2009	gimnazija	psihologija	4. letnik	test	Ljubljana
KUS-G-psi-4-LJ-T-2009-11296	solar967s	solar967t	2009	gimnazija	psihologija	4. letnik	test	Ljubljana
KUS-G-psi-4-LJ-T-2009-11297	solar968s	solar968t	2009	gimnazija	psihologija	4. letnik	test	Ljubljana
KUS-G-psi-4-LJ-T-2009-11298	solar969s	solar969t	2009	gimnazija	psihologija	4. letnik	test	Ljubljana
KUS-G-psi-4-LJ-T-2009-11299	solar970s	solar970t	2009	gimnazija	psihologija	4. letnik	test	Ljubljana
KUS-G-psi-4-LJ-T-2009-11300	solar971s	solar971t	2009	gimnazija	psihologija	4. letnik	test	Ljubljana
KUS-G-psi-4-LJ-T-2009-11301	solar972s	solar972t	2009	gimnazija	psihologija	4. letnik	test	Ljubljana
KUS-G-psi-4-LJ-T-2009-11302	solar973s	solar973t	2009	gimnazija	psihologija	4. letnik	test	Ljubljana
KUS-G-psi-4-LJ-T-2009-11303	solar974s	solar974t	2009	gimnazija	psihologija	4. letnik	test	Ljubljana
KUS-G-psi-4-LJ-T-2009-11305	solar975s	solar975t	2009	gimnazija	psihologija	4. letnik	test	Ljubljana
KUS-G-psi-4-LJ-T-2009-11306	solar976s	solar976t	2009	gimnazija	psihologija	4. letnik	test	Ljubljana
KUS-G-psi-4-LJ-T-2009-11307	solar977s	solar977t	2009	gimnazija	psihologija	4. letnik	test	Ljubljana
KUS-G-psi-4-LJ-T-2009-11308	solar978s	solar978t	2009	gimnazija	psihologija	4. letnik	test	Ljubljana
KUS-G-psi-4-LJ-T-2009-11309	solar979s	solar979t	2009	gimnazija	psihologija	4. letnik	test	Ljubljana
KUS-G-psi-4-LJ-T-2009-11310	solar980s	solar980t	2009	gimnazija	psihologija	4. letnik	test	Ljubljana
KUS-G-psi-4-LJ-T-2009-11311	solar981s	solar981t	2009	gimnazija	psihologija	4. letnik	test	Ljubljana
KUS-G-psi-4-LJ-T-2009-11312	solar982s	solar982t	2009	gimnazija	psihologija	4. letnik	test	Ljubljana
KUS-G-psi-4-LJ-T-2009-11313	solar983s	solar983t	2009	gimnazija	psihologija	4. letnik	test	Ljubljana
KUS-G-psi-4-LJ-T-2009-11314	solar984s	solar984t	2009	gimnazija	psihologija	4. letnik	test	Ljubljana
KUS-G-psi-4-LJ-T-2009-11316	solar985s	solar985t	2009	gimnazija	psihologija	4. letnik	test	Ljubljana
KUS-G-psi-4-LJ-T-2009-11320	solar986s	solar986t	2009	gimnazija	psihologija	4. letnik	test	Ljubljana
KUS-G-psi-4-LJ-T-2009-11321	solar987s	solar987t	2009	gimnazija	psihologija	4. letnik	test	Ljubljana
KUS-G-psi-4-LJ-T-2009-11322	solar988s	solar988t	2009	gimnazija	psihologija	4. letnik	test	Ljubljana
KUS-G-psi-4-LJ-T-2009-11323	solar989s	solar989t	2009	gimnazija	psihologija	4. letnik	test	Ljubljana
KUS-G-psi-4-LJ-T-2009-11324	solar990s	solar990t	2009	gimnazija	psihologija	4. letnik	test	Ljubljana
KUS-G-psi-4-LJ-T-2009-11325	solar991s	solar991t	2009	gimnazija	psihologija	4. letnik	test	Ljubljana
KUS-G-psi-4-LJ-T-2009-11326	solar992s	solar992t	2009	gimnazija	psihologija	4. letnik	test	Ljubljana
KUS-G-psi-4-LJ-T-2009-11327	solar993s	solar993t	2009	gimnazija	psihologija	4. letnik	test	Ljubljana
KUS-G-psi-4-LJ-T-2009-11328	solar994s	solar994t	2009	gimnazija	psihologija	4. letnik	test	Ljubljana
KUS-G-psi-4-LJ-T-2009-11329	solar995s	solar995t	2009	gimnazija	psihologija	4. letnik	test	Ljubljana
KUS-G-psi-4-LJ-T-2009-11330	solar996s	solar996t	2009	gimnazija	psihologija	4. letnik	test	Ljubljana
KUS-G-psi-4-LJ-T-2009-11331	solar997s	solar997t	2009	gimnazija	psihologija	4. letnik	test	Ljubljana
KUS-G-psi-4-LJ-T-2009-11332	solar998s	solar998t	2009	gimnazija	psihologija	4. letnik	test	Ljubljana
KUS-G-psi-4-LJ-T-2009-11333	solar999s	solar999t	2009	gimnazija	psihologija	4. letnik	test	Ljubljana
KUS-G-psi-4-LJ-T-2009-11334	solar1000s	solar1000t	2009	gimnazija	psihologija	4. letnik	test	Ljubljana
KUS-G-psi-4-LJ-T-2009-11335	solar1001s	solar1001t	2009	gimnazija	psihologija	4. letnik	test	Ljubljana
KUS-G-psi-4-LJ-T-2009-11336	solar1002s	solar1002t	2009	gimnazija	psihologija	4. letnik	test	Ljubljana
KUS-G-psi-4-LJ-T-2009-11337	solar1003s	solar1003t	2009	gimnazija	psihologija	4. letnik	test	Ljubljana
KUS-G-psi-4-LJ-T-2009-11338	solar1004s	solar1004t	2009	gimnazija	psihologija	4. letnik	test	Ljubljana
KUS-G-psi-4-LJ-T-2009-11339	solar1005s	solar1005t	2009	gimnazija	psihologija	4. letnik	test	Ljubljana
KUS-G-psi-4-LJ-T-2009-11340	solar1006s	solar1006t	2009	gimnazija	psihologija	4. letnik	test	Ljubljana
KUS-G-zgd-3-LJ-T-2010-11341	solar1007s	solar1007t	2010	gimnazija	zgodovina	3. letnik	test	Ljubljana
KUS-G-zgd-3-LJ-T-2010-11342	solar1008s	solar1008t	2010	gimnazija	zgodovina	3. letnik	test	Ljubljana
KUS-G-zgd-3-LJ-T-2010-11343	solar1009s	solar1009t	2010	gimnazija	zgodovina	3. letnik	test	Ljubljana
KUS-G-zgd-3-LJ-T-2010-11344	solar1010s	solar1010t	2010	gimnazija	zgodovina	3. letnik	test	Ljubljana
KUS-G-zgd-3-LJ-T-2010-11345	solar1011s	solar1011t	2010	gimnazija	zgodovina	3. letnik	test	Ljubljana
KUS-G-zgd-3-LJ-T-2010-11346	solar1012s	solar1012t	2010	gimnazija	zgodovina	3. letnik	test	Ljubljana
KUS-G-zgd-3-LJ-T-2010-11347	solar1013s	solar1013t	2010	gimnazija	zgodovina	3. letnik	test	Ljubljana
KUS-G-zgd-3-LJ-T-2010-11348	solar1014s	solar1014t	2010	gimnazija	zgodovina	3. letnik	test	Ljubljana
KUS-G-zgd-3-LJ-T-2010-11349	solar1015s	solar1015t	2010	gimnazija	zgodovina	3. letnik	test	Ljubljana
KUS-G-zgd-3-LJ-T-2010-11350	solar1016s	solar1016t	2010	gimnazija	zgodovina	3. letnik	test	Ljubljana
KUS-G-zgd-3-LJ-T-2010-11351	solar1017s	solar1017t	2010	gimnazija	zgodovina	3. letnik	test	Ljubljana
KUS-G-zgd-3-LJ-T-2010-11352	solar1018s	solar1018t	2010	gimnazija	zgodovina	3. letnik	test	Ljubljana
KUS-G-zgd-3-LJ-T-2010-11353	solar1019s	solar1019t	2010	gimnazija	zgodovina	3. letnik	test	Ljubljana
KUS-G-zgd-3-LJ-T-2010-11354	solar1020s	solar1020t	2010	gimnazija	zgodovina	3. letnik	test	Ljubljana
KUS-G-zgd-3-LJ-T-2010-11355	solar1021s	solar1021t	2010	gimnazija	zgodovina	3. letnik	test	Ljubljana
KUS-G-zgd-3-LJ-T-2010-11356	solar1022s	solar1022t	2010	gimnazija	zgodovina	3. letnik	test	Ljubljana
KUS-G-zgd-3-LJ-T-2010-11357	solar1023s	solar1023t	2010	gimnazija	zgodovina	3. letnik	test	Ljubljana
KUS-G-zgd-4-GO-T-2009-11358	solar1024s	solar1024t	2009	gimnazija	zgodovina	4. letnik	test	Gorica
KUS-G-zgd-4-GO-T-2009-11358	solar1025s	solar1025t	2009	gimnazija	zgodovina	4. letnik	test	Gorica
KUS-G-zgd-4-GO-T-2009-11360	solar1026s	solar1026t	2009	gimnazija	zgodovina	4. letnik	test	Gorica
KUS-G-zgd-4-GO-T-2009-11361	solar1027s	solar1027t	2009	gimnazija	zgodovina	4. letnik	test	Gorica
KUS-G-zgd-4-GO-T-2009-11362	solar1028s	solar1028t	2009	gimnazija	zgodovina	4. letnik	test	Gorica
KUS-G-zgd-4-GO-T-2009-11363	solar1029s	solar1029t	2009	gimnazija	zgodovina	4. letnik	test	Gorica
KUS-G-zgd-4-GO-T-2009-11364	solar1030s	solar1030t	2009	gimnazija	zgodovina	4. letnik	test	Gorica
KUS-G-zgd-4-GO-T-2009-11365	solar1031s	solar1031t	2009	gimnazija	zgodovina	4. letnik	test	Gorica
KUS-G-zgd-4-GO-T-2009-11366	solar1032s	solar1032t	2009	gimnazija	zgodovina	4. letnik	test	Gorica
KUS-G-zgd-4-GO-T-2009-11367	solar1033s	solar1033t	2009	gimnazija	zgodovina	4. letnik	test	Gorica
KUS-G-zgd-2-GO-T-2009-11368	solar1034s	solar1034t	2009	gimnazija	zgodovina	2. letnik	test	Gorica
KUS-G-zgd-2-GO-T-2009-11369	solar1035s	solar1035t	2009	gimnazija	zgodovina	2. letnik	test	Gorica
KUS-G-zgd-2-GO-T-2009-11370	solar1036s	solar1036t	2009	gimnazija	zgodovina	2. letnik	test	Gorica
KUS-G-zgd-2-GO-T-2009-11371	solar1037s	solar1037t	2009	gimnazija	zgodovina	2. letnik	test	Gorica
KUS-G-zgd-2-GO-T-2009-11372	solar1038s	solar1038t	2009	gimnazija	zgodovina	2. letnik	test	Gorica
KUS-G-zgd-2-GO-T-2009-11373	solar1039s	solar1039t	2009	gimnazija	zgodovina	2. letnik	test	Gorica
KUS-G-zgd-2-GO-T-2009-11374	solar1040s	solar1040t	2009	gimnazija	zgodovina	2. letnik	test	Gorica
KUS-G-zgd-2-GO-T-2009-11375	solar1041s	solar1041t	2009	gimnazija	zgodovina	2. letnik	test	Gorica
KUS-G-zgd-2-GO-T-2009-11376	solar1042s	solar1042t	2009	gimnazija	zgodovina	2. letnik	test	Gorica
KUS-G-zgd-2-GO-T-2009-11377	solar1043s	solar1043t	2009	gimnazija	zgodovina	2. letnik	test	Gorica
KUS-G-zgd-2-GO-T-2009-11378	solar1044s	solar1044t	2009	gimnazija	zgodovina	2. letnik	test	Gorica
KUS-G-zgd-2-LJ-T-2010-11379	solar1045s	solar1045t	2010	gimnazija	zgodovina	2. letnik	test	Ljubljana
KUS-G-zgd-2-LJ-T-2010-11380	solar1046s	solar1046t	2010	gimnazija	zgodovina	2. letnik	test	Ljubljana
KUS-G-zgd-2-LJ-T-2010-11381	solar1047s	solar1047t	2010	gimnazija	zgodovina	2. letnik	test	Ljubljana
KUS-G-zgd-2-LJ-T-2010-11382	solar1048s	solar1048t	2010	gimnazija	zgodovina	2. letnik	test	Ljubljana
KUS-G-zgd-2-LJ-T-2010-11383	solar1049s	solar1049t	2010	gimnazija	zgodovina	2. letnik	test	Ljubljana
KUS-G-zgd-2-LJ-T-2010-11384	solar1050s	solar1050t	2010	gimnazija	zgodovina	2. letnik	test	Ljubljana
KUS-G-zgd-2-LJ-T-2010-11385	solar1051s	solar1051t	2010	gimnazija	zgodovina	2. letnik	test	Ljubljana
KUS-G-zgd-2-LJ-T-2010-11386	solar1052s	solar1052t	2010	gimnazija	zgodovina	2. letnik	test	Ljubljana
KUS-G-zgd-2-LJ-T-2010-11387	solar1053s	solar1053t	2010	gimnazija	zgodovina	2. letnik	test	Ljubljana
KUS-G-zgd-2-LJ-T-2010-11388	solar1054s	solar1054t	2010	gimnazija	zgodovina	2. letnik	test	Ljubljana
KUS-G-zgd-2-LJ-T-2010-11389	solar1055s	solar1055t	2010	gimnazija	zgodovina	2. letnik	test	Ljubljana
KUS-G-zgd-2-LJ-T-2010-11390	solar1056s	solar1056t	2010	gimnazija	zgodovina	2. letnik	test	Ljubljana
KUS-G-zgd-2-LJ-T-2010-11391	solar1057s	solar1057t	2010	gimnazija	zgodovina	2. letnik	test	Ljubljana
KUS-G-psi-3-LJ-T-2010-11394	solar1058s	solar1058t	2010	gimnazija	psihologija	3. letnik	test	Ljubljana
KUS-G-psi-3-LJ-T-2010-11395	solar1059s	solar1059t	2010	gimnazija	psihologija	3. letnik	test	Ljubljana
KUS-G-psi-3-LJ-T-2010-11396	solar1060s	solar1060t	2010	gimnazija	psihologija	3. letnik	test	Ljubljana
KUS-G-psi-3-LJ-T-2010-11397	solar1061s	solar1061t	2010	gimnazija	psihologija	3. letnik	test	Ljubljana
KUS-G-psi-3-LJ-T-2010-11398	solar1062s	solar1062t	2010	gimnazija	psihologija	3. letnik	test	Ljubljana
KUS-G-psi-3-LJ-T-2010-11399	solar1063s	solar1063t	2010	gimnazija	psihologija	3. letnik	test	Ljubljana
KUS-G-psi-3-LJ-T-2010-11400	solar1064s	solar1064t	2010	gimnazija	psihologija	3. letnik	test	Ljubljana
KUS-G-psi-3-LJ-T-2010-11401	solar1065s	solar1065t	2010	gimnazija	psihologija	3. letnik	test	Ljubljana
KUS-G-psi-3-LJ-T-2010-11402	solar1066s	solar1066t	2010	gimnazija	psihologija	3. letnik	test	Ljubljana
KUS-G-zgd-2-LJ-T-2010-11403	solar1067s	solar1067t	2010	gimnazija	zgodovina	2. letnik	test	Ljubljana
KUS-G-zgd-2-LJ-T-2010-11404	solar1068s	solar1068t	2010	gimnazija	zgodovina	2. letnik	test	Ljubljana
KUS-G-zgd-2-LJ-T-2010-11405	solar1069s	solar1069t	2010	gimnazija	zgodovina	2. letnik	test	Ljubljana
KUS-G-zgd-2-LJ-T-2010-11406	solar1070s	solar1070t	2010	gimnazija	zgodovina	2. letnik	test	Ljubljana
KUS-G-zgd-2-LJ-T-2010-11407	solar1071s	solar1071t	2010	gimnazija	zgodovina	2. letnik	test	Ljubljana
KUS-G-zgd-2-LJ-T-2010-11408	solar1072s	solar1072t	2010	gimnazija	zgodovina	2. letnik	test	Ljubljana
KUS-G-zgd-2-LJ-T-2010-11409	solar1073s	solar1073t	2010	gimnazija	zgodovina	2. letnik	test	Ljubljana
KUS-G-zgd-2-LJ-T-2010-11410	solar1074s	solar1074t	2010	gimnazija	zgodovina	2. letnik	test	Ljubljana
KUS-G-zgd-2-LJ-T-2010-11411	solar1075s	solar1075t	2010	gimnazija	zgodovina	2. letnik	test	Ljubljana
KUS-G-zgd-2-LJ-T-2010-11412	solar1076s	solar1076t	2010	gimnazija	zgodovina	2. letnik	test	Ljubljana
KUS-G-zgd-2-LJ-T-2010-11413	solar1077s	solar1077t	2010	gimnazija	zgodovina	2. letnik	test	Ljubljana
KUS-G-geo-4-LJ-T-2010-11414	solar1078s	solar1078t	2010	gimnazija	geografija	4. letnik	test	Ljubljana
KUS-G-geo-4-LJ-T-2010-11415	solar1079s	solar1079t	2010	gimnazija	geografija	4. letnik	test	Ljubljana
KUS-G-geo-4-LJ-T-2010-11416	solar1080s	solar1080t	2010	gimnazija	geografija	4. letnik	test	Ljubljana
KUS-G-geo-2-LJ-T-2010-11417	solar1081s	solar1081t	2010	gimnazija	geografija	2. letnik	test	Ljubljana
KUS-G-geo-2-LJ-T-2010-11418	solar1082s	solar1082t	2010	gimnazija	geografija	2. letnik	test	Ljubljana
KUS-G-geo-2-LJ-T-2010-11419	solar1083s	solar1083t	2010	gimnazija	geografija	2. letnik	test	Ljubljana
KUS-G-geo-2-LJ-T-2010-11420	solar1084s	solar1084t	2010	gimnazija	geografija	2. letnik	test	Ljubljana
KUS-G-geo-2-LJ-T-2010-11421	solar1085s	solar1085t	2010	gimnazija	geografija	2. letnik	test	Ljubljana
KUS-G-zgd-3-LJ-T-2010-11422	solar1086s	solar1086t	2010	gimnazija	zgodovina	3. letnik	test	Ljubljana
KUS-G-zgd-3-LJ-T-2010-11423	solar1087s	solar1087t	2010	gimnazija	zgodovina	3. letnik	test	Ljubljana
KUS-G-zgd-3-LJ-T-2010-11424	solar1088s	solar1088t	2010	gimnazija	zgodovina	3. letnik	test	Ljubljana
KUS-G-zgd-3-LJ-T-2010-11425	solar1089s	solar1089t	2010	gimnazija	zgodovina	3. letnik	test	Ljubljana
KUS-G-zgd-3-LJ-T-2010-11426	solar1090s	solar1090t	2010	gimnazija	zgodovina	3. letnik	test	Ljubljana
KUS-G-zgd-3-LJ-T-2010-11427	solar1091s	solar1091t	2010	gimnazija	zgodovina	3. letnik	test	Ljubljana
KUS-G-zgd-3-LJ-T-2010-11428	solar1092s	solar1092t	2010	gimnazija	zgodovina	3. letnik	test	Ljubljana
KUS-G-zgd-3-LJ-T-2010-11429	solar1093s	solar1093t	2010	gimnazija	zgodovina	3. letnik	test	Ljubljana
KUS-G-zgd-3-LJ-T-2010-11430	solar1094s	solar1094t	2010	gimnazija	zgodovina	3. letnik	test	Ljubljana
KUS-G-zgd-3-LJ-T-2010-11431	solar1095s	solar1095t	2010	gimnazija	zgodovina	3. letnik	test	Ljubljana
KUS-G-fil-4-CE-T-2009-11432	solar1096s	solar1096t	2009	gimnazija	filozofija	4. letnik	test	Celje
KUS-G-fil-4-CE-T-2009-11433	solar1097s	solar1097t	2009	gimnazija	filozofija	4. letnik	test	Celje
KUS-G-fil-4-CE-T-2009-11435	solar1098s	solar1098t	2009	gimnazija	filozofija	4. letnik	test	Celje
KUS-G-fil-4-CE-T-2009-11436	solar1099s	solar1099t	2009	gimnazija	filozofija	4. letnik	test	Celje
KUS-G-fil-4-CE-T-2009-11437	solar1100s	solar1100t	2009	gimnazija	filozofija	4. letnik	test	Celje
KUS-G-fil-4-CE-T-2009-11438	solar1101s	solar1101t	2009	gimnazija	filozofija	4. letnik	test	Celje
KUS-G-fil-4-CE-T-2009-11439	solar1102s	solar1102t	2009	gimnazija	filozofija	4. letnik	test	Celje
KUS-G-fil-4-CE-T-2009-11440	solar1103s	solar1103t	2009	gimnazija	filozofija	4. letnik	test	Celje
KUS-G-fil-4-CE-T-2009-11441	solar1104s	solar1104t	2009	gimnazija	filozofija	4. letnik	test	Celje
KUS-G-fil-4-CE-T-2009-11442	solar1105s	solar1105t	2009	gimnazija	filozofija	4. letnik	test	Celje
KUS-G-geo-3-CE-T-2009/2010-11443	solar1106s	solar1106t	2009/2010	gimnazija	geografija	3. letnik	test	Celje
KUS-G-geo-3-CE-T-2009/2010-11444	solar1107s	solar1107t	2009/2010	gimnazija	geografija	3. letnik	test	Celje
KUS-G-geo-3-CE-T-2009/2010-11445	solar1108s	solar1108t	2009/2010	gimnazija	geografija	3. letnik	test	Celje
KUS-G-geo-3-CE-T-2009/2010-11446	solar1109s	solar1109t	2009/2010	gimnazija	geografija	3. letnik	test	Celje
KUS-G-geo-3-CE-T-2009/2010-11447	solar1110s	solar1110t	2009/2010	gimnazija	geografija	3. letnik	test	Celje
KUS-G-geo-3-CE-T-2009/2010-11448	solar1111s	solar1111t	2009/2010	gimnazija	geografija	3. letnik	test	Celje
KUS-G-geo-3-CE-T-2009/2010-11450	solar1112s	solar1112t	2009/2010	gimnazija	geografija	3. letnik	test	Celje
KUS-G-geo-3-CE-T-2009/2010-11451	solar1113s	solar1113t	2009/2010	gimnazija	geografija	3. letnik	test	Celje
KUS-G-geo-3-CE-T-2009/2010-11452	solar1114s	solar1114t	2009/2010	gimnazija	geografija	3. letnik	test	Celje
KUS-G-geo-3-CE-T-2009/2010-11453	solar1115s	solar1115t	2009/2010	gimnazija	geografija	3. letnik	test	Celje
KUS-G-geo-3-CE-T-2009/2010-11454	solar1116s	solar1116t	2009/2010	gimnazija	geografija	3. letnik	test	Celje
KUS-G-geo-3-CE-T-2009/2010-11455	solar1117s	solar1117t	2009/2010	gimnazija	geografija	3. letnik	test	Celje
KUS-G-geo-3-CE-T-2009/2010-11456	solar1118s	solar1118t	2009/2010	gimnazija	geografija	3. letnik	test	Celje
KUS-G-geo-3-CE-T-2009/2010-11457	solar1119s	solar1119t	2009/2010	gimnazija	geografija	3. letnik	test	Celje
KUS-G-geo-3-CE-T-2009/2010-11458	solar1120s	solar1120t	2009/2010	gimnazija	geografija	3. letnik	test	Celje
KUS-G-geo-3-CE-T-2009/2010-11459	solar1121s	solar1121t	2009/2010	gimnazija	geografija	3. letnik	test	Celje
KUS-G-geo-3-CE-T-2009/2010-11460	solar1122s	solar1122t	2009/2010	gimnazija	geografija	3. letnik	test	Celje
KUS-G-geo-3-CE-T-2009/2010-11461	solar1123s	solar1123t	2009/2010	gimnazija	geografija	3. letnik	test	Celje
KUS-G-geo-3-CE-T-2009/2010-11462	solar1124s	solar1124t	2009/2010	gimnazija	geografija	3. letnik	test	Celje
KUS-G-geo-3-CE-T-2009/2010-11463	solar1125s	solar1125t	2009/2010	gimnazija	geografija	3. letnik	test	Celje
KUS-G-geo-3-CE-T-2009/2010-11464	solar1126s	solar1126t	2009/2010	gimnazija	geografija	3. letnik	test	Celje
KUS-G-geo-3-CE-T-2009/2010-11465	solar1127s	solar1127t	2009/2010	gimnazija	geografija	3. letnik	test	Celje
KUS-G-geo-3-CE-T-2009/2010-11466	solar1128s	solar1128t	2009/2010	gimnazija	geografija	3. letnik	test	Celje
KUS-G-geo-3-CE-T-2009/2010-11467	solar1129s	solar1129t	2009/2010	gimnazija	geografija	3. letnik	test	Celje
KUS-G-geo-3-CE-T-2009/2010-11468	solar1130s	solar1130t	2009/2010	gimnazija	geografija	3. letnik	test	Celje
KUS-G-psi-3-LJ-T-2009-11470	solar1131s	solar1131t	2009	gimnazija	psihologija	3. letnik	test	Ljubljana
KUS-G-psi-3-LJ-T-2009-11471	solar1132s	solar1132t	2009	gimnazija	psihologija	3. letnik	test	Ljubljana
KUS-G-psi-3-LJ-T-2009-11472	solar1133s	solar1133t	2009	gimnazija	psihologija	3. letnik	test	Ljubljana
KUS-G-psi-3-LJ-T-2009-11473	solar1134s	solar1134t	2009	gimnazija	psihologija	3. letnik	test	Ljubljana
KUS-G-psi-3-LJ-T-2009-11474	solar1135s	solar1135t	2009	gimnazija	psihologija	3. letnik	test	Ljubljana
KUS-G-psi-3-LJ-T-2009-11475	solar1136s	solar1136t	2009	gimnazija	psihologija	3. letnik	test	Ljubljana
KUS-G-psi-3-LJ-T-2009-11476	solar1137s	solar1137t	2009	gimnazija	psihologija	3. letnik	test	Ljubljana
KUS-G-psi-3-LJ-T-2009-11477	solar1138s	solar1138t	2009	gimnazija	psihologija	3. letnik	test	Ljubljana
KUS-G-psi-3-LJ-T-2009-11478	solar1139s	solar1139t	2009	gimnazija	psihologija	3. letnik	test	Ljubljana
KUS-G-psi-3-LJ-T-2009-11479	solar1140s	solar1140t	2009	gimnazija	psihologija	3. letnik	test	Ljubljana
KUS-G-psi-3-LJ-T-2009-11480	solar1141s	solar1141t	2009	gimnazija	psihologija	3. letnik	test	Ljubljana
KUS-G-psi-3-LJ-T-2009-11481	solar1142s	solar1142t	2009	gimnazija	psihologija	3. letnik	test	Ljubljana
KUS-G-psi-3-LJ-T-2009-11482	solar1143s	solar1143t	2009	gimnazija	psihologija	3. letnik	test	Ljubljana
KUS-G-psi-3-LJ-T-2009-11483	solar1144s	solar1144t	2009	gimnazija	psihologija	3. letnik	test	Ljubljana
KUS-G-psi-3-LJ-T-2009-11484	solar1145s	solar1145t	2009	gimnazija	psihologija	3. letnik	test	Ljubljana
KUS-G-psi-3-LJ-T-2009-11485	solar1146s	solar1146t	2009	gimnazija	psihologija	3. letnik	test	Ljubljana
KUS-G-psi-3-LJ-T-2009-11486	solar1147s	solar1147t	2009	gimnazija	psihologija	3. letnik	test	Ljubljana
KUS-G-psi-3-LJ-T-2009-11487	solar1148s	solar1148t	2009	gimnazija	psihologija	3. letnik	test	Ljubljana
KUS-G-psi-3-LJ-T-2009-11488	solar1149s	solar1149t	2009	gimnazija	psihologija	3. letnik	test	Ljubljana
KUS-G-fil-4-CE-T-2009/2010-11489	solar1150s	solar1150t	2009/2010	gimnazija	filozofija	4. letnik	test	Celje
KUS-G-fil-4-CE-T-2009/2010-11490	solar1151s	solar1151t	2009/2010	gimnazija	filozofija	4. letnik	test	Celje
KUS-G-fil-4-CE-T-2009/2010-11491	solar1152s	solar1152t	2009/2010	gimnazija	filozofija	4. letnik	test	Celje
KUS-G-fil-4-CE-T-2009/2010-11492	solar1153s	solar1153t	2009/2010	gimnazija	filozofija	4. letnik	test	Celje
KUS-G-fil-4-CE-T-2009/2010-11493	solar1154s	solar1154t	2009/2010	gimnazija	filozofija	4. letnik	test	Celje
KUS-G-fil-4-CE-T-2009/2010-11494	solar1155s	solar1155t	2009/2010	gimnazija	filozofija	4. letnik	test	Celje
KUS-G-fil-4-CE-T-2009/2010-11495	solar1156s	solar1156t	2009/2010	gimnazija	filozofija	4. letnik	test	Celje
KUS-G-fil-4-CE-T-2009/2010-11496	solar1157s	solar1157t	2009/2010	gimnazija	filozofija	4. letnik	test	Celje
KUS-G-fil-4-CE-T-2009/2010-11497	solar1158s	solar1158t	2009/2010	gimnazija	filozofija	4. letnik	test	Celje
KUS-G-fil-4-CE-T-2009/2010-11498	solar1159s	solar1159t	2009/2010	gimnazija	filozofija	4. letnik	test	Celje
KUS-G-fil-4-CE-T-2009/2010-11499	solar1160s	solar1160t	2009/2010	gimnazija	filozofija	4. letnik	test	Celje
KUS-G-fil-4-CE-T-2009/2010-11500	solar1161s	solar1161t	2009/2010	gimnazija	filozofija	4. letnik	test	Celje
KUS-G-fil-4-CE-T-2009/2010-11501	solar1162s	solar1162t	2009/2010	gimnazija	filozofija	4. letnik	test	Celje
KUS-G-fil-4-CE-T-2009/2010-11502	solar1163s	solar1163t	2009/2010	gimnazija	filozofija	4. letnik	test	Celje
KUS-G-slo-3-LJ-E-2009/2010-11503	solar1164s	solar1164t	2009/2010	gimnazija	slovenščina	3. letnik	esej ali spis	Ljubljana
KUS-G-slo-1-GO-E-2009-11505	solar1165s	solar1165t	2009	gimnazija	slovenščina	1. letnik	esej ali spis	Gorica
KUS-G-slo-1-GO-E-2009-11506	solar1166s	solar1166t	2009	gimnazija	slovenščina	1. letnik	esej ali spis	Gorica
KUS-G-slo-1-GO-E-2009-11507	solar1167s	solar1167t	2009	gimnazija	slovenščina	1. letnik	esej ali spis	Gorica
KUS-G-slo-2-GO-E-2010-11508	solar1168s	solar1168t	2010	gimnazija	slovenščina	2. letnik	esej ali spis	Gorica
KUS-G-slo-2-GO-E-2010-11509	solar1169s	solar1169t	2010	gimnazija	slovenščina	2. letnik	esej ali spis	Gorica
KUS-G-slo-2-GO-E-2010-11510	solar1170s	solar1170t	2010	gimnazija	slovenščina	2. letnik	esej ali spis	Gorica
KUS-SI-slo-4-LJ-E-2008-20001	solar1171s	solar1171t	2008	strokovna šola	slovenščina	4. letnik	esej ali spis	Ljubljana
KUS-SI-slo-3-LJ-E-2009-20002	solar1172s	solar1172t	2009	strokovna šola	slovenščina	3. letnik	esej ali spis	Ljubljana
KUS-SI-slo-3-LJ-E-2009-20003	solar1173s	solar1173t	2009	strokovna šola	slovenščina	3. letnik	esej ali spis	Ljubljana
KUS-SI-slo-2-LJ-E-2008-20004	solar1174s	solar1174t	2008	strokovna šola	slovenščina	2. letnik	esej ali spis	Ljubljana
KUS-SI-slo-2-LJ-E-2008-20005	solar1175s	solar1175t	2008	strokovna šola	slovenščina	2. letnik	esej ali spis	Ljubljana
KUS-SI-slo-3-MB-E-2010-20006	solar1176s	solar1176t	2010	strokovna šola	slovenščina	3. letnik	esej ali spis	Maribor
KUS-SI-slo-1-MB-E-2009/2010-20007	solar1177s	solar1177t	2009/2010	strokovna šola	slovenščina	1. letnik	esej ali spis	Maribor
KUS-SI-slo-1-MB-E-2009/2010-20008	solar1178s	solar1178t	2009/2010	strokovna šola	slovenščina	1. letnik	esej ali spis	Maribor
KUS-SI-slo-1-MB-E-2009/2010-20009	solar1179s	solar1179t	2009/2010	strokovna šola	slovenščina	1. letnik	esej ali spis	Maribor
KUS-SI-slo-1-MB-E-2009/2010-20010	solar1180s	solar1180t	2009/2010	strokovna šola	slovenščina	1. letnik	esej ali spis	Maribor
KUS-SI-slo-1-MB-E-2009/2010-20011	solar1181s	solar1181t	2009/2010	strokovna šola	slovenščina	1. letnik	esej ali spis	Maribor
KUS-SI-slo-1-MB-E-2009/2010-20013	solar1182s	solar1182t	2009/2010	strokovna šola	slovenščina	1. letnik	esej ali spis	Maribor
KUS-SI-slo-1-MB-E-2009/2010-20014	solar1183s	solar1183t	2009/2010	strokovna šola	slovenščina	1. letnik	esej ali spis	Maribor
KUS-SI-slo-1-MB-E-2009/2010-20015	solar1184s	solar1184t	2009/2010	strokovna šola	slovenščina	1. letnik	esej ali spis	Maribor
KUS-SI-slo-1-MB-E-2009/2010-20016	solar1185s	solar1185t	2009/2010	strokovna šola	slovenščina	1. letnik	esej ali spis	Maribor
KUS-SI-slo-1-MB-E-2009/2010-20017	solar1186s	solar1186t	2009/2010	strokovna šola	slovenščina	1. letnik	esej ali spis	Maribor
KUS-SI-slo-1-MB-E-2009/2010-20018	solar1187s	solar1187t	2009/2010	strokovna šola	slovenščina	1. letnik	esej ali spis	Maribor
KUS-SI-slo-1-MB-E-2009/2010-20019	solar1188s	solar1188t	2009/2010	strokovna šola	slovenščina	1. letnik	esej ali spis	Maribor
KUS-SI-slo-1-MB-E-2010-20021	solar1189s	solar1189t	2010	strokovna šola	slovenščina	1. letnik	esej ali spis	Maribor
KUS-SI-slo-1-MB-E-2010-20022	solar1190s	solar1190t	2010	strokovna šola	slovenščina	1. letnik	esej ali spis	Maribor
KUS-SI-slo-1-MB-E-2010-20023	solar1191s	solar1191t	2010	strokovna šola	slovenščina	1. letnik	esej ali spis	Maribor
KUS-SI-slo-1-MB-E-2010-20024	solar1192s	solar1192t	2010	strokovna šola	slovenščina	1. letnik	esej ali spis	Maribor
KUS-SI-slo-1-MB-E-2010-20025	solar1193s	solar1193t	2010	strokovna šola	slovenščina	1. letnik	esej ali spis	Maribor
KUS-SI-slo-1-MB-E-2010-20026	solar1194s	solar1194t	2010	strokovna šola	slovenščina	1. letnik	esej ali spis	Maribor
KUS-SI-slo-1-MB-E-2010-20027	solar1195s	solar1195t	2010	strokovna šola	slovenščina	1. letnik	esej ali spis	Maribor
KUS-SI-slo-1-MB-E-2010-20028	solar1196s	solar1196t	2010	strokovna šola	slovenščina	1. letnik	esej ali spis	Maribor
KUS-SI-slo-1-MB-E-2010-20029	solar1197s	solar1197t	2010	strokovna šola	slovenščina	1. letnik	esej ali spis	Maribor
KUS-SI-slo-1-MB-E-2010-20030	solar1198s	solar1198t	2010	strokovna šola	slovenščina	1. letnik	esej ali spis	Maribor
KUS-SI-slo-1-MB-E-2010-20031	solar1199s	solar1199t	2010	strokovna šola	slovenščina	1. letnik	esej ali spis	Maribor
KUS-SI-slo-1-MB-E-2010-20032	solar1200s	solar1200t	2010	strokovna šola	slovenščina	1. letnik	esej ali spis	Maribor
KUS-SI-slo-1-MB-E-2010-20033	solar1201s	solar1201t	2010	strokovna šola	slovenščina	1. letnik	esej ali spis	Maribor
KUS-SI-slo-1-MB-E-2010-20034	solar1202s	solar1202t	2010	strokovna šola	slovenščina	1. letnik	esej ali spis	Maribor
KUS-SI-slo-1-MB-E-2010-20035	solar1203s	solar1203t	2010	strokovna šola	slovenščina	1. letnik	esej ali spis	Maribor
KUS-SI-slo-1-MB-E-2010-20036	solar1204s	solar1204t	2010	strokovna šola	slovenščina	1. letnik	esej ali spis	Maribor
KUS-SI-slo-1-MB-E-2010-20037	solar1205s	solar1205t	2010	strokovna šola	slovenščina	1. letnik	esej ali spis	Maribor
KUS-SI-slo-1-MB-E-2010-20038	solar1206s	solar1206t	2010	strokovna šola	slovenščina	1. letnik	esej ali spis	Maribor
KUS-SI-slo-1-MB-E-2010-20039	solar1207s	solar1207t	2010	strokovna šola	slovenščina	1. letnik	esej ali spis	Maribor
KUS-SI-slo-1-MB-E-2010-21276	solar1208s	solar1208t	2010	strokovna šola	slovenščina	1. letnik	esej ali spis	Maribor
KUS-SI-slo-1-MB-E-2010-20041	solar1209s	solar1209t	2010	strokovna šola	slovenščina	1. letnik	esej ali spis	Maribor
KUS-SI-slo-1-MB-E-2010-20042	solar1210s	solar1210t	2010	strokovna šola	slovenščina	1. letnik	esej ali spis	Maribor
KUS-SI-slo-4-MB-E-2009/2010-20044	solar1211s	solar1211t	2009/2010	strokovna šola	slovenščina	4. letnik	esej ali spis	Maribor
KUS-SI-slo-4-MB-E-2009/2010-20045	solar1212s	solar1212t	2009/2010	strokovna šola	slovenščina	4. letnik	esej ali spis	Maribor
KUS-SI-slo-4-MB-E-2009/2010-20046	solar1213s	solar1213t	2009/2010	strokovna šola	slovenščina	4. letnik	esej ali spis	Maribor
KUS-SI-slo-4-MB-E-2009/2010-20047	solar1214s	solar1214t	2009/2010	strokovna šola	slovenščina	4. letnik	esej ali spis	Maribor
KUS-Sl-slo-1-MB-E-2009/10-20048	solar1215s	solar1215t	2009/2010	strokovna šola	slovenščina	1. letnik	esej ali spis	Maribor
KUS-Sl-slo-1-MB-E-2009/10-20049	solar1216s	solar1216t	2009/2010	strokovna šola	slovenščina	1. letnik	esej ali spis	Maribor
KUS-Sl-slo-1-MB-E-2009/10-20050	solar1217s	solar1217t	2009/2010	strokovna šola	slovenščina	1. letnik	esej ali spis	Maribor
KUS-Sl-slo-1-MB-E-2009/10-20051	solar1218s	solar1218t	2009/2010	strokovna šola	slovenščina	1. letnik	esej ali spis	Maribor
KUS-Sl-slo-1-MB-E-2009/10-20052	solar1219s	solar1219t	2009/2010	strokovna šola	slovenščina	1. letnik	esej ali spis	Maribor
KUS-Sl-slo-1-MB-E-2009/10-20053	solar1220s	solar1220t	2009/2010	strokovna šola	slovenščina	1. letnik	esej ali spis	Maribor
KUS-Sl-slo-1-MB-E-2009/10-20054	solar1221s	solar1221t	2009/2010	strokovna šola	slovenščina	1. letnik	esej ali spis	Maribor
KUS-Sl-slo-1-MB-E-2009/10-20055	solar1222s	solar1222t	2009/2010	strokovna šola	slovenščina	1. letnik	esej ali spis	Maribor
KUS-Sl-slo-1-MB-E-2009/10-20056	solar1223s	solar1223t	2009/2010	strokovna šola	slovenščina	1. letnik	esej ali spis	Maribor
KUS-Sl-slo-1-MB-E-2009/10-20057	solar1224s	solar1224t	2009/2010	strokovna šola	slovenščina	1. letnik	esej ali spis	Maribor
KUS-Sl-slo-1-MB-E-2009/10-20058	solar1225s	solar1225t	2009/2010	strokovna šola	slovenščina	1. letnik	esej ali spis	Maribor
KUS-Sl-slo-1-MB-E-2009/10-20059	solar1226s	solar1226t	2009/2010	strokovna šola	slovenščina	1. letnik	esej ali spis	Maribor
KUS-Sl-slo-1-MB-E-2009/10-20060	solar1227s	solar1227t	2009/2010	strokovna šola	slovenščina	1. letnik	esej ali spis	Maribor
KUS-Sl-slo-1-MB-E-2009/10-20061	solar1228s	solar1228t	2009/2010	strokovna šola	slovenščina	1. letnik	esej ali spis	Maribor
KUS-Sl-slo-1-MB-E-2009/10-20062	solar1229s	solar1229t	2009/2010	strokovna šola	slovenščina	1. letnik	esej ali spis	Maribor
KUS-Sl-slo-1-MB-E-2009/10-20063	solar1230s	solar1230t	2009/2010	strokovna šola	slovenščina	1. letnik	esej ali spis	Maribor
KUS-Sl-slo-1-MB-E-2009/10-20064	solar1231s	solar1231t	2009/2010	strokovna šola	slovenščina	1. letnik	esej ali spis	Maribor
KUS-Sl-slo-1-MB-E-2009/10-20065	solar1232s	solar1232t	2009/2010	strokovna šola	slovenščina	1. letnik	esej ali spis	Maribor
KUS-Sl-slo-1-MB-E-2009/10-20066	solar1233s	solar1233t	2009/2010	strokovna šola	slovenščina	1. letnik	esej ali spis	Maribor
KUS-Sl-slo-1-MB-E-2009/10-20067	solar1234s	solar1234t	2009/2010	strokovna šola	slovenščina	1. letnik	esej ali spis	Maribor
KUS-Sl-slo-1-MB-E-2009/10-20068	solar1235s	solar1235t	2009/2010	strokovna šola	slovenščina	1. letnik	esej ali spis	Maribor
KUS-Sl-slo-1-MB-E-2009/10-20069	solar1236s	solar1236t	2009/2010	strokovna šola	slovenščina	1. letnik	esej ali spis	Maribor
KUS-Sl-slo-1-MB-E-2009/10-20070	solar1237s	solar1237t	2009/2010	strokovna šola	slovenščina	1. letnik	esej ali spis	Maribor
KUS-Sl-slo-1-MB-E-2009/10-20071	solar1238s	solar1238t	2009/2010	strokovna šola	slovenščina	1. letnik	esej ali spis	Maribor
KUS-SI-slo-3-LJ-E-2009-20072	solar1239s	solar1239t	2009	strokovna šola	slovenščina	3. letnik	esej ali spis	Ljubljana
KUS-SI-slo-3-LJ-E-2009-20073	solar1240s	solar1240t	2009	strokovna šola	slovenščina	3. letnik	esej ali spis	Ljubljana
KUS-SI-slo-3-LJ-E-2009-20074	solar1241s	solar1241t	2009	strokovna šola	slovenščina	3. letnik	esej ali spis	Ljubljana
KUS-SI-slo-3-LJ-E-2009-20075	solar1242s	solar1242t	2009	strokovna šola	slovenščina	3. letnik	esej ali spis	Ljubljana
KUS-SI-slo-3-LJ-E-2009-20076	solar1243s	solar1243t	2009	strokovna šola	slovenščina	3. letnik	esej ali spis	Ljubljana
KUS-SI-slo-3-LJ-E-2009-20077	solar1244s	solar1244t	2009	strokovna šola	slovenščina	3. letnik	esej ali spis	Ljubljana
KUS-SI-slo-3-LJ-E-2009-20078	solar1245s	solar1245t	2009	strokovna šola	slovenščina	3. letnik	esej ali spis	Ljubljana
KUS-SI-slo-3-LJ-E-2009-20079	solar1246s	solar1246t	2009	strokovna šola	slovenščina	3. letnik	esej ali spis	Ljubljana
KUS-SI-slo-3-LJ-E-2009-20080	solar1247s	solar1247t	2009	strokovna šola	slovenščina	3. letnik	esej ali spis	Ljubljana
KUS-SI-slo-3-LJ-E-2009-20081	solar1248s	solar1248t	2009	strokovna šola	slovenščina	3. letnik	esej ali spis	Ljubljana
KUS-SI-slo-3-LJ-E-2009-20082	solar1249s	solar1249t	2009	strokovna šola	slovenščina	3. letnik	esej ali spis	Ljubljana
KUS-SI-slo-3-LJ-E-2009-20083	solar1250s	solar1250t	2009	strokovna šola	slovenščina	3. letnik	esej ali spis	Ljubljana
KUS-SI-slo-3-LJ-E-2009-20084	solar1251s	solar1251t	2009	strokovna šola	slovenščina	3. letnik	esej ali spis	Ljubljana
KUS-SI-slo-3-LJ-E-2009-20085	solar1252s	solar1252t	2009	strokovna šola	slovenščina	3. letnik	esej ali spis	Ljubljana
KUS-SI-slo-3-LJ-E-2009-20086	solar1253s	solar1253t	2009	strokovna šola	slovenščina	3. letnik	esej ali spis	Ljubljana
KUS-SI-slo-3-LJ-E-2009-20087	solar1254s	solar1254t	2009	strokovna šola	slovenščina	3. letnik	esej ali spis	Ljubljana
KUS-SI-slo-3-LJ-E-2009-20088	solar1255s	solar1255t	2009	strokovna šola	slovenščina	3. letnik	esej ali spis	Ljubljana
KUS-SI-slo-3-LJ-E-2009-20089	solar1256s	solar1256t	2009	strokovna šola	slovenščina	3. letnik	esej ali spis	Ljubljana
KUS-SI-slo-3-LJ-E-2009-20090	solar1257s	solar1257t	2009	strokovna šola	slovenščina	3. letnik	esej ali spis	Ljubljana
KUS-SI-slo-3-LJ-E-2009-20091	solar1258s	solar1258t	2009	strokovna šola	slovenščina	3. letnik	esej ali spis	Ljubljana
KUS-Sl-slo-2-LJ-E-2008-20092	solar1259s	solar1259t	2008	strokovna šola	slovenščina	2. letnik	esej ali spis	Ljubljana
KUS-SI-slo-2-LJ-E-2008-20093	solar1260s	solar1260t	2008	strokovna šola	slovenščina	2. letnik	esej ali spis	Ljubljana
KUS-SI-slo-2-LJ-E-2008-20094	solar1261s	solar1261t	2008	strokovna šola	slovenščina	2. letnik	esej ali spis	Ljubljana
KUS-SI-slo-2-LJ-E-2008-20095	solar1262s	solar1262t	2008	strokovna šola	slovenščina	2. letnik	esej ali spis	Ljubljana
KUS-SI-slo-2-LJ-E-2008-20096	solar1263s	solar1263t	2008	strokovna šola	slovenščina	2. letnik	esej ali spis	Ljubljana
KUS-SI-slo-2-LJ-E-2008-20097	solar1264s	solar1264t	2008	strokovna šola	slovenščina	2. letnik	esej ali spis	Ljubljana
KUS-SI-slo-2-LJ-E-2008-20098	solar1265s	solar1265t	2008	strokovna šola	slovenščina	2. letnik	esej ali spis	Ljubljana
KUS-SI-slo-2-LJ-E-2008-20099	solar1266s	solar1266t	2008	strokovna šola	slovenščina	2. letnik	esej ali spis	Ljubljana
KUS-SI-slo-2-LJ-E-2008-20100	solar1267s	solar1267t	2008	strokovna šola	slovenščina	2. letnik	esej ali spis	Ljubljana
KUS-SI-slo-2-LJ-E-2008-20101	solar1268s	solar1268t	2008	strokovna šola	slovenščina	2. letnik	esej ali spis	Ljubljana
KUS-SI-slo-2-LJ-E-2008-20102	solar1269s	solar1269t	2008	strokovna šola	slovenščina	2. letnik	esej ali spis	Ljubljana
KUS-SI-slo-2-LJ-E-2008-20103	solar1270s	solar1270t	2008	strokovna šola	slovenščina	2. letnik	esej ali spis	Ljubljana
KUS-SI-slo-2-LJ-E-2008-20104	solar1271s	solar1271t	2008	strokovna šola	slovenščina	2. letnik	esej ali spis	Ljubljana
KUS-Sl-slo-2-LJ-E-2008-20105	solar1272s	solar1272t	2008	strokovna šola	slovenščina	2. letnik	esej ali spis	Ljubljana
KUS-SI-slo-2-LJ-E-2008-20106	solar1273s	solar1273t	2008	strokovna šola	slovenščina	2. letnik	esej ali spis	Ljubljana
KUS-SI-slo-2-LJ-E-2008-20107	solar1274s	solar1274t	2008	strokovna šola	slovenščina	2. letnik	esej ali spis	Ljubljana
KUS-SI-slo-2-LJ-E-2008-20108	solar1275s	solar1275t	2008	strokovna šola	slovenščina	2. letnik	esej ali spis	Ljubljana
KUS-SI-slo-2-LJ-E-2008-20109	solar1276s	solar1276t	2008	strokovna šola	slovenščina	2. letnik	esej ali spis	Ljubljana
KUS-SI-slo-2-LJ-E-2008-20110	solar1277s	solar1277t	2008	strokovna šola	slovenščina	2. letnik	esej ali spis	Ljubljana
KUS-SI-slo-3-MB-E-2010-20111	solar1278s	solar1278t	2010	strokovna šola	slovenščina	3. letnik	esej ali spis	Maribor
KUS-SI-slo-2-NM-E-2009/2010-20141	solar1279s	solar1279t	2009/2010	strokovna šola	slovenščina	2. letnik	esej ali spis	Novo mesto
KUS-SI-slo-2-NM-E-2009/2010-20142	solar1280s	solar1280t	2009/2010	strokovna šola	slovenščina	2. letnik	esej ali spis	Novo mesto
KUS-SI-slo-2-NM-E-2009/2010-20143	solar1281s	solar1281t	2009/2010	strokovna šola	slovenščina	2. letnik	esej ali spis	Novo mesto
KUS-SI-slo-2-NM-E-2009/2010-20144	solar1282s	solar1282t	2009/2010	strokovna šola	slovenščina	2. letnik	esej ali spis	Novo mesto
KUS-SI-slo-2-NM-E-2009/2010-20145	solar1283s	solar1283t	2009/2010	strokovna šola	slovenščina	2. letnik	esej ali spis	Novo mesto
KUS-Si-slo-2-NM-E-2009/2010-20146	solar1284s	solar1284t	2009/2010	strokovna šola	slovenščina	2. letnik	esej ali spis	Novo mesto
KUS-Si-slo-2-NM-E-2009/2010-20147	solar1285s	solar1285t	2009/2010	strokovna šola	slovenščina	2. letnik	esej ali spis	Novo mesto
KUS-SI-slo-2-NM-E-2009/2010-20148	solar1286s	solar1286t	2009/2010	strokovna šola	slovenščina	2. letnik	esej ali spis	Novo mesto
KUS-SI-slo-2-NM-E-2009/2010-20149	solar1287s	solar1287t	2009/2010	strokovna šola	slovenščina	2. letnik	esej ali spis	Novo mesto
KUS-SI-slo-2-NM-E-2009/2010-20150	solar1288s	solar1288t	2009/2010	strokovna šola	slovenščina	2. letnik	esej ali spis	Novo mesto
KUS-SI-slo-2-NM-E-2009/2010-20151	solar1289s	solar1289t	2009/2010	strokovna šola	slovenščina	2. letnik	esej ali spis	Novo mesto
KUS-SI-slo-2-NM-E-2009/2010-20152	solar1290s	solar1290t	2009/2010	strokovna šola	slovenščina	2. letnik	esej ali spis	Novo mesto
KUS-SI-slo-2-NM-E-2009/2010-20153	solar1291s	solar1291t	2009/2010	strokovna šola	slovenščina	2. letnik	esej ali spis	Novo mesto
KUS-SI-slo-2-NM-E-2009/2010-20154	solar1292s	solar1292t	2009/2010	strokovna šola	slovenščina	2. letnik	esej ali spis	Novo mesto
KUS-SI-slo-2-LJ-E-2008-20273	solar1293s	solar1293t	2008	strokovna šola	slovenščina	2. letnik	esej ali spis	Ljubljana
KUS-SI-slo-2-LJ-E-2008-20274	solar1294s	solar1294t	2008	strokovna šola	slovenščina	2. letnik	esej ali spis	Ljubljana
KUS-SI-slo-2-LJ-E-2008-20275	solar1295s	solar1295t	2008	strokovna šola	slovenščina	2. letnik	esej ali spis	Ljubljana
KUS-SI-slo-2-LJ-E-2008-20276	solar1296s	solar1296t	2008	strokovna šola	slovenščina	2. letnik	esej ali spis	Ljubljana
KUS-SI-slo-2-LJ-E-2008-20277	solar1297s	solar1297t	2008	strokovna šola	slovenščina	2. letnik	esej ali spis	Ljubljana
KUS-SI-slo-2-LJ-E-2008-20278	solar1298s	solar1298t	2008	strokovna šola	slovenščina	2. letnik	esej ali spis	Ljubljana
KUS-SI-slo-2-LJ-E-2008-20279	solar1299s	solar1299t	2008	strokovna šola	slovenščina	2. letnik	esej ali spis	Ljubljana
KUS-SI-slo-2-LJ-E-2008-20280	solar1300s	solar1300t	2008	strokovna šola	slovenščina	2. letnik	esej ali spis	Ljubljana
KUS-SI-slo-2-LJ-E-2008-20281	solar1301s	solar1301t	2008	strokovna šola	slovenščina	2. letnik	esej ali spis	Ljubljana
KUS-SI-slo-2-LJ-E-2008-20282	solar1302s	solar1302t	2008	strokovna šola	slovenščina	2. letnik	esej ali spis	Ljubljana
KUS-SI-slo-2-LJ-E-2008-20283	solar1303s	solar1303t	2008	strokovna šola	slovenščina	2. letnik	esej ali spis	Ljubljana
KUS-SI-slo-2-LJ-E-2008-20284	solar1304s	solar1304t	2008	strokovna šola	slovenščina	2. letnik	esej ali spis	Ljubljana
KUS-SI-slo-2-LJ-E-2008-20285	solar1305s	solar1305t	2008	strokovna šola	slovenščina	2. letnik	esej ali spis	Ljubljana
KUS-SI-slo-2-LJ-E-2008-20286	solar1306s	solar1306t	2008	strokovna šola	slovenščina	2. letnik	esej ali spis	Ljubljana
KUS-SI-slo-2-LJ-E-2008-20287	solar1307s	solar1307t	2008	strokovna šola	slovenščina	2. letnik	esej ali spis	Ljubljana
KUS-SI-slo-2-LJ-E-2008-20288	solar1308s	solar1308t	2008	strokovna šola	slovenščina	2. letnik	esej ali spis	Ljubljana
KUS-SI-slo-2-LJ-E-2008-20289	solar1309s	solar1309t	2008	strokovna šola	slovenščina	2. letnik	esej ali spis	Ljubljana
KUS-SI-slo-2-LJ-E-2008-20290	solar1310s	solar1310t	2008	strokovna šola	slovenščina	2. letnik	esej ali spis	Ljubljana
KUS-SI-slo-2-LJ-E-2008-20291	solar1311s	solar1311t	2008	strokovna šola	slovenščina	2. letnik	esej ali spis	Ljubljana
KUS-SI-slo-2-LJ-E-2008-20292	solar1312s	solar1312t	2008	strokovna šola	slovenščina	2. letnik	esej ali spis	Ljubljana
KUS-SI-slo-4-LJ-E-2009-20293	solar1313s	solar1313t	2009	gimnazija	slovenščina	4. letnik	esej ali spis	Ljubljana
KUS-SI-slo-4-LJ-E-2009-20294	solar1314s	solar1314t	2009	gimnazija	slovenščina	4. letnik	esej ali spis	Ljubljana
KUS-SI-slo-4-LJ-E-2008-20295	solar1315s	solar1315t	2008	strokovna šola	slovenščina	4. letnik	esej ali spis	Ljubljana
KUS-SI-slo-4-LJ-E-2008-20296	solar1316s	solar1316t	2008	strokovna šola	slovenščina	4. letnik	esej ali spis	Ljubljana
KUS-SI-slo-4-LJ-E-2008-20297	solar1317s	solar1317t	2008	strokovna šola	slovenščina	4. letnik	esej ali spis	Ljubljana
KUS-SI-slo-4-LJ-E-2008-20298	solar1318s	solar1318t	2008	strokovna šola	slovenščina	4. letnik	esej ali spis	Ljubljana
KUS-SI-slo-4-LJ-E-2008-20299	solar1319s	solar1319t	2008	strokovna šola	slovenščina	4. letnik	esej ali spis	Ljubljana
KUS-SI-slo-4-LJ-E-2008-20300	solar1320s	solar1320t	2008	strokovna šola	slovenščina	4. letnik	esej ali spis	Ljubljana
KUS-SI-slo-4-LJ-E-2008-20301	solar1321s	solar1321t	2008	strokovna šola	slovenščina	4. letnik	esej ali spis	Ljubljana
KUS-SI-slo-4-LJ-E-2008-20302	solar1322s	solar1322t	2008	strokovna šola	slovenščina	4. letnik	esej ali spis	Ljubljana
KUS-SI-slo-4-LJ-E-2008-20303	solar1323s	solar1323t	2008	strokovna šola	slovenščina	4. letnik	esej ali spis	Ljubljana
KUS-SI-slo-4-LJ-E-2008-20304	solar1324s	solar1324t	2008	strokovna šola	slovenščina	4. letnik	esej ali spis	Ljubljana
KUS-SI-slo-4-LJ-E-2008-20305	solar1325s	solar1325t	2008	strokovna šola	slovenščina	4. letnik	esej ali spis	Ljubljana
KUS-SI-slo-4-LJ-E-2008-20306	solar1326s	solar1326t	2008	strokovna šola	slovenščina	4. letnik	esej ali spis	Ljubljana
KUS-SI-slo-4-LJ-E-2008-20307	solar1327s	solar1327t	2008	strokovna šola	slovenščina	4. letnik	esej ali spis	Ljubljana
KUS-SI-slo-4-LJ-E-2008-20308	solar1328s	solar1328t	2008	strokovna šola	slovenščina	4. letnik	esej ali spis	Ljubljana
KUS-SI-slo-4-LJ-E-2008-20309	solar1329s	solar1329t	2008	strokovna šola	slovenščina	4. letnik	esej ali spis	Ljubljana
KUS-SI-slo-4-LJ-E-2008-20310	solar1330s	solar1330t	2008	strokovna šola	slovenščina	4. letnik	esej ali spis	Ljubljana
KUS-SI-slo-4-LJ-E-2008-20311	solar1331s	solar1331t	2008	strokovna šola	slovenščina	4. letnik	esej ali spis	Ljubljana
KUS-SI-slo-4-LJ-E-2008-20312	solar1332s	solar1332t	2008	strokovna šola	slovenščina	4. letnik	esej ali spis	Ljubljana
KUS-SI-slo-1-LJ-E-2009-20313	solar1333s	solar1333t	2009	strokovna šola	slovenščina	1. letnik	esej ali spis	Ljubljana
KUS-SI-slo-1-LJ-E-2009-20314	solar1334s	solar1334t	2009	strokovna šola	slovenščina	1. letnik	esej ali spis	Ljubljana
KUS-SI-slo-1-LJ-E-2009-20315	solar1335s	solar1335t	2009	strokovna šola	slovenščina	1. letnik	esej ali spis	Ljubljana
KUS-SI-slo-1-LJ-E-2009-20316	solar1336s	solar1336t	2009	strokovna šola	slovenščina	1. letnik	esej ali spis	Ljubljana
KUS-SI-slo-1-LJ-E-2009-20317	solar1337s	solar1337t	2009	strokovna šola	slovenščina	1. letnik	esej ali spis	Ljubljana
KUS-SI-slo-1-LJ-E-2009-20318	solar1338s	solar1338t	2009	strokovna šola	slovenščina	1. letnik	esej ali spis	Ljubljana
KUS-SI-slo-1-LJ-E-2009-20319	solar1339s	solar1339t	2009	strokovna šola	slovenščina	1. letnik	esej ali spis	Ljubljana
KUS-SI-slo-1-LJ-E-2009-20320	solar1340s	solar1340t	2009	strokovna šola	slovenščina	1. letnik	esej ali spis	Ljubljana
KUS-SI-slo-1-LJ-E-2009-20321	solar1341s	solar1341t	2009	strokovna šola	slovenščina	1. letnik	esej ali spis	Ljubljana
KUS-SI-slo-1-LJ-E-2009-20322	solar1342s	solar1342t	2009	strokovna šola	slovenščina	1. letnik	esej ali spis	Ljubljana
KUS-SI-slo-1-LJ-E-2009-20323	solar1343s	solar1343t	2009	strokovna šola	slovenščina	1. letnik	esej ali spis	Ljubljana
KUS-SI-slo-1-LJ-E-2009-20324	solar1344s	solar1344t	2009	strokovna šola	slovenščina	1. letnik	esej ali spis	Ljubljana
KUS-SI-slo-1-LJ-E-2009-20325	solar1345s	solar1345t	2009	strokovna šola	slovenščina	1. letnik	esej ali spis	Ljubljana
KUS-SI-slo-1-LJ-E-2009-20326	solar1346s	solar1346t	2009	strokovna šola	slovenščina	1. letnik	esej ali spis	Ljubljana
KUS-SI-slo-1-LJ-E-2009-20327	solar1347s	solar1347t	2009	strokovna šola	slovenščina	1. letnik	esej ali spis	Ljubljana
KUS-SI-slo-1-LJ-E-2009-20328	solar1348s	solar1348t	2009	strokovna šola	slovenščina	1. letnik	esej ali spis	Ljubljana
KUS-SI-slo-1-LJ-E-2009-20329	solar1349s	solar1349t	2009	strokovna šola	slovenščina	1. letnik	esej ali spis	Ljubljana
KUS-SI-slo-1-LJ-E-2009-20330	solar1350s	solar1350t	2009	strokovna šola	slovenščina	1. letnik	esej ali spis	Ljubljana
KUS-SI-slo-1-LJ-E-2009-20331	solar1351s	solar1351t	2009	strokovna šola	slovenščina	1. letnik	esej ali spis	Ljubljana
KUS-SI-slo-1-LJ-E-2009-20332	solar1352s	solar1352t	2009	strokovna šola	slovenščina	1. letnik	esej ali spis	Ljubljana
KUS-SI-slo-1-LJ-E-2009-20333	solar1353s	solar1353t	2009	strokovna šola	slovenščina	1. letnik	esej ali spis	Ljubljana
KUS-SI-slo-1-LJ-E-2009-20334	solar1354s	solar1354t	2009	strokovna šola	slovenščina	1. letnik	esej ali spis	Ljubljana
KUS-SI-slo-1-LJ-E-2009-20335	solar1355s	solar1355t	2009	strokovna šola	slovenščina	1. letnik	esej ali spis	Ljubljana
KUS-SI-slo-1-LJ-E-2009-20336	solar1356s	solar1356t	2009	strokovna šola	slovenščina	1. letnik	esej ali spis	Ljubljana
KUS-SI-slo-1-LJ-E-2009-20337	solar1357s	solar1357t	2009	strokovna šola	slovenščina	1. letnik	esej ali spis	Ljubljana
KUS-SI-slo-1-LJ-E-2009-20338	solar1358s	solar1358t	2009	strokovna šola	slovenščina	1. letnik	esej ali spis	Ljubljana
KUS-SI-slo-1-LJ-E-2009-20339	solar1359s	solar1359t	2009	strokovna šola	slovenščina	1. letnik	esej ali spis	Ljubljana
KUS-SI-slo-1-LJ-E-2009-20340	solar1360s	solar1360t	2009	strokovna šola	slovenščina	1. letnik	esej ali spis	Ljubljana
KUS-SI-slo-1-LJ-E-2009-20341	solar1361s	solar1361t	2009	strokovna šola	slovenščina	1. letnik	esej ali spis	Ljubljana
KUS-SI-slo-1-LJ-E-2009-20342	solar1362s	solar1362t	2009	strokovna šola	slovenščina	1. letnik	esej ali spis	Ljubljana
KUS-SI-slo-1-LJ-E-2009-20343	solar1363s	solar1363t	2009	strokovna šola	slovenščina	1. letnik	esej ali spis	Ljubljana
KUS-SI-slo-1-LJ-E-2009-20344	solar1364s	solar1364t	2009	strokovna šola	slovenščina	1. letnik	esej ali spis	Ljubljana
KUS-SI-slo-1-LJ-E-2009-20345	solar1365s	solar1365t	2009	strokovna šola	slovenščina	1. letnik	esej ali spis	Ljubljana
KUS-SI-slo-1-LJ-E-2009-20346	solar1366s	solar1366t	2009	strokovna šola	slovenščina	1. letnik	esej ali spis	Ljubljana
KUS-SI-slo-1-LJ-E-2009-20347	solar1367s	solar1367t	2009	strokovna šola	slovenščina	1. letnik	esej ali spis	Ljubljana
KUS-SI-slo-1-LJ-E-2009-20348	solar1368s	solar1368t	2009	strokovna šola	slovenščina	1. letnik	esej ali spis	Ljubljana
KUS-SI-slo-1-LJ-E-2009-20349	solar1369s	solar1369t	2009	strokovna šola	slovenščina	1. letnik	esej ali spis	Ljubljana
KUS-SI-slo-1-LJ-E-2009-20350	solar1370s	solar1370t	2009	strokovna šola	slovenščina	1. letnik	esej ali spis	Ljubljana
KUS-SI-slo-1-LJ-E-2009-20351	solar1371s	solar1371t	2009	strokovna šola	slovenščina	1. letnik	esej ali spis	Ljubljana
KUS-SI-slo-2-NM-E-2009/2010-20352	solar1372s	solar1372t	2009/2010	strokovna šola	slovenščina	2. letnik	esej ali spis	Novo mesto
KUS-SI-slo-2-NM-E-2009/2010-20353	solar1373s	solar1373t	2009/2010	strokovna šola	slovenščina	2. letnik	esej ali spis	Novo mesto
KUS-SI-slo-2-NM-E-2009/2010-20354	solar1374s	solar1374t	2009/2010	strokovna šola	slovenščina	2. letnik	esej ali spis	Novo mesto
KUS-SI-slo-2-NM-E-2009/2010-20355	solar1375s	solar1375t	2009/2010	strokovna šola	slovenščina	2. letnik	esej ali spis	Novo mesto
KUS-SI-slo-2-NM-E-2009/2010-20356	solar1376s	solar1376t	2009/2010	strokovna šola	slovenščina	2. letnik	esej ali spis	Novo mesto
KUS-SI-slo-2-NM-E-2009/2010-20357	solar1377s	solar1377t	2009/2010	strokovna šola	slovenščina	2. letnik	esej ali spis	Novo mesto
KUS-SI-slo-2-NM-E-2009/2010-20358	solar1378s	solar1378t	2009/2010	strokovna šola	slovenščina	2. letnik	esej ali spis	Novo mesto
KUS-SI-slo-2-NM-E-2009/2010-20359	solar1379s	solar1379t	2009/2010	strokovna šola	slovenščina	2. letnik	esej ali spis	Novo mesto
KUS-SI-slo-2-NM-E-2009/2010-20360	solar1380s	solar1380t	2009/2010	strokovna šola	slovenščina	2. letnik	esej ali spis	Novo mesto
KUS-SI-slo-2-NM-E-2009/2010-20361	solar1381s	solar1381t	2009/2010	strokovna šola	slovenščina	2. letnik	esej ali spis	Novo mesto
KUS-SI-slo-2-NM-E-2009/2010-20362	solar1382s	solar1382t	2009/2010	strokovna šola	slovenščina	2. letnik	esej ali spis	Novo mesto
KUS-SI-slo-2-NM-E-2009/2010-20363	solar1383s	solar1383t	2009/2010	strokovna šola	slovenščina	2. letnik	esej ali spis	Novo mesto
KUS-SI-slo-2-NM-E-2009/2010-20364	solar1384s	solar1384t	2009/2010	strokovna šola	slovenščina	2. letnik	esej ali spis	Novo mesto
KUS-SI-slo-2-NM-E-2009/2010-20365	solar1385s	solar1385t	2009/2010	strokovna šola	slovenščina	2. letnik	esej ali spis	Novo mesto
KUS-SI-slo-2-NM-E-2009/2010-20366	solar1386s	solar1386t	2009/2010	strokovna šola	slovenščina	2. letnik	esej ali spis	Novo mesto
KUS-SI-slo-2-NM-E-2009/2010-20367	solar1387s	solar1387t	2009/2010	strokovna šola	slovenščina	2. letnik	esej ali spis	Novo mesto
KUS-SI-slo-2-NM-E-2009/2010-20368	solar1388s	solar1388t	2009/2010	strokovna šola	slovenščina	2. letnik	esej ali spis	Novo mesto
KUS-SI-slo-2-NM-E-2009/2010-20369	solar1389s	solar1389t	2009/2010	strokovna šola	slovenščina	2. letnik	esej ali spis	Novo mesto
KUS-SI-slo-2-NM-E-2009/2010-20370	solar1390s	solar1390t	2009/2010	strokovna šola	slovenščina	2. letnik	esej ali spis	Novo mesto
KUS-SI-slo-2-NM-E-2009/2010-20371	solar1391s	solar1391t	2009/2010	strokovna šola	slovenščina	2. letnik	esej ali spis	Novo mesto
KUS-SI-slo-2-NM-E-2009/2010-20372	solar1392s	solar1392t	2009/2010	strokovna šola	slovenščina	2. letnik	esej ali spis	Novo mesto
KUS-SI-slo-2-NM-E-2009/2010-20373	solar1393s	solar1393t	2009/2010	strokovna šola	slovenščina	2. letnik	esej ali spis	Novo mesto
KUS-SI-slo-2-NM-E-2009/2010-20374	solar1394s	solar1394t	2009/2010	strokovna šola	slovenščina	2. letnik	esej ali spis	Novo mesto
KUS-SI-slo-2-NM-E-2009/2010-20375	solar1395s	solar1395t	2009/2010	strokovna šola	slovenščina	2. letnik	esej ali spis	Novo mesto
KUS-SI-slo-2-NM-E-2009/2010-20376	solar1396s	solar1396t	2009/2010	strokovna šola	slovenščina	2. letnik	esej ali spis	Novo mesto
KUS-SI-slo-2-NM-E-2009/2010-20377	solar1397s	solar1397t	2009/2010	strokovna šola	slovenščina	2. letnik	esej ali spis	Novo mesto
KUS-SI-slo-2-NM-E-2009/2010-20378	solar1398s	solar1398t	2009/2010	strokovna šola	slovenščina	2. letnik	esej ali spis	Novo mesto
KUS-SI-slo-2-NM-E-2009/2010-20379	solar1399s	solar1399t	2009/2010	strokovna šola	slovenščina	2. letnik	esej ali spis	Novo mesto
KUS-SI-slo-2-NM-E-2009/2010-20380	solar1400s	solar1400t	2009/2010	strokovna šola	slovenščina	2. letnik	esej ali spis	Novo mesto
KUS-SI-slo-2-NM-E-2009/2010-20381	solar1401s	solar1401t	2009/2010	strokovna šola	slovenščina	2. letnik	esej ali spis	Novo mesto
KUS-SI-slo-2-NM-E-2009/2010-20382	solar1402s	solar1402t	2009/2010	strokovna šola	slovenščina	2. letnik	esej ali spis	Novo mesto
KUS-SI-slo-2-NM-E-2009/2010-20383	solar1403s	solar1403t	2009/2010	strokovna šola	slovenščina	2. letnik	esej ali spis	Novo mesto
KUS-SI-slo-2-NM-E-2009/2010-20384	solar1404s	solar1404t	2009/2010	strokovna šola	slovenščina	2. letnik	esej ali spis	Novo mesto
KUS-SI-slo-2-NM-E-2009/2010-20385	solar1405s	solar1405t	2009/2010	strokovna šola	slovenščina	2. letnik	esej ali spis	Novo mesto
KUS-SI-slo-2-NM-E-2009/2010-20386	solar1406s	solar1406t	2009/2010	strokovna šola	slovenščina	2. letnik	esej ali spis	Novo mesto
KUS-SI-slo-2-NM-E-2009/2010-20387	solar1407s	solar1407t	2009/2010	strokovna šola	slovenščina	2. letnik	esej ali spis	Novo mesto
KUS-SI-slo-2-NM-E-2009/2010-20388	solar1408s	solar1408t	2009/2010	strokovna šola	slovenščina	2. letnik	esej ali spis	Novo mesto
KUS-SI-slo-2-NM-E-2009/2010-20389	solar1409s	solar1409t	2009/2010	strokovna šola	slovenščina	2. letnik	esej ali spis	Novo mesto
KUS-SI-slo-2-NM-E-2009/2010-20390	solar1410s	solar1410t	2009/2010	strokovna šola	slovenščina	2. letnik	esej ali spis	Novo mesto
KUS-SI-slo-2-NM-E-2009/2010-20391	solar1411s	solar1411t	2009/2010	strokovna šola	slovenščina	2. letnik	esej ali spis	Novo mesto
KUS-SI-slo-2-NM-E-2009/2010-20392	solar1412s	solar1412t	2009/2010	strokovna šola	slovenščina	2. letnik	esej ali spis	Novo mesto
KUS-SI-slo-2-NM-E-2009/2010-20393	solar1413s	solar1413t	2009/2010	strokovna šola	slovenščina	2. letnik	esej ali spis	Novo mesto
KUS-SI-slo-2-NM-E-2009/2010-20394	solar1414s	solar1414t	2009/2010	strokovna šola	slovenščina	2. letnik	esej ali spis	Novo mesto
KUS-SI-slo-2-NM-E-2009/2010-20395	solar1415s	solar1415t	2009/2010	strokovna šola	slovenščina	2. letnik	esej ali spis	Novo mesto
KUS-SI-slo-2-NM-E-2009/2010-20396	solar1416s	solar1416t	2009/2010	strokovna šola	slovenščina	2. letnik	esej ali spis	Novo mesto
KUS-SI-slo-2-NM-E-2009/2010-20397	solar1417s	solar1417t	2009/2010	strokovna šola	slovenščina	2. letnik	esej ali spis	Novo mesto
KUS-SI-slo-2-NM-E-2009/2010-20398	solar1418s	solar1418t	2009/2010	strokovna šola	slovenščina	2. letnik	esej ali spis	Novo mesto
KUS-SI-slo-2-NM-E-2009/2010-20399	solar1419s	solar1419t	2009/2010	strokovna šola	slovenščina	2. letnik	esej ali spis	Novo mesto
KUS-SI-slo-2-NM-E-2009/2010-20400	solar1420s	solar1420t	2009/2010	strokovna šola	slovenščina	2. letnik	esej ali spis	Novo mesto
KUS-SI-slo-2-NM-E-2009/2010-20401	solar1421s	solar1421t	2009/2010	strokovna šola	slovenščina	2. letnik	esej ali spis	Novo mesto
KUS-SI-slo-2-NM-E-2009/2010-20402	solar1422s	solar1422t	2009/2010	strokovna šola	slovenščina	2. letnik	esej ali spis	Novo mesto
KUS-SI-slo-2-NM-E-2009/2010-20403	solar1423s	solar1423t	2009/2010	strokovna šola	slovenščina	2. letnik	esej ali spis	Novo mesto
KUS-SI-slo-2-NM-E-2010-20577	solar1424s	solar1424t	2009/2010	strokovna šola	slovenščina	2. letnik	esej ali spis	Novo mesto
KUS-SI-slo-2-NM-E-2010-20578	solar1425s	solar1425t	2009/2010	strokovna šola	slovenščina	2. letnik	esej ali spis	Novo mesto
KUS-SI-slo-2-NM-E-2010-20579	solar1426s	solar1426t	2009/2010	strokovna šola	slovenščina	2. letnik	esej ali spis	Novo mesto
KUS-SI-slo-2-NM-E-2010-20580	solar1427s	solar1427t	2009/2010	strokovna šola	slovenščina	2. letnik	esej ali spis	Novo mesto
KUS-SI-slo-2-NM-E-2010-20581	solar1428s	solar1428t	2009/2010	strokovna šola	slovenščina	2. letnik	esej ali spis	Novo mesto
KUS-SI-slo-2-NM-E-2010-20582	solar1429s	solar1429t	2009/2010	strokovna šola	slovenščina	2. letnik	esej ali spis	Novo mesto
KUS-SI-slo-2-NM-E-2010-20583	solar1430s	solar1430t	2009/2010	strokovna šola	slovenščina	2. letnik	esej ali spis	Novo mesto
KUS-SI-slo-2-NM-E-2010-20584	solar1431s	solar1431t	2009/2010	strokovna šola	slovenščina	2. letnik	esej ali spis	Novo mesto
KUS-SI-slo-2-NM-E-2010-20585	solar1432s	solar1432t	2009/2010	strokovna šola	slovenščina	2. letnik	esej ali spis	Novo mesto
KUS-SI-slo-2-NM-E-2010-20586	solar1433s	solar1433t	2009/2010	strokovna šola	slovenščina	2. letnik	esej ali spis	Novo mesto
KUS-SI-slo-2-NM-E-2010-20587	solar1434s	solar1434t	2009/2010	strokovna šola	slovenščina	2. letnik	esej ali spis	Novo mesto
KUS-SI-slo-2-NM-E-2010-20588	solar1435s	solar1435t	2009/2010	strokovna šola	slovenščina	2. letnik	esej ali spis	Novo mesto
KUS-SI-slo-2-NM-E-2010-20589	solar1436s	solar1436t	2009/2010	strokovna šola	slovenščina	2. letnik	esej ali spis	Novo mesto
KUS-SI-slo-2-NM-E-2010-20590	solar1437s	solar1437t	2009/2010	strokovna šola	slovenščina	2. letnik	esej ali spis	Novo mesto
KUS-SI-slo-2-NM-E-2010-20591	solar1438s	solar1438t	2010	strokovna šola	slovenščina	2. letnik	esej ali spis	Novo mesto
KUS-SI-slo-2-NM-E-2010-20592	solar1439s	solar1439t	2009/2010	strokovna šola	slovenščina	2. letnik	esej ali spis	Novo mesto
KUS-SI-slo-2-NM-E-2010-20593	solar1440s	solar1440t	2009/2010	strokovna šola	slovenščina	2. letnik	esej ali spis	Novo mesto
KUS-SI-slo-2-NM-E-2010-20594	solar1441s	solar1441t	2009/2010	strokovna šola	slovenščina	2. letnik	esej ali spis	Novo mesto
KUS-SI-slo-2-NM-E-2010-20595	solar1442s	solar1442t	2009/2010	strokovna šola	slovenščina	2. letnik	esej ali spis	Novo mesto
KUS-SI-slo-2-NM-E-2010-20596	solar1443s	solar1443t	2009/2010	strokovna šola	slovenščina	2. letnik	esej ali spis	Novo mesto
KUS-SI-slo-2-NM-E-2010-20597	solar1444s	solar1444t	2009/2010	strokovna šola	slovenščina	2. letnik	esej ali spis	Novo mesto
KUS-SI-slo-2-NM-E-2010-20598	solar1445s	solar1445t	2009/2010	strokovna šola	slovenščina	2. letnik	esej ali spis	Novo mesto
KUS-SI-slo-2-NM-E-2010-20599	solar1446s	solar1446t	2009/2010	strokovna šola	slovenščina	2. letnik	esej ali spis	Novo mesto
KUS-SI-slo-2-NM-E-2010-20600	solar1447s	solar1447t	2009/2010	strokovna šola	slovenščina	2. letnik	esej ali spis	Novo mesto
KUS-SI-slo-2-NM-E-2010-20601	solar1448s	solar1448t	2009/2010	strokovna šola	slovenščina	2. letnik	esej ali spis	Novo mesto
KUS-SI-slo-2-NM-E-2010-20602	solar1449s	solar1449t	2009/2010	strokovna šola	slovenščina	2. letnik	esej ali spis	Novo mesto
KUS-SI-slo-2-NM-E-2010-20603	solar1450s	solar1450t	2009/2010	strokovna šola	slovenščina	2. letnik	esej ali spis	Novo mesto
KUS-SI-slo-2-NM-E-2010-20604	solar1451s	solar1451t	2009/2010	strokovna šola	slovenščina	2. letnik	esej ali spis	Novo mesto
KUS-SI-slo-2-NM-E-2010-20605	solar1452s	solar1452t	2009/2010	strokovna šola	slovenščina	2. letnik	esej ali spis	Novo mesto
KUS-SI-slo-2-NM-E-2010-20606	solar1453s	solar1453t	2009/2010	strokovna šola	slovenščina	2. letnik	esej ali spis	Novo mesto
KUS-SI-slo-2-NM-E-2010-20607	solar1454s	solar1454t	2009/2010	strokovna šola	slovenščina	2. letnik	esej ali spis	Novo mesto
KUS-SI-slo-2-NM-E-2010-20608	solar1455s	solar1455t	2009/2010	strokovna šola	slovenščina	2. letnik	esej ali spis	Novo mesto
KUS-SI-slo-2-NM-E-2010-20609	solar1456s	solar1456t	2009/2010	strokovna šola	slovenščina	2. letnik	esej ali spis	Novo mesto
KUS-SI-slo-2-NM-E-2010-20610	solar1457s	solar1457t	2009/2010	strokovna šola	slovenščina	2. letnik	esej ali spis	Novo mesto
KUS-SI-slo-2-NM-E-2010-20611	solar1458s	solar1458t	2009/2010	strokovna šola	slovenščina	2. letnik	esej ali spis	Novo mesto
KUS-SI-slo-2-NM-E-2010-20612	solar1459s	solar1459t	2009/2010	strokovna šola	slovenščina	2. letnik	esej ali spis	Novo mesto
KUS-SI-slo-2-NM-E-2010-20613	solar1460s	solar1460t	2009/2010	strokovna šola	slovenščina	2. letnik	esej ali spis	Novo mesto
KUS-SI-slo-2-NM-E-2010-20614	solar1461s	solar1461t	2009/2010	strokovna šola	slovenščina	2. letnik	esej ali spis	Novo mesto
KUS-SI-slo-2-NM-E-2010-20615	solar1462s	solar1462t	2009/2010	strokovna šola	slovenščina	2. letnik	esej ali spis	Novo mesto
KUS-SI-slo-2-NM-E-2010-20616	solar1463s	solar1463t	2010	strokovna šola	slovenščina	2. letnik	esej ali spis	Novo mesto
KUS-SI-slo-4-KK-E-2010-20627	solar1464s	solar1464t	2010	strokovna šola	slovenščina	4. letnik	esej ali spis	Krško
KUS-SI-slo-4-KK-E-2010-20628	solar1465s	solar1465t	2010	strokovna šola	slovenščina	4. letnik	esej ali spis	Krško
KUS-SI-slo-4-KK-E-2010-20629	solar1466s	solar1466t	2010	strokovna šola	slovenščina	4. letnik	esej ali spis	Krško
KUS-SI-slo-4-KK-E-2010-20630	solar1467s	solar1467t	2010	strokovna šola	slovenščina	4. letnik	esej ali spis	Krško
KUS-SI-slo-4-KK-E-2010-20631	solar1468s	solar1468t	2010	strokovna šola	slovenščina	4. letnik	esej ali spis	Krško
KUS-SI-slo-4-KK-E-2010-20632	solar1469s	solar1469t	2010	strokovna šola	slovenščina	4. letnik	esej ali spis	Krško
KUS-SI-slo-4-KK-E-2010-20633	solar1470s	solar1470t	2010	strokovna šola	slovenščina	4. letnik	esej ali spis	Krško
KUS-SI-slo-4-KK-E-2010-20634	solar1471s	solar1471t	2010	strokovna šola	slovenščina	4. letnik	esej ali spis	Krško
KUS-SI-slo-4-KK-E-2010-20635	solar1472s	solar1472t	2010	strokovna šola	slovenščina	4. letnik	esej ali spis	Krško
KUS-SI-slo-4-KK-E-2010-20636	solar1473s	solar1473t	2010	strokovna šola	slovenščina	4. letnik	esej ali spis	Krško
KUS-SI-slo-4-KK-E-2010-20637	solar1474s	solar1474t	2010	strokovna šola	slovenščina	4. letnik	esej ali spis	Krško
KUS-SI-slo-4-KK-E-2010-20638	solar1475s	solar1475t	2010	strokovna šola	slovenščina	4. letnik	esej ali spis	Krško
KUS-SI-slo-4-KK-E-2010-20639	solar1476s	solar1476t	2010	strokovna šola	slovenščina	4. letnik	esej ali spis	Krško
KUS-SI-slo-4-KK-E-2009/2010-20640	solar1477s	solar1477t	2009/2010	strokovna šola	slovenščina	4. letnik	esej ali spis	Krško
KUS-SI-slo-4-KK-E-2009/2010-20641	solar1478s	solar1478t	2009/2010	strokovna šola	slovenščina	4. letnik	esej ali spis	Krško
KUS-SI-slo-4-KK-E-2009/2010-20642	solar1479s	solar1479t	2009/2010	strokovna šola	slovenščina	4. letnik	esej ali spis	Krško
KUS-SI-slo-4-KK-E-2009/2010-20643	solar1480s	solar1480t	2009/2010	strokovna šola	slovenščina	4. letnik	esej ali spis	Krško
KUS-SI-slo-4-KK-E-2009/2010-20644	solar1481s	solar1481t	2009/2010	strokovna šola	slovenščina	4. letnik	esej ali spis	Krško
KUS-SI-slo-4-KK-E-2009/2010-20645	solar1482s	solar1482t	2009/2010	strokovna šola	slovenščina	4. letnik	esej ali spis	Krško
KUS-SI-slo-4-KK-E-2009/2010-20646	solar1483s	solar1483t	2009/2010	strokovna šola	slovenščina	4. letnik	esej ali spis	Krško
KUS-SI-slo-4-KK-E-2009/2010-20647	solar1484s	solar1484t	2009/2010	strokovna šola	slovenščina	4. letnik	esej ali spis	Krško
KUS-SI-slo-4-KK-E-2009/2010-20648	solar1485s	solar1485t	2009/2010	strokovna šola	slovenščina	4. letnik	esej ali spis	Krško
KUS-SI-slo-4-KK-E-2009/2010-20649	solar1486s	solar1486t	2009/2010	strokovna šola	slovenščina	4. letnik	esej ali spis	Krško
KUS-SI-slo-4-KK-E-2009/2010-20650	solar1487s	solar1487t	2009/2010	strokovna šola	slovenščina	4. letnik	esej ali spis	Krško
KUS-SI-slo-4-KK-E-2009/2010-20651	solar1488s	solar1488t	2009/2010	strokovna šola	slovenščina	4. letnik	esej ali spis	Krško
KUS-SI-slo-4-KK-E-2009/2010-20652	solar1489s	solar1489t	2009/2010	strokovna šola	slovenščina	4. letnik	esej ali spis	Krško
KUS-SI-slo-4-KK-E-2010-20653	solar1490s	solar1490t	2009/2010	strokovna šola	slovenščina	4. letnik	esej ali spis	Krško
KUS-SI-slo-4-KK-E-2009/2010-20654	solar1491s	solar1491t	2009/2010	strokovna šola	slovenščina	4. letnik	esej ali spis	Krško
KUS-SI-slo-1-LJ-E-2009-20683	solar1492s	solar1492t	2009	strokovna šola	slovenščina	1. letnik	esej ali spis	Ljubljana
KUS-SI-slo-1-LJ-E-2009-20684	solar1493s	solar1493t	2009	strokovna šola	slovenščina	1. letnik	esej ali spis	Ljubljana
KUS-SI-slo-1-LJ-E-2009-20685	solar1494s	solar1494t	2009	strokovna šola	slovenščina	1. letnik	esej ali spis	Ljubljana
KUS-SI-slo-1-LJ-E-2009-20686	solar1495s	solar1495t	2009	strokovna šola	slovenščina	1. letnik	esej ali spis	Ljubljana
KUS-SI-slo-1-LJ-E-2009-20687	solar1496s	solar1496t	2009	strokovna šola	slovenščina	1. letnik	esej ali spis	Ljubljana
KUS-SI-slo-1-LJ-E-2009-20688	solar1497s	solar1497t	2009	strokovna šola	slovenščina	1. letnik	esej ali spis	Ljubljana
KUS-SI-slo-1-LJ-E-2009-20689	solar1498s	solar1498t	2009	strokovna šola	slovenščina	1. letnik	esej ali spis	Ljubljana
KUS-SI-slo-1-LJ-E-2009-20690	solar1499s	solar1499t	2009	strokovna šola	slovenščina	1. letnik	esej ali spis	Ljubljana
KUS-SI-slo-1-LJ-E-2009-20691	solar1500s	solar1500t	2009	strokovna šola	slovenščina	1. letnik	esej ali spis	Ljubljana
KUS-SI-slo-1-LJ-E-2009-20692	solar1501s	solar1501t	2009	strokovna šola	slovenščina	1. letnik	esej ali spis	Ljubljana
KUS-SI-slo-1-LJ-E-2009-20693	solar1502s	solar1502t	2009	strokovna šola	slovenščina	1. letnik	esej ali spis	Ljubljana
KUS-SI-slo-1-LJ-E-2009-20694	solar1503s	solar1503t	2009	strokovna šola	slovenščina	1. letnik	esej ali spis	Ljubljana
KUS-SI-slo-1-LJ-E-2009-20695	solar1504s	solar1504t	2009	strokovna šola	slovenščina	1. letnik	esej ali spis	Ljubljana
KUS-SI-slo-1-LJ-E-2009-20696	solar1505s	solar1505t	2009	strokovna šola	slovenščina	1. letnik	esej ali spis	Ljubljana
KUS-SI-slo-1-LJ-E-2009-20697	solar1506s	solar1506t	2009	strokovna šola	slovenščina	1. letnik	esej ali spis	Ljubljana
KUS-SI-slo-1-LJ-E-2009-20698	solar1507s	solar1507t	2009	strokovna šola	slovenščina	1. letnik	esej ali spis	Ljubljana
KUS-SI-slo-1-LJ-E-2009-20699	solar1508s	solar1508t	2009	strokovna šola	slovenščina	1. letnik	esej ali spis	Ljubljana
KUS-SI-slo-1-LJ-E-2009-20700	solar1509s	solar1509t	2009	strokovna šola	slovenščina	1. letnik	esej ali spis	Ljubljana
KUS-SI-slo-1-LJ-E-2009-20701	solar1510s	solar1510t	2009	strokovna šola	slovenščina	1. letnik	esej ali spis	Ljubljana
KUS-SI-slo-1-LJ-E-2009-20702	solar1511s	solar1511t	2009	strokovna šola	slovenščina	1. letnik	esej ali spis	Ljubljana
KUS-SI-slo-1-LJ-E-2009-20703	solar1512s	solar1512t	2009	strokovna šola	slovenščina	1. letnik	esej ali spis	Ljubljana
KUS-SI-slo-1-LJ-E-2009-20704	solar1513s	solar1513t	2009	strokovna šola	slovenščina	1. letnik	esej ali spis	Ljubljana
KUS-SI-slo-1-LJ-E-2009-20705	solar1514s	solar1514t	2009	strokovna šola	slovenščina	1. letnik	esej ali spis	Ljubljana
KUS-SI-slo-1-LJ-E-2009-20706	solar1515s	solar1515t	2009	strokovna šola	slovenščina	1. letnik	esej ali spis	Ljubljana
KUS-SI-slo-1-LJ-E-2009-20707	solar1516s	solar1516t	2009	strokovna šola	slovenščina	1. letnik	esej ali spis	Ljubljana
KUS-SI-slo-4-LJ-E-2008-20708	solar1517s	solar1517t	2008	strokovna šola	slovenščina	4. letnik	esej ali spis	Ljubljana
KUS-SI-slo-4-LJ-E-2008-20709	solar1518s	solar1518t	2008	strokovna šola	slovenščina	4. letnik	esej ali spis	Ljubljana
KUS-SI-slo-4-LJ-E-2008-20710	solar1519s	solar1519t	2008	strokovna šola	slovenščina	4. letnik	esej ali spis	Ljubljana
KUS-SI-slo-4-LJ-E-2008-20711	solar1520s	solar1520t	2008	strokovna šola	slovenščina	4. letnik	esej ali spis	Ljubljana
KUS-SI-slo-4-LJ-E-2008-20712	solar1521s	solar1521t	2008	strokovna šola	slovenščina	4. letnik	esej ali spis	Ljubljana
KUS-SI-slo-4-LJ-E-2008-20713	solar1522s	solar1522t	2008	strokovna šola	slovenščina	4. letnik	esej ali spis	Ljubljana
KUS-SI-slo-4-LJ-E-2008-20714	solar1523s	solar1523t	2008	strokovna šola	slovenščina	4. letnik	esej ali spis	Ljubljana
KUS-SI-slo-4-LJ-E-2008-20715	solar1524s	solar1524t	2008	strokovna šola	slovenščina	4. letnik	esej ali spis	Ljubljana
KUS-SI-slo-4-LJ-E-2008-20716	solar1525s	solar1525t	2008	strokovna šola	slovenščina	4. letnik	esej ali spis	Ljubljana
KUS-SI-slo-4-LJ-E-2008-20717	solar1526s	solar1526t	2008	strokovna šola	slovenščina	4. letnik	esej ali spis	Ljubljana
KUS-SI-slo-4-LJ-E-2008-20718	solar1527s	solar1527t	2008	strokovna šola	slovenščina	4. letnik	esej ali spis	Ljubljana
KUS-SI-slo-4-LJ-E-2008-20719	solar1528s	solar1528t	2008	strokovna šola	slovenščina	4. letnik	esej ali spis	Ljubljana
KUS-SI-slo-4-LJ-E-2008-20720	solar1529s	solar1529t	2008	strokovna šola	slovenščina	4. letnik	esej ali spis	Ljubljana
KUS-SI-slo-4-LJ-E-2008-20721	solar1530s	solar1530t	2008	strokovna šola	slovenščina	4. letnik	esej ali spis	Ljubljana
KUS-SI-slo-4-LJ-E-2008-20722	solar1531s	solar1531t	2008	strokovna šola	slovenščina	4. letnik	esej ali spis	Ljubljana
KUS-SI-slo-4-LJ-E-2008-20723	solar1532s	solar1532t	2008	strokovna šola	slovenščina	4. letnik	esej ali spis	Ljubljana
KUS-SI-slo-4-LJ-E-2008-20724	solar1533s	solar1533t	2008	strokovna šola	slovenščina	4. letnik	esej ali spis	Ljubljana
KUS-SI-slo-4-LJ-E-2008-20725	solar1534s	solar1534t	2008	strokovna šola	slovenščina	4. letnik	esej ali spis	Ljubljana
KUS-SI-slo-4-LJ-E-2008-20726	solar1535s	solar1535t	2008	strokovna šola	slovenščina	4. letnik	esej ali spis	Ljubljana
KUS-SI-slo-4-LJ-E-2008-20727	solar1536s	solar1536t	2008	strokovna šola	slovenščina	4. letnik	esej ali spis	Ljubljana
KUS-SI-slo-4-LJ-E-2008-20728	solar1537s	solar1537t	2008	strokovna šola	slovenščina	4. letnik	esej ali spis	Ljubljana
KUS-SI-slo-4-LJ-E-2008-20729	solar1538s	solar1538t	2008	strokovna šola	slovenščina	4. letnik	esej ali spis	Ljubljana
KUS-SI-slo-4-LJ-E-2008-20730	solar1539s	solar1539t	2008	strokovna šola	slovenščina	4. letnik	esej ali spis	Ljubljana
KUS-SI-slo-4-LJ-E-2008-20731	solar1540s	solar1540t	2008	strokovna šola	slovenščina	4. letnik	esej ali spis	Ljubljana
KUS-SI-slo-4-LJ-E-2008-20732	solar1541s	solar1541t	2008	strokovna šola	slovenščina	4. letnik	esej ali spis	Ljubljana
KUS-SI-slo-3-LJ-E-2009-20809	solar1542s	solar1542t	2009	strokovna šola	slovenščina	3. letnik	esej ali spis	Ljubljana
KUS-SI-slo-3-LJ-E-2009-20810	solar1543s	solar1543t	2009	strokovna šola	slovenščina	3. letnik	esej ali spis	Ljubljana
KUS-SI-slo-3-LJ-E-2009-20811	solar1544s	solar1544t	2009	strokovna šola	slovenščina	3. letnik	esej ali spis	Ljubljana
KUS-SI-slo-3-LJ-E-2009-20812	solar1545s	solar1545t	2009	strokovna šola	slovenščina	3. letnik	esej ali spis	Ljubljana
KUS-SI-slo-3-LJ-E-2009-20813	solar1546s	solar1546t	2009	strokovna šola	slovenščina	3. letnik	esej ali spis	Ljubljana
KUS-SI-slo-3-LJ-E-2009-20814	solar1547s	solar1547t	2009	strokovna šola	slovenščina	3. letnik	esej ali spis	Ljubljana
KUS-SI-slo-3-LJ-E-2009-20815	solar1548s	solar1548t	2009	strokovna šola	slovenščina	3. letnik	esej ali spis	Ljubljana
KUS-SI-slo-3-LJ-E-2009-20816	solar1549s	solar1549t	2009	strokovna šola	slovenščina	3. letnik	esej ali spis	Ljubljana
KUS-SI-slo-3-LJ-E-2009-20817	solar1550s	solar1550t	2009	strokovna šola	slovenščina	3. letnik	esej ali spis	Ljubljana
KUS-SI-slo-3-LJ-E-2009-20818	solar1551s	solar1551t	2009	strokovna šola	slovenščina	3. letnik	esej ali spis	Ljubljana
KUS-SI-slo-3-LJ-E-2009-20819	solar1552s	solar1552t	2009	strokovna šola	slovenščina	3. letnik	esej ali spis	Ljubljana
KUS-SI-slo-3-LJ-E-2009-20820	solar1553s	solar1553t	2009	strokovna šola	slovenščina	3. letnik	esej ali spis	Ljubljana
KUS-SI-slo-3-LJ-E-2009-20821	solar1554s	solar1554t	2009	strokovna šola	slovenščina	3. letnik	esej ali spis	Ljubljana
KUS-SI-slo-3-LJ-E-2009-20822	solar1555s	solar1555t	2009	strokovna šola	slovenščina	3. letnik	esej ali spis	Ljubljana
KUS-SI-slo-3-LJ-E-2009-20823	solar1556s	solar1556t	2009	strokovna šola	slovenščina	3. letnik	esej ali spis	Ljubljana
KUS-SI-slo-3-LJ-E-2009-20824	solar1557s	solar1557t	2009	strokovna šola	slovenščina	3. letnik	esej ali spis	Ljubljana
KUS-SI-slo-3-LJ-E-2009-20825	solar1558s	solar1558t	2009	strokovna šola	slovenščina	3. letnik	esej ali spis	Ljubljana
KUS-SI-slo-3-LJ-E-2009-20826	solar1559s	solar1559t	2009	strokovna šola	slovenščina	3. letnik	esej ali spis	Ljubljana
KUS-SI-slo-3-LJ-E-2009-20827	solar1560s	solar1560t	2009	strokovna šola	slovenščina	3. letnik	esej ali spis	Ljubljana
KUS-SI-slo-3-LJ-E-2009-20828	solar1561s	solar1561t	2009	strokovna šola	slovenščina	3. letnik	esej ali spis	Ljubljana
KUS-SI-slo-3-LJ-E-2009-20829	solar1562s	solar1562t	2009	strokovna šola	slovenščina	3. letnik	esej ali spis	Ljubljana
KUS-SI-slo-3-LJ-E-2009-20830	solar1563s	solar1563t	2009	strokovna šola	slovenščina	3. letnik	esej ali spis	Ljubljana
KUS-SI-slo-3-LJ-E-2009-20831	solar1564s	solar1564t	2009	strokovna šola	slovenščina	3. letnik	esej ali spis	Ljubljana
KUS-SI-slo-3-LJ-E-2009-20832	solar1565s	solar1565t	2009	strokovna šola	slovenščina	3. letnik	esej ali spis	Ljubljana
KUS-SI-slo-3-LJ-E-2009-20833	solar1566s	solar1566t	2009	strokovna šola	slovenščina	3. letnik	esej ali spis	Ljubljana
KUS-SI-slo-3-LJ-E-2009-20834	solar1567s	solar1567t	2009	strokovna šola	slovenščina	3. letnik	esej ali spis	Ljubljana
KUS-SI-slo-3-LJ-E-2009-20835	solar1568s	solar1568t	2009	strokovna šola	slovenščina	3. letnik	esej ali spis	Ljubljana
KUS-SI-slo-3-LJ-E-2009-20836	solar1569s	solar1569t	2009	strokovna šola	slovenščina	3. letnik	esej ali spis	Ljubljana
KUS-SI-slo-3-LJ-E-2009-20837	solar1570s	solar1570t	2009	strokovna šola	slovenščina	3. letnik	esej ali spis	Ljubljana
KUS-SI-slo-3-LJ-E-2009-20838	solar1571s	solar1571t	2009	strokovna šola	slovenščina	3. letnik	esej ali spis	Ljubljana
KUS-SI-slo-3-LJ-E-2009-20839	solar1572s	solar1572t	2009	strokovna šola	slovenščina	3. letnik	esej ali spis	Ljubljana
KUS-SI-slo-3-LJ-E-2009-20840	solar1573s	solar1573t	2009	strokovna šola	slovenščina	3. letnik	esej ali spis	Ljubljana
KUS-SI-slo-3-LJ-E-2009-20841	solar1574s	solar1574t	2009	strokovna šola	slovenščina	3. letnik	esej ali spis	Ljubljana
KUS-SI-slo-3-LJ-E-2009-20842	solar1575s	solar1575t	2009	strokovna šola	slovenščina	3. letnik	esej ali spis	Ljubljana
KUS-SI-slo-3-LJ-E-2009-20843	solar1576s	solar1576t	2009	strokovna šola	slovenščina	3. letnik	esej ali spis	Ljubljana
KUS-SI-slo-3-LJ-E-2009-20844	solar1577s	solar1577t	2009	strokovna šola	slovenščina	3. letnik	esej ali spis	Ljubljana
KUS-SI-slo-3-LJ-E-2009-20845	solar1578s	solar1578t	2009	strokovna šola	slovenščina	3. letnik	esej ali spis	Ljubljana
KUS-SI-slo-3-LJ-E-2009-20846	solar1579s	solar1579t	2009	strokovna šola	slovenščina	3. letnik	esej ali spis	Ljubljana
KUS-SI-slo-3-LJ-E-2009-20847	solar1580s	solar1580t	2009	strokovna šola	slovenščina	3. letnik	esej ali spis	Ljubljana
KUS-SI-slo-3-LJ-E-2009-20848	solar1581s	solar1581t	2009	strokovna šola	slovenščina	3. letnik	esej ali spis	Ljubljana
KUS-SI-slo-3-LJ-E-2009-20849	solar1582s	solar1582t	2009	strokovna šola	slovenščina	3. letnik	esej ali spis	Ljubljana
KUS-SI-slo-3-LJ-E-2009-20850	solar1583s	solar1583t	2009	strokovna šola	slovenščina	3. letnik	esej ali spis	Ljubljana
KUS-SI-slo-3-LJ-E-2009-20851	solar1584s	solar1584t	2009	strokovna šola	slovenščina	3. letnik	esej ali spis	Ljubljana
KUS-SI-slo-3-LJ-E-2009-20852	solar1585s	solar1585t	2009	strokovna šola	slovenščina	3. letnik	esej ali spis	Ljubljana
KUS-SI-slo-3-LJ-E-2009-20853	solar1586s	solar1586t	2009	strokovna šola	slovenščina	3. letnik	esej ali spis	Ljubljana
KUS-SI-slo-3-LJ-E-2009-20854	solar1587s	solar1587t	2009	strokovna šola	slovenščina	3. letnik	esej ali spis	Ljubljana
KUS-SI-slo-3-LJ-E-2009-20855	solar1588s	solar1588t	2009	strokovna šola	slovenščina	3. letnik	esej ali spis	Ljubljana
KUS-SI-slo-3-LJ-E-2009-20856	solar1589s	solar1589t	2009	strokovna šola	slovenščina	3. letnik	esej ali spis	Ljubljana
KUS-SI-slo-3-LJ-E-2009-20857	solar1590s	solar1590t	2009	strokovna šola	slovenščina	3. letnik	esej ali spis	Ljubljana
KUS-SI-slo-3-LJ-E-2009-20858	solar1591s	solar1591t	2009	strokovna šola	slovenščina	3. letnik	esej ali spis	Ljubljana
KUS-SI-slo-3-LJ-E-2009-20859	solar1592s	solar1592t	2009	strokovna šola	slovenščina	3. letnik	esej ali spis	Ljubljana
KUS-SI-slo-3-LJ-E-2009-20860	solar1593s	solar1593t	2009	strokovna šola	slovenščina	3. letnik	esej ali spis	Ljubljana
KUS-SI-slo-3-LJ-E-2009-20862	solar1594s	solar1594t	2009	strokovna šola	slovenščina	3. letnik	esej ali spis	Ljubljana
KUS-SI-slo-3-LJ-E-2009-20863	solar1595s	solar1595t	2009	strokovna šola	slovenščina	3. letnik	esej ali spis	Ljubljana
KUS-SI-slo-3-LJ-E-2009-20864	solar1596s	solar1596t	2009	strokovna šola	slovenščina	3. letnik	esej ali spis	Ljubljana
KUS-SI-slo-3-LJ-E-2009-20865	solar1597s	solar1597t	2009	strokovna šola	slovenščina	3. letnik	esej ali spis	Ljubljana
KUS-SI-slo-3-LJ-E-2009-20866	solar1598s	solar1598t	2009	strokovna šola	slovenščina	3. letnik	esej ali spis	Ljubljana
KUS-SI-slo-3-LJ-E-2009-20867	solar1599s	solar1599t	2009	strokovna šola	slovenščina	3. letnik	esej ali spis	Ljubljana
KUS-SI-slo-3-LJ-E-2009-20868	solar1600s	solar1600t	2009	strokovna šola	slovenščina	3. letnik	esej ali spis	Ljubljana
KUS-SI-slo-3-LJ-E-2009-20869	solar1601s	solar1601t	2009	strokovna šola	slovenščina	3. letnik	esej ali spis	Ljubljana
KUS-SI-slo-3-LJ-E-2009-20870	solar1602s	solar1602t	2009	strokovna šola	slovenščina	3. letnik	esej ali spis	Ljubljana
KUS-SI-slo-3-LJ-E-2009-20871	solar1603s	solar1603t	2009	strokovna šola	slovenščina	3. letnik	esej ali spis	Ljubljana
KUS-SI-slo-3-LJ-E-2009-20872	solar1604s	solar1604t	2009	strokovna šola	slovenščina	3. letnik	esej ali spis	Ljubljana
KUS-SI-slo-3-LJ-E-2009-20873	solar1605s	solar1605t	2009	strokovna šola	slovenščina	3. letnik	esej ali spis	Ljubljana
KUS-SI-slo-3-LJ-E-2009-20874	solar1606s	solar1606t	2009	strokovna šola	slovenščina	3. letnik	esej ali spis	Ljubljana
KUS-SI-slo-3-LJ-E-2009-20875	solar1607s	solar1607t	2009	strokovna šola	slovenščina	3. letnik	esej ali spis	Ljubljana
KUS-SI-slo-3-LJ-E-2009-20876	solar1608s	solar1608t	2009	strokovna šola	slovenščina	3. letnik	esej ali spis	Ljubljana
KUS-SI-slo-3-LJ-E-2009-20877	solar1609s	solar1609t	2009	strokovna šola	slovenščina	3. letnik	esej ali spis	Ljubljana
KUS-SI-slo-3-LJ-E-2009-20878	solar1610s	solar1610t	2009	strokovna šola	slovenščina	3. letnik	esej ali spis	Ljubljana
KUS-SI-slo-3-LJ-E-2009-20879	solar1611s	solar1611t	2009	strokovna šola	slovenščina	3. letnik	esej ali spis	Ljubljana
KUS-SI-slo-3-LJ-E-2009-20880	solar1612s	solar1612t	2009	strokovna šola	slovenščina	3. letnik	esej ali spis	Ljubljana
KUS-SI-slo-3-LJ-E-2009-20881	solar1613s	solar1613t	2009	strokovna šola	slovenščina	3. letnik	esej ali spis	Ljubljana
KUS-SI-slo-3-LJ-E-2009-20882	solar1614s	solar1614t	2009	strokovna šola	slovenščina	3. letnik	esej ali spis	Ljubljana
KUS-SI-slo-3-LJ-E-2009-20883	solar1615s	solar1615t	2009	strokovna šola	slovenščina	3. letnik	esej ali spis	Ljubljana
KUS-SI-slo-3-LJ-E-2009-20884	solar1616s	solar1616t	2009	strokovna šola	slovenščina	3. letnik	esej ali spis	Ljubljana
KUS-SI-slo-3-LJ-E-2009-20885	solar1617s	solar1617t	2009	strokovna šola	slovenščina	3. letnik	esej ali spis	Ljubljana
KUS-SI-slo-3-LJ-E-2009-20886	solar1618s	solar1618t	2009	strokovna šola	slovenščina	3. letnik	esej ali spis	Ljubljana
KUS-SI-slo-3-LJ-E-2009-20887	solar1619s	solar1619t	2009	strokovna šola	slovenščina	3. letnik	esej ali spis	Ljubljana
KUS-SI-slo-3-LJ-E-2009-20888	solar1620s	solar1620t	2009	strokovna šola	slovenščina	3. letnik	esej ali spis	Ljubljana
KUS-SI-slo-3-LJ-E-2009-20889	solar1621s	solar1621t	2009	strokovna šola	slovenščina	3. letnik	esej ali spis	Ljubljana
KUS-SI-slo-3-LJ-E-2009-20890	solar1622s	solar1622t	2009	strokovna šola	slovenščina	3. letnik	esej ali spis	Ljubljana
KUS-SI-slo-3-LJ-E-2009-20891	solar1623s	solar1623t	2009	strokovna šola	slovenščina	3. letnik	esej ali spis	Ljubljana
KUS-SI-slo-3-LJ-E-2009-20892	solar1624s	solar1624t	2009	strokovna šola	slovenščina	3. letnik	esej ali spis	Ljubljana
KUS-SI-slo-3-LJ-E-2009-20893	solar1625s	solar1625t	2009	strokovna šola	slovenščina	3. letnik	esej ali spis	Ljubljana
KUS-SI-slo-3-LJ-E-2009-20894	solar1626s	solar1626t	2009	strokovna šola	slovenščina	3. letnik	esej ali spis	Ljubljana
KUS-SI-slo-3-LJ-E-2009-20895	solar1627s	solar1627t	2009	strokovna šola	slovenščina	3. letnik	esej ali spis	Ljubljana
KUS-SI-slo-3-LJ-E-2009-20896	solar1628s	solar1628t	2009	strokovna šola	slovenščina	3. letnik	esej ali spis	Ljubljana
KUS-SI-slo-3-LJ-E-2009-20897	solar1629s	solar1629t	2009	strokovna šola	slovenščina	3. letnik	esej ali spis	Ljubljana
KUS-SI-slo-3-LJ-E-2009-20899	solar1630s	solar1630t	2009	strokovna šola	slovenščina	3. letnik	esej ali spis	Ljubljana
KUS-SI-slo-3-LJ-E-2009-20900	solar1631s	solar1631t	2009	strokovna šola	slovenščina	3. letnik	esej ali spis	Ljubljana
KUS-SI-slo-3-LJ-E-2009-20901	solar1632s	solar1632t	2009	strokovna šola	slovenščina	3. letnik	esej ali spis	Ljubljana
KUS-SI-slo-3-LJ-E-2009-20902	solar1633s	solar1633t	2009	strokovna šola	slovenščina	3. letnik	esej ali spis	Ljubljana
KUS-SI-slo-3-LJ-E-2009-20903	solar1634s	solar1634t	2009	strokovna šola	slovenščina	3. letnik	esej ali spis	Ljubljana
KUS-SI-slo-3-LJ-E-2009-20904	solar1635s	solar1635t	2009	strokovna šola	slovenščina	3. letnik	esej ali spis	Ljubljana
KUS-SI-slo-3-LJ-E-2009-20905	solar1636s	solar1636t	2009	strokovna šola	slovenščina	3. letnik	esej ali spis	Ljubljana
KUS-SI-slo-3-LJ-E-2009-20906	solar1637s	solar1637t	2009	strokovna šola	slovenščina	3. letnik	esej ali spis	Ljubljana
KUS-SI-slo-3-LJ-E-2009-20907	solar1638s	solar1638t	2009	strokovna šola	slovenščina	3. letnik	esej ali spis	Ljubljana
KUS-SI-slo-3-LJ-E-2009-20908	solar1639s	solar1639t	2009	strokovna šola	slovenščina	3. letnik	esej ali spis	Ljubljana
KUS-SI-slo-3-LJ-E-2009-20909	solar1640s	solar1640t	2009	strokovna šola	slovenščina	3. letnik	esej ali spis	Ljubljana
KUS-SI-slo-3-LJ-E-2009-20910	solar1641s	solar1641t	2009	strokovna šola	slovenščina	3. letnik	esej ali spis	Ljubljana
KUS-SI-slo-3-LJ-E-2009-20911	solar1642s	solar1642t	2009	strokovna šola	slovenščina	3. letnik	esej ali spis	Ljubljana
KUS-SI-slo-3-LJ-E-2009-20912	solar1643s	solar1643t	2009	strokovna šola	slovenščina	3. letnik	esej ali spis	Ljubljana
KUS-SI-slo-3-LJ-E-2009-20913	solar1644s	solar1644t	2009	strokovna šola	slovenščina	3. letnik	esej ali spis	Ljubljana
KUS-SI-slo-3-LJ-E-2009-20914	solar1645s	solar1645t	2009	strokovna šola	slovenščina	3. letnik	esej ali spis	Ljubljana
KUS-SI-slo-3-LJ-E-2009-20915	solar1646s	solar1646t	2009	strokovna šola	slovenščina	3. letnik	esej ali spis	Ljubljana
KUS-SI-slo-3-LJ-E-2009-20916	solar1647s	solar1647t	2009	strokovna šola	slovenščina	3. letnik	esej ali spis	Ljubljana
KUS-SI-slo-3-LJ-E-2009-20917	solar1648s	solar1648t	2009	strokovna šola	slovenščina	3. letnik	esej ali spis	Ljubljana
KUS-SI-slo-3-LJ-E-2009-20918	solar1649s	solar1649t	2009	strokovna šola	slovenščina	3. letnik	esej ali spis	Ljubljana
KUS-SI-slo-3-LJ-E-2009-20919	solar1650s	solar1650t	2009	strokovna šola	slovenščina	3. letnik	esej ali spis	Ljubljana
KUS-SI-slo-3-LJ-E-2009-20920	solar1651s	solar1651t	2009	strokovna šola	slovenščina	3. letnik	esej ali spis	Ljubljana
KUS-SI-slo-3-LJ-E-2009-20921	solar1652s	solar1652t	2009	strokovna šola	slovenščina	3. letnik	esej ali spis	Ljubljana
KUS-SI-slo-3-LJ-E-2009-20922	solar1653s	solar1653t	2009	strokovna šola	slovenščina	3. letnik	esej ali spis	Ljubljana
KUS-SI-slo-3-LJ-E-2009-20923	solar1654s	solar1654t	2009	strokovna šola	slovenščina	3. letnik	esej ali spis	Ljubljana
KUS-SI-slo-3-LJ-E-2009-20924	solar1655s	solar1655t	2009	strokovna šola	slovenščina	3. letnik	esej ali spis	Ljubljana
KUS-SI-slo-3-LJ-E-2009-20925	solar1656s	solar1656t	2009	strokovna šola	slovenščina	3. letnik	esej ali spis	Ljubljana
KUS-SI-slo-3-LJ-E-2009-20926	solar1657s	solar1657t	2009	strokovna šola	slovenščina	3. letnik	esej ali spis	Ljubljana
KUS-SI-slo-1-KP-E-2010-20928	solar1658s	solar1658t	2010	strokovna šola	slovenščina	1. letnik	esej ali spis	Koper
KUS-SI-slo-1-KP-E-2010-20929	solar1659s	solar1659t	2010	strokovna šola	slovenščina	1. letnik	esej ali spis	Koper
KUS-SI-slo-1-KP-E-2010-20930	solar1660s	solar1660t	2010	strokovna šola	slovenščina	1. letnik	esej ali spis	Koper
KUS-SI-slo-1-KP-E-2010-20931	solar1661s	solar1661t	2010	strokovna šola	slovenščina	1. letnik	esej ali spis	Koper
KUS-SI-slo-1-KP-E-2010-20932	solar1662s	solar1662t	2010	strokovna šola	slovenščina	1. letnik	esej ali spis	Koper
KUS-SI-slo-1-KP-E-2010-20933	solar1663s	solar1663t	2010	strokovna šola	slovenščina	1. letnik	esej ali spis	Koper
KUS-SI-slo-1-KP-E-2010-20934	solar1664s	solar1664t	2010	strokovna šola	slovenščina	1. letnik	esej ali spis	Koper
KUS-SI-slo-1-KP-E-2010-20935	solar1665s	solar1665t	2010	strokovna šola	slovenščina	1. letnik	esej ali spis	Koper
KUS-SI-slo-1-KP-E-2010-20936	solar1666s	solar1666t	2010	strokovna šola	slovenščina	1. letnik	esej ali spis	Koper
KUS-SI-slo-1-KP-E-2010-20937	solar1667s	solar1667t	2010	strokovna šola	slovenščina	1. letnik	esej ali spis	Koper
KUS-SI-slo-1-KP-E-2010-20938	solar1668s	solar1668t	2010	strokovna šola	slovenščina	1. letnik	esej ali spis	Koper
KUS-SI-slo-3-KP-E-2010-20939	solar1669s	solar1669t	2010	strokovna šola	slovenščina	3. letnik	esej ali spis	Koper
KUS-SI-slo-3-KP-E-2010-20940	solar1670s	solar1670t	2010	strokovna šola	slovenščina	3. letnik	esej ali spis	Koper
KUS-SI-slo-3-KP-E-2010-20941	solar1671s	solar1671t	2010	strokovna šola	slovenščina	3. letnik	esej ali spis	Koper
KUS-SI-slo-3-KP-E-2010-20942	solar1672s	solar1672t	2010	strokovna šola	slovenščina	3. letnik	esej ali spis	Koper
KUS-SI-slo-3-KP-E-2010-20943	solar1673s	solar1673t	2010	strokovna šola	slovenščina	3. letnik	esej ali spis	Koper
KUS-SI-slo-3-KP-E-2010-20944	solar1674s	solar1674t	2010	strokovna šola	slovenščina	3. letnik	esej ali spis	Koper
KUS-SI-slo-3-KP-E-2010-20945	solar1675s	solar1675t	2010	strokovna šola	slovenščina	3. letnik	esej ali spis	Koper
KUS-SI-slo-3-KP-E-2010-20946	solar1676s	solar1676t	2010	strokovna šola	slovenščina	3. letnik	esej ali spis	Koper
KUS-SI-slo-3-KP-E-2010-20947	solar1677s	solar1677t	2010	strokovna šola	slovenščina	3. letnik	esej ali spis	Koper
KUS-SI-slo-3-KP-E-2010-20948	solar1678s	solar1678t	2010	strokovna šola	slovenščina	3. letnik	esej ali spis	Koper
KUS-SI-slo-3-KP-E-2010-20949	solar1679s	solar1679t	2010	strokovna šola	slovenščina	3. letnik	esej ali spis	Koper
KUS-SI-slo-3-KP-E-2010-20950	solar1680s	solar1680t	2010	strokovna šola	slovenščina	3. letnik	esej ali spis	Koper
KUS-SI-slo-3-KP-E-2010-20951	solar1681s	solar1681t	2010	strokovna šola	slovenščina	3. letnik	esej ali spis	Koper
KUS-SI-slo-1-KP-E-2009/2010-20952	solar1682s	solar1682t	2009/2010	strokovna šola	slovenščina	1. letnik	esej ali spis	Koper
KUS-SI-slo-1-KP-E-2009/2010-20953	solar1683s	solar1683t	2009/2010	strokovna šola	slovenščina	1. letnik	esej ali spis	Koper
KUS-SI-slo-1-KP-E-2009/2010-20954	solar1684s	solar1684t	2009/2010	strokovna šola	slovenščina	1. letnik	esej ali spis	Koper
KUS-SI-slo-1-KP-E-2009/2010-20955	solar1685s	solar1685t	2009/2010	strokovna šola	slovenščina	1. letnik	esej ali spis	Koper
KUS-SI-slo-1-KP-E-2009/2010-20956	solar1686s	solar1686t	2009/2010	strokovna šola	slovenščina	1. letnik	esej ali spis	Koper
KUS-SI-slo-1-KP-E-2009/2010-20958	solar1687s	solar1687t	2009/2010	strokovna šola	slovenščina	1. letnik	esej ali spis	Koper
KUS-SI-slo-1-KP-E-2009/2010-20959	solar1688s	solar1688t	2009/2010	strokovna šola	slovenščina	1. letnik	esej ali spis	Koper
KUS-SI-slo-1-KP-E-2009/2010-20960	solar1689s	solar1689t	2009/2010	strokovna šola	slovenščina	1. letnik	esej ali spis	Koper
KUS-SI-slo-1-KP-E-2009/2010-20961	solar1690s	solar1690t	2009/2010	strokovna šola	slovenščina	1. letnik	esej ali spis	Koper
KUS-SI-slo-1-KP-E-2009/2010-20962	solar1691s	solar1691t	2009/2010	strokovna šola	slovenščina	1. letnik	esej ali spis	Koper
KUS-SI-slo-1-KP-E-2009/2010-20963	solar1692s	solar1692t	2009/2010	strokovna šola	slovenščina	1. letnik	esej ali spis	Koper
KUS-SI-slo-1-KP-E-2009/2010-20964	solar1693s	solar1693t	2009/2010	strokovna šola	slovenščina	1. letnik	esej ali spis	Koper
KUS-SI-slo-1-KP-E-2009/2010-20965	solar1694s	solar1694t	2009/2010	strokovna šola	slovenščina	1. letnik	esej ali spis	Koper
KUS-SI-slo-1-KP-E-2009/2010-20966	solar1695s	solar1695t	2009/2010	strokovna šola	slovenščina	1. letnik	esej ali spis	Koper
KUS-SI-slo-1-KP-E-2009/2010-20967	solar1696s	solar1696t	2009/2010	strokovna šola	slovenščina	1. letnik	esej ali spis	Koper
KUS-SI-slo-1-KP-E-2009/2010-20968	solar1697s	solar1697t	2009/2010	strokovna šola	slovenščina	1. letnik	esej ali spis	Koper
KUS-SI-slo-1-KP-E-2009/2010-20969	solar1698s	solar1698t	2009/2010	strokovna šola	slovenščina	1. letnik	esej ali spis	Koper
KUS-SI-slo-1-KP-E-2009/2010-20970	solar1699s	solar1699t	2009/2010	strokovna šola	slovenščina	1. letnik	esej ali spis	Koper
KUS-SI-slo-1-KP-E-2009/2010-20971	solar1700s	solar1700t	2009/2010	strokovna šola	slovenščina	1. letnik	esej ali spis	Koper
KUS-SI-slo-1-KP-E-2009/2010-20972	solar1701s	solar1701t	2009/2010	strokovna šola	slovenščina	1. letnik	esej ali spis	Koper
KUS-SI-slo-1-KP-E-2009/2010-20973	solar1702s	solar1702t	2009/2010	strokovna šola	slovenščina	1. letnik	esej ali spis	Koper
KUS-SI-slo-1-KP-E-2009/2010-20974	solar1703s	solar1703t	2009/2010	strokovna šola	slovenščina	1. letnik	esej ali spis	Koper
KUS-SI-slo-4-KP-E-2009/2010-20975	solar1704s	solar1704t	2009/2010	strokovna šola	slovenščina	4. letnik	esej ali spis	Koper
KUS-SI-slo-4-KP-E-2009/2010-20976	solar1705s	solar1705t	2009/2010	strokovna šola	slovenščina	4. letnik	esej ali spis	Koper
KUS-SI-slo-4-KP-E-2009/2010-20977	solar1706s	solar1706t	2009/2010	strokovna šola	slovenščina	4. letnik	esej ali spis	Koper
KUS-SI-slo-4-KP-E-2009/2010-20978	solar1707s	solar1707t	2009/2010	strokovna šola	slovenščina	4. letnik	esej ali spis	Koper
KUS-SI-slo-4-KP-E-2009/2010-20979	solar1708s	solar1708t	2009/2010	strokovna šola	slovenščina	4. letnik	esej ali spis	Koper
KUS-SI-slo-4-KP-E-2009/2010-20980	solar1709s	solar1709t	2009/2010	strokovna šola	slovenščina	4. letnik	esej ali spis	Koper
KUS-SI-slo-4-KP-E-2009/2010-20981	solar1710s	solar1710t	2009/2010	strokovna šola	slovenščina	4. letnik	esej ali spis	Koper
KUS-SI-slo-4-KP-E-2009/2010-20982	solar1711s	solar1711t	2009/2010	strokovna šola	slovenščina	4. letnik	esej ali spis	Koper
KUS-SI-slo-4-KP-E-2009/2010-20983	solar1712s	solar1712t	2009/2010	strokovna šola	slovenščina	4. letnik	esej ali spis	Koper
KUS-SI-slo-4-KP-E-2009/2010-20984	solar1713s	solar1713t	2009/2010	strokovna šola	slovenščina	4. letnik	esej ali spis	Koper
KUS-SI-slo-4-KP-E-2009/2010-20985	solar1714s	solar1714t	2009/2010	strokovna šola	slovenščina	4. letnik	esej ali spis	Koper
KUS-SI-slo-4-KP-E-2009/2010-20986	solar1715s	solar1715t	2009/2010	strokovna šola	slovenščina	4. letnik	esej ali spis	Koper
KUS-SI-slo-4-KP-E-2009/2010-20987	solar1716s	solar1716t	2009/2010	strokovna šola	slovenščina	4. letnik	esej ali spis	Koper
KUS-SI-slo-4-KP-E-2009/2010-20988	solar1717s	solar1717t	2009/2010	strokovna šola	slovenščina	4. letnik	esej ali spis	Koper
KUS-SI-slo-4-KP-E-2009/2010-20989	solar1718s	solar1718t	2009/2010	strokovna šola	slovenščina	4. letnik	esej ali spis	Koper
KUS-SI-slo-1-KP-E-2009/2010-20990	solar1719s	solar1719t	2009/2010	strokovna šola	slovenščina	1. letnik	esej ali spis	Koper
KUS-SI-slo-1-KP-E-2009/2010-20991	solar1720s	solar1720t	2009/2010	strokovna šola	slovenščina	1. letnik	esej ali spis	Koper
KUS-SI-slo-1-KP-E-2009/2010-20992	solar1721s	solar1721t	2009/2010	strokovna šola	slovenščina	1. letnik	esej ali spis	Koper
KUS-SI-slo-4-KP-E-2009/2010-20993	solar1722s	solar1722t	2009/2010	strokovna šola	slovenščina	4. letnik	esej ali spis	Koper
KUS-SI-slo-4-KP-E-2009/2010-20994	solar1723s	solar1723t	2009/2010	strokovna šola	slovenščina	4. letnik	esej ali spis	Koper
KUS-SI-slo-4-KP-E-2009/2010-20995	solar1724s	solar1724t	2009/2010	strokovna šola	slovenščina	4. letnik	esej ali spis	Koper
KUS-SI-slo-4-KP-E-2009/2010-20996	solar1725s	solar1725t	2009/2010	strokovna šola	slovenščina	4. letnik	esej ali spis	Koper
KUS-SI-slo-4-KP-E-2009/2010-20997	solar1726s	solar1726t	2009/2010	strokovna šola	slovenščina	4. letnik	esej ali spis	Koper
KUS-SI-slo-4-KP-E-2009/2010-20998	solar1727s	solar1727t	2009/2010	strokovna šola	slovenščina	4. letnik	esej ali spis	Koper
KUS-SI-slo-4-KP-E-2009/2010-20999	solar1728s	solar1728t	2009/2010	strokovna šola	slovenščina	4. letnik	esej ali spis	Koper
KUS-SI-slo-4-KP-E-2009/2010-21000	solar1729s	solar1729t	2009/2010	strokovna šola	slovenščina	4. letnik	esej ali spis	Koper
KUS-SI-slo-1-LJ-E-2009-21000	solar1730s	solar1730t	2009	strokovna šola	slovenščina	1. letnik	esej ali spis	Ljubljana
KUS-SI-slo-4-KP-E-2009/2010-21001	solar1731s	solar1731t	2009/2010	strokovna šola	slovenščina	4. letnik	esej ali spis	Koper
KUS-SI-slo-4-KP-E-2009/2010-21002	solar1732s	solar1732t	2009/2010	strokovna šola	slovenščina	4. letnik	esej ali spis	Koper
KUS-SI-slo-4-KP-E-2009/2010-21003	solar1733s	solar1733t	2009/2010	strokovna šola	slovenščina	4. letnik	esej ali spis	Koper
KUS-SI-slo-4-KP-E-2009/2010-21004	solar1734s	solar1734t	2009/2010	strokovna šola	slovenščina	4. letnik	esej ali spis	Koper
KUS-SI-slo-4-KP-E-2009/2010-21005	solar1735s	solar1735t	2009/2010	strokovna šola	slovenščina	4. letnik	esej ali spis	Koper
KUS-SI-slo-2-MB-E-2009/2010-21007	solar1736s	solar1736t	2009/2010	strokovna šola	slovenščina	2. letnik	esej ali spis	Maribor
KUS-SI-slo-4-MB-T-2009/2010-21009	solar1737s	solar1737t	2009/2010	strokovna šola	slovenščina	4. letnik	test	Maribor
KUS-SI-slo-4-MB-T-2009/2010-21010	solar1738s	solar1738t	2009/2010	strokovna šola	slovenščina	4. letnik	test	Maribor
KUS-SI-slo-4-MB-T-2009/2010-21011	solar1739s	solar1739t	2009/2010	strokovna šola	slovenščina	4. letnik	test	Maribor
KUS-SI-slo-4-MB-T-2009/2010-21012	solar1740s	solar1740t	2009/2010	strokovna šola	slovenščina	4. letnik	test	Maribor
KUS-SI-slo-4-MB-T-2009/2010-21013	solar1741s	solar1741t	2009/2010	strokovna šola	slovenščina	4. letnik	test	Maribor
KUS-SI-slo-4-MB-T-2009/2010-21014	solar1742s	solar1742t	2009/2010	strokovna šola	slovenščina	4. letnik	test	Maribor
KUS-SI-slo-4-MB-T-2009/2010-21015	solar1743s	solar1743t	2009/2010	strokovna šola	slovenščina	4. letnik	test	Maribor
KUS-SI-slo-4-MB-T-2009/2010-21016	solar1744s	solar1744t	2009/2010	strokovna šola	slovenščina	4. letnik	test	Maribor
KUS-SI-slo-4-MB-T-2009/2010-21017	solar1745s	solar1745t	2009/2010	strokovna šola	slovenščina	4. letnik	test	Maribor
KUS-SI-slo-4-MB-T-2009/2010-21018	solar1746s	solar1746t	2009/2010	strokovna šola	slovenščina	4. letnik	test	Maribor
KUS-SI-slo-4-MB-T-2009/2010-21019	solar1747s	solar1747t	2009/2010	strokovna šola	slovenščina	4. letnik	test	Maribor
KUS-SI-slo-4-MB-T-2009/2010-21020	solar1748s	solar1748t	2009/2010	strokovna šola	slovenščina	4. letnik	test	Maribor
KUS-SI-slo-4-MB-T-2009/2010-21021	solar1749s	solar1749t	2009/2010	strokovna šola	slovenščina	4. letnik	test	Maribor
KUS-SI-slo-4-MB-T-2010-21022	solar1750s	solar1750t	2010	strokovna šola	slovenščina	4. letnik	praktično besedilo	Maribor
KUS-SI-slo-4-MB-T-2010-21023	solar1751s	solar1751t	2010	strokovna šola	slovenščina	4. letnik	praktično besedilo	Maribor
KUS-SI-slo-4-MB-T-2010-21024	solar1752s	solar1752t	2010	strokovna šola	slovenščina	4. letnik	praktično besedilo	Maribor
KUS-SI-slo-4-MB-T-2010-21025	solar1753s	solar1753t	2010	strokovna šola	slovenščina	4. letnik	praktično besedilo	Maribor
KUS-SI-slo-4-MB-T-2010-21026	solar1754s	solar1754t	2010	strokovna šola	slovenščina	4. letnik	praktično besedilo	Maribor
KUS-SI-slo-4-MB-T-2010-21027	solar1755s	solar1755t	2010	strokovna šola	slovenščina	4. letnik	praktično besedilo	Maribor
KUS-SI-slo-4-MB-T-2010-21028	solar1756s	solar1756t	2010	strokovna šola	slovenščina	4. letnik	praktično besedilo	Maribor
KUS-SI-slo-4-MB-T-2010-21029	solar1757s	solar1757t	2010	strokovna šola	slovenščina	4. letnik	praktično besedilo	Maribor
KUS-SI-slo-4-MB-T-2010-21030	solar1758s	solar1758t	2010	strokovna šola	slovenščina	4. letnik	praktično besedilo	Maribor
KUS-SI-slo-4-MB-T-2010-21031	solar1759s	solar1759t	2010	strokovna šola	slovenščina	4. letnik	praktično besedilo	Maribor
KUS-SI-slo-4-MB-T-2010-21032	solar1760s	solar1760t	2010	strokovna šola	slovenščina	4. letnik	praktično besedilo	Maribor
KUS-SI-slo-4-MB-T-2010-21033	solar1761s	solar1761t	2010	strokovna šola	slovenščina	4. letnik	praktično besedilo	Maribor
KUS-SI-slo-1-MB-E-2009/2010-21035	solar1762s	solar1762t	2009/2010	strokovna šola	slovenščina	1. letnik	esej ali spis	Maribor
KUS-SI-slo-1-MB-E-2009/2010-21036	solar1763s	solar1763t	2009/2010	strokovna šola	slovenščina	1. letnik	esej ali spis	Maribor
KUS-SI-slo-1-MB-E-2009/2010-21037	solar1764s	solar1764t	2009/2010	strokovna šola	slovenščina	1. letnik	esej ali spis	Maribor
KUS-SI-slo-1-MB-E-2009/2010-21038	solar1765s	solar1765t	2009/2010	strokovna šola	slovenščina	1. letnik	esej ali spis	Maribor
KUS-SI-slo-1-MB-E-2009/2010-21039	solar1766s	solar1766t	2009/2010	strokovna šola	slovenščina	1. letnik	esej ali spis	Maribor
KUS-SI-slo-1-MB-E-2009/2010-21040	solar1767s	solar1767t	2009/2010	strokovna šola	slovenščina	1. letnik	esej ali spis	Maribor
KUS-SI-slo-1-MB-E-2009/2010-21041	solar1768s	solar1768t	2009/2010	strokovna šola	slovenščina	1. letnik	esej ali spis	Maribor
KUS-SI-slo-1-MB-E-2009/2010-21042	solar1769s	solar1769t	2009/2010	strokovna šola	slovenščina	1. letnik	esej ali spis	Maribor
KUS-SI-slo-1-MB-E-2009/2010-21043	solar1770s	solar1770t	2009/2010	strokovna šola	slovenščina	1. letnik	esej ali spis	Maribor
KUS-SI-slo-1-MB-E-2009/2010-21044	solar1771s	solar1771t	2009/2010	strokovna šola	slovenščina	1. letnik	esej ali spis	Maribor
KUS-SI-slo-1-MB-E-2009/2010-21045	solar1772s	solar1772t	2009/2010	strokovna šola	slovenščina	1. letnik	esej ali spis	Maribor
KUS-SI-slo-2-MB-E-2009/2010-21046	solar1773s	solar1773t	2009/2010	strokovna šola	slovenščina	2. letnik	esej ali spis	Maribor
KUS-SI-slo-2-MB-E-2009/2010-21047	solar1774s	solar1774t	2009/2010	strokovna šola	slovenščina	2. letnik	esej ali spis	Maribor
KUS-SI-slo-2-MB-E-2009/2010-21048	solar1775s	solar1775t	2009/2010	strokovna šola	slovenščina	2. letnik	esej ali spis	Maribor
KUS-SI-slo-2-MB-E-2009/2010-21049	solar1776s	solar1776t	2009/2010	strokovna šola	slovenščina	2. letnik	esej ali spis	Maribor
KUS-SI-slo-2-MB-E-2009/2010-21050	solar1777s	solar1777t	2009/2010	strokovna šola	slovenščina	2. letnik	esej ali spis	Maribor
KUS-SI-slo-2-MB-E-2009/2010-21051	solar1778s	solar1778t	2009/2010	strokovna šola	slovenščina	2. letnik	esej ali spis	Maribor
KUS-SI-slo-2-MB-E-2009/2010-21052	solar1779s	solar1779t	2009/2010	strokovna šola	slovenščina	2. letnik	esej ali spis	Maribor
KUS-SI-slo-2-MB-E-2009/2010-21053	solar1780s	solar1780t	2009/2010	strokovna šola	slovenščina	2. letnik	esej ali spis	Maribor
KUS-SI-slo-2-MB-E-2009/2010-21054	solar1781s	solar1781t	2009/2010	strokovna šola	slovenščina	2. letnik	esej ali spis	Maribor
KUS-SI-slo-2-MB-E-2009/2010-21055	solar1782s	solar1782t	2009/2010	strokovna šola	slovenščina	2. letnik	esej ali spis	Maribor
KUS-SI-slo-2-MB-E-2009/2010-21056	solar1783s	solar1783t	2009/2010	strokovna šola	slovenščina	2. letnik	esej ali spis	Maribor
KUS-SI-slo-2-MB-E-2009/2010-21057	solar1784s	solar1784t	2009/2010	strokovna šola	slovenščina	2. letnik	esej ali spis	Maribor
KUS-SI-slo-3-MB-E-2009/2010-21058	solar1785s	solar1785t	2009/2010	strokovna šola	slovenščina	3. letnik	esej ali spis	Maribor
KUS-SI-slo-3-MB-E-2009/2010-21059	solar1786s	solar1786t	2009/2010	strokovna šola	slovenščina	3. letnik	esej ali spis	Maribor
KUS-SI-slo-3-MB-E-2009/2010-21060	solar1787s	solar1787t	2009/2010	strokovna šola	slovenščina	3. letnik	esej ali spis	Maribor
KUS-SI-slo-3-MB-E-2009/2010-21061	solar1788s	solar1788t	2009/2010	strokovna šola	slovenščina	3. letnik	esej ali spis	Maribor
KUS-SI-slo-3-MB-E-2009/2010-21062	solar1789s	solar1789t	2009/2010	strokovna šola	slovenščina	3. letnik	esej ali spis	Maribor
KUS-SI-slo-3-MB-E-2009/2010-21063	solar1790s	solar1790t	2009/2010	strokovna šola	slovenščina	3. letnik	esej ali spis	Maribor
KUS-SI-slo-3-MB-E-2009/2010-21064	solar1791s	solar1791t	2009/2010	strokovna šola	slovenščina	3. letnik	esej ali spis	Maribor
KUS-SI-slo-3-MB-E-2009/2010-21065	solar1792s	solar1792t	2009/2010	strokovna šola	slovenščina	3. letnik	esej ali spis	Maribor
KUS-SI-slo-3-MB-E-2009/2010-21066	solar1793s	solar1793t	2009/2010	strokovna šola	slovenščina	3. letnik	esej ali spis	Maribor
KUS-SI-slo-3-MB-E-2009/2010-21067	solar1794s	solar1794t	2009/2010	strokovna šola	slovenščina	3. letnik	esej ali spis	Maribor
KUS-SI-slo-3-MB-E-2009/2010-21068	solar1795s	solar1795t	2009/2010	strokovna šola	slovenščina	3. letnik	esej ali spis	Maribor
KUS-SI-slo-3-MB-E-2009/2010-21069	solar1796s	solar1796t	2009/2010	strokovna šola	slovenščina	3. letnik	esej ali spis	Maribor
KUS-SI-slo-4-MB-T-2010-21070	solar1797s	solar1797t	2010	strokovna šola	slovenščina	4. letnik	praktično besedilo	Maribor
KUS-SI-slo-4-MB-T-2010-21071	solar1798s	solar1798t	2010	strokovna šola	slovenščina	4. letnik	praktično besedilo	Maribor
KUS-SI-slo-4-MB-T-2010-21072	solar1799s	solar1799t	2010	strokovna šola	slovenščina	4. letnik	praktično besedilo	Maribor
KUS-SI-slo-4-MB-T-2010-21073	solar1800s	solar1800t	2010	strokovna šola	slovenščina	4. letnik	praktično besedilo	Maribor
KUS-SI-slo-4-MB-T-2010-21074	solar1801s	solar1801t	2010	strokovna šola	slovenščina	4. letnik	praktično besedilo	Maribor
KUS-SI-slo-4-MB-T-2010-21075	solar1802s	solar1802t	2010	strokovna šola	slovenščina	4. letnik	praktično besedilo	Maribor
KUS-SI-slo-4-MB-T-2010-21076	solar1803s	solar1803t	2010	strokovna šola	slovenščina	4. letnik	praktično besedilo	Maribor
KUS-SI-slo-4-MB-T-2010-21077	solar1804s	solar1804t	2010	strokovna šola	slovenščina	4. letnik	praktično besedilo	Maribor
KUS-SI-slo-4-MB-T-2010-21078	solar1805s	solar1805t	2010	strokovna šola	slovenščina	4. letnik	praktično besedilo	Maribor
KUS-SI-slo-4-MB-T-2010-21079	solar1806s	solar1806t	2010	strokovna šola	slovenščina	4. letnik	praktično besedilo	Maribor
KUS-SI-slo-4-MB-T-2010-21080	solar1807s	solar1807t	2010	strokovna šola	slovenščina	4. letnik	praktično besedilo	Maribor
KUS-SI-slo-3-MB-E-2010-21081	solar1808s	solar1808t	2010	strokovna šola	slovenščina	3. letnik	esej ali spis	Maribor
KUS-SI-slo-3-MB-E-2010-21082	solar1809s	solar1809t	2010	strokovna šola	slovenščina	3. letnik	esej ali spis	Maribor
KUS-SI-slo-3-MB-E-2010-21083	solar1810s	solar1810t	2010	strokovna šola	slovenščina	3. letnik	esej ali spis	Maribor
KUS-SI-slo-3-MB-E-2010-21084	solar1811s	solar1811t	2010	strokovna šola	slovenščina	3. letnik	esej ali spis	Maribor
KUS-SI-slo-3-MB-E-2010-21085	solar1812s	solar1812t	2010	strokovna šola	slovenščina	3. letnik	esej ali spis	Maribor
KUS-SI-slo-3-MB-E-2010-21086	solar1813s	solar1813t	2010	strokovna šola	slovenščina	3. letnik	esej ali spis	Maribor
KUS-SI-slo-3-MB-E-2010-21087	solar1814s	solar1814t	2010	strokovna šola	slovenščina	3. letnik	esej ali spis	Maribor
KUS-SI-slo-3-MB-E-2010-21088	solar1815s	solar1815t	2010	strokovna šola	slovenščina	3. letnik	esej ali spis	Maribor
KUS-SI-slo-3-MB-E-2010-21089	solar1816s	solar1816t	2010	strokovna šola	slovenščina	3. letnik	esej ali spis	Maribor
KUS-SI-slo-3-MB-E-2010-21090	solar1817s	solar1817t	2010	strokovna šola	slovenščina	3. letnik	esej ali spis	Maribor
KUS-SI-slo-3-MB-E-2010-21091	solar1818s	solar1818t	2010	strokovna šola	slovenščina	3. letnik	esej ali spis	Maribor
KUS-SI-slo-3-MB-E-2010-21092	solar1819s	solar1819t	2010	strokovna šola	slovenščina	3. letnik	esej ali spis	Maribor
KUS-SI-slo-3-MB-E-2010-21093	solar1820s	solar1820t	2010	strokovna šola	slovenščina	3. letnik	esej ali spis	Maribor
KUS-SI-slo-3-MB-E-2010-21094	solar1821s	solar1821t	2010	strokovna šola	slovenščina	3. letnik	esej ali spis	Maribor
KUS-SI-slo-3-MB-E-2010-21095	solar1822s	solar1822t	2010	strokovna šola	slovenščina	3. letnik	esej ali spis	Maribor
KUS-SI-slo-4-MB-E-2010-21116	solar1823s	solar1823t	2010	strokovna šola	slovenščina	4. letnik	esej ali spis	Maribor
KUS-SI-slo-4-MB-E-2010-21117	solar1824s	solar1824t	2010	strokovna šola	slovenščina	4. letnik	esej ali spis	Maribor
KUS-SI-slo-4-MB-E-2010-21118	solar1825s	solar1825t	2010	strokovna šola	slovenščina	4. letnik	esej ali spis	Maribor
KUS-SI-slo-4-MB-E-2010-21119	solar1826s	solar1826t	2010	strokovna šola	slovenščina	4. letnik	esej ali spis	Maribor
KUS-SI-slo-4-MB-E-2010-21120	solar1827s	solar1827t	2010	strokovna šola	slovenščina	4. letnik	esej ali spis	Maribor
KUS-SI-slo-4-MB-E-2010-21121	solar1828s	solar1828t	2010	strokovna šola	slovenščina	4. letnik	esej ali spis	Maribor
KUS-SI-slo-4-MB-E-2010-21122	solar1829s	solar1829t	2010	strokovna šola	slovenščina	4. letnik	esej ali spis	Maribor
KUS-SI-slo-4-MB-E-2010-21123	solar1830s	solar1830t	2010	strokovna šola	slovenščina	4. letnik	esej ali spis	Maribor
KUS-SI-slo-4-MB-E-2010-21124	solar1831s	solar1831t	2010	strokovna šola	slovenščina	4. letnik	esej ali spis	Maribor
KUS-SI-slo-4-MB-E-2010-21125	solar1832s	solar1832t	2010	strokovna šola	slovenščina	4. letnik	esej ali spis	Maribor
KUS-SI-slo-4-MB-E-2010-21126	solar1833s	solar1833t	2010	strokovna šola	slovenščina	4. letnik	esej ali spis	Maribor
KUS-SI-slo-4-MB-E-2010-21127	solar1834s	solar1834t	2010	strokovna šola	slovenščina	4. letnik	esej ali spis	Maribor
KUS-SI-slo-4-MB-E-2010-21128	solar1835s	solar1835t	2010	strokovna šola	slovenščina	4. letnik	esej ali spis	Maribor
KUS-SI-slo-4-MB-E-2010-21129	solar1836s	solar1836t	2010	strokovna šola	slovenščina	4. letnik	esej ali spis	Maribor
KUS-SI-slo-4-MB-E-2010-21130	solar1837s	solar1837t	2010	strokovna šola	slovenščina	4. letnik	esej ali spis	Maribor
KUS-SI-slo-4-MB-E-2010-21131	solar1838s	solar1838t	2010	strokovna šola	slovenščina	4. letnik	esej ali spis	Maribor
KUS-SI-slo-4-MB-E-2010-21132	solar1839s	solar1839t	2010	strokovna šola	slovenščina	4. letnik	esej ali spis	Maribor
KUS-SI-slo-4-MB-E-2010-21133	solar1840s	solar1840t	2010	strokovna šola	slovenščina	4. letnik	esej ali spis	Maribor
KUS-SI-slo-4-MB-E-2010-21134	solar1841s	solar1841t	2010	strokovna šola	slovenščina	4. letnik	esej ali spis	Maribor
KUS-SI-slo-4-MB-E-2010-21135	solar1842s	solar1842t	2010	strokovna šola	slovenščina	4. letnik	esej ali spis	Maribor
KUS-SI-slo-4-MB-E-2010-21136	solar1843s	solar1843t	2010	strokovna šola	slovenščina	4. letnik	esej ali spis	Maribor
KUS-SI-slo-4-MB-E-2010-21137	solar1844s	solar1844t	2010	strokovna šola	slovenščina	4. letnik	esej ali spis	Maribor
KUS-SI-slo-4-MB-E-2010-21138	solar1845s	solar1845t	2010	strokovna šola	slovenščina	4. letnik	esej ali spis	Maribor
KUS-SI-slo-4-MB-E-2010-21139	solar1846s	solar1846t	2010	strokovna šola	slovenščina	4. letnik	esej ali spis	Maribor
KUS-SI-slo-4-MB-E-2010-21140	solar1847s	solar1847t	2010	strokovna šola	slovenščina	4. letnik	esej ali spis	Maribor
KUS-SI-slo-4-MB-E-2010-21141	solar1848s	solar1848t	2010	strokovna šola	slovenščina	4. letnik	esej ali spis	Maribor
KUS-SI-slo-4-MB-E-2010-21146	solar1849s	solar1849t	2010	strokovna šola	slovenščina	4. letnik	esej ali spis	Maribor
KUS-SI-slo-4-MB-E-2010-21147	solar1850s	solar1850t	2010	strokovna šola	slovenščina	4. letnik	esej ali spis	Maribor
KUS-SI-slo-4-MB-E-2010-21148	solar1851s	solar1851t	2010	strokovna šola	slovenščina	4. letnik	esej ali spis	Maribor
KUS-SI-slo-4-MB-E-2010-21149	solar1852s	solar1852t	2010	strokovna šola	slovenščina	4. letnik	esej ali spis	Maribor
KUS-SI-slo-4-MB-E-2010-21150	solar1853s	solar1853t	2010	strokovna šola	slovenščina	4. letnik	esej ali spis	Maribor
KUS-SI-slo-4-MB-E-2010-21151	solar1854s	solar1854t	2010	strokovna šola	slovenščina	4. letnik	esej ali spis	Maribor
KUS-SI-slo-4-MB-E-2010-21152	solar1855s	solar1855t	2010	strokovna šola	slovenščina	4. letnik	esej ali spis	Maribor
KUS-SI-slo-4-MB-E-2010-21153	solar1856s	solar1856t	2010	strokovna šola	slovenščina	4. letnik	esej ali spis	Maribor
KUS-SI-slo-4-MB-E-2010-21154	solar1857s	solar1857t	2010	strokovna šola	slovenščina	4. letnik	esej ali spis	Maribor
KUS-SI-slo-4-MB-E-2009/2010-21155	solar1858s	solar1858t	2009/2010	strokovna šola	slovenščina	4. letnik	esej ali spis	Maribor
KUS-SI-slo-4-MB-E-2009/2010-21156	solar1859s	solar1859t	2009/2010	strokovna šola	slovenščina	4. letnik	esej ali spis	Maribor
KUS-SI-slo-4-MB-E-2009/2010-21157	solar1860s	solar1860t	2009/2010	strokovna šola	slovenščina	4. letnik	esej ali spis	Maribor
KUS-SI-slo-4-MB-E-2009/2010-21158	solar1861s	solar1861t	2009/2010	strokovna šola	slovenščina	4. letnik	esej ali spis	Maribor
KUS-SI-slo-4-MB-E-2009/2010-21159	solar1862s	solar1862t	2009/2010	strokovna šola	slovenščina	4. letnik	esej ali spis	Maribor
KUS-SI-slo-4-MB-E-2009/2010-21160	solar1863s	solar1863t	2009/2010	strokovna šola	slovenščina	4. letnik	esej ali spis	Maribor
KUS-SI-slo-4-MB-E-2009/2010-21161	solar1864s	solar1864t	2009/2010	strokovna šola	slovenščina	4. letnik	esej ali spis	Maribor
KUS-SI-slo-4-MB-E-2009/2010-21162	solar1865s	solar1865t	2009/2010	strokovna šola	slovenščina	4. letnik	esej ali spis	Maribor
KUS-SI-slo-4-MB-E-2009/2010-21163	solar1866s	solar1866t	2009/2010	strokovna šola	slovenščina	4. letnik	esej ali spis	Maribor
KUS-SI-slo-4-MB-E-2009/2010-21164	solar1867s	solar1867t	2009/2010	strokovna šola	slovenščina	4. letnik	esej ali spis	Maribor
KUS-SI-slo-4-MB-E-2009/2010-21165	solar1868s	solar1868t	2009/2010	strokovna šola	slovenščina	4. letnik	esej ali spis	Maribor
KUS-SI-slo-4-MB-E-2009/2010-21166	solar1869s	solar1869t	2009/2010	strokovna šola	slovenščina	4. letnik	esej ali spis	Maribor
KUS-SI-slo-4-MB-E-2009/2010-21167	solar1870s	solar1870t	2009/2010	strokovna šola	slovenščina	4. letnik	esej ali spis	Maribor
KUS-SI-slo-4-MB-E-2009/2010-21168	solar1871s	solar1871t	2009/2010	strokovna šola	slovenščina	4. letnik	esej ali spis	Maribor
KUS-SI-slo-4-MB-E-2009/2010-21169	solar1872s	solar1872t	2009/2010	strokovna šola	slovenščina	4. letnik	esej ali spis	Maribor
KUS-SI-slo-4-MB-E-2009/2010-21170	solar1873s	solar1873t	2009/2010	strokovna šola	slovenščina	4. letnik	esej ali spis	Maribor
KUS-SI-slo-4-MB-E-2009/2010-21171	solar1874s	solar1874t	2009/2010	strokovna šola	slovenščina	4. letnik	esej ali spis	Maribor
KUS-SI-slo-4-MB-E-2009/2010-21172	solar1875s	solar1875t	2009/2010	strokovna šola	slovenščina	4. letnik	esej ali spis	Maribor
KUS-SI-slo-4-MB-E-2009/2010-21173	solar1876s	solar1876t	2009/2010	strokovna šola	slovenščina	4. letnik	esej ali spis	Maribor
KUS-SI-slo-4-MB-E-2009/2010-21174	solar1877s	solar1877t	2009/2010	strokovna šola	slovenščina	4. letnik	esej ali spis	Maribor
KUS-SI-slo-4-MB-E-2009/2010-21175	solar1878s	solar1878t	2009/2010	strokovna šola	slovenščina	4. letnik	esej ali spis	Maribor
KUS-SI-slo-4-MB-E-2009/2010-21176	solar1879s	solar1879t	2009/2010	strokovna šola	slovenščina	4. letnik	esej ali spis	Maribor
KUS-SI-slo-1-MB-E-2009-21177	solar1880s	solar1880t	2009	strokovna šola	slovenščina	1. letnik	esej ali spis	Maribor
KUS-SI-slo-1-MB-E-2009-21178	solar1881s	solar1881t	2009	strokovna šola	slovenščina	1. letnik	esej ali spis	Maribor
KUS-SI-slo-1-MB-E-2009-21179	solar1882s	solar1882t	2009	strokovna šola	slovenščina	1. letnik	esej ali spis	Maribor
KUS-SI-slo-1-MB-E-2009-21180	solar1883s	solar1883t	2009	strokovna šola	slovenščina	1. letnik	esej ali spis	Maribor
KUS-SI-slo-1-MB-E-2009-21181	solar1884s	solar1884t	2009	strokovna šola	slovenščina	1. letnik	esej ali spis	Maribor
KUS-SI-slo-1-MB-E-2009-21182	solar1885s	solar1885t	2009	strokovna šola	slovenščina	1. letnik	esej ali spis	Maribor
KUS-SI-slo-1-MB-E-2009-21183	solar1886s	solar1886t	2009	strokovna šola	slovenščina	1. letnik	esej ali spis	Maribor
KUS-SI-slo-1-MB-E-2009-21184	solar1887s	solar1887t	2009	strokovna šola	slovenščina	1. letnik	esej ali spis	Maribor
KUS-SI-slo-1-MB-E-2009-21185	solar1888s	solar1888t	2009	strokovna šola	slovenščina	1. letnik	esej ali spis	Maribor
KUS-SI-slo-1-MB-E-2009-21186	solar1889s	solar1889t	2009	strokovna šola	slovenščina	1. letnik	esej ali spis	Maribor
KUS-SI-slo-1-MB-E-2009-21187	solar1890s	solar1890t	2009	strokovna šola	slovenščina	1. letnik	esej ali spis	Maribor
KUS-SI-slo-1-MB-E-2009-21188	solar1891s	solar1891t	2009	strokovna šola	slovenščina	1. letnik	esej ali spis	Maribor
KUS-SI-slo-1-MB-E-2009-21189	solar1892s	solar1892t	2009	strokovna šola	slovenščina	1. letnik	esej ali spis	Maribor
KUS-SI-slo-1-MB-E-2009-21190	solar1893s	solar1893t	2009	strokovna šola	slovenščina	1. letnik	esej ali spis	Maribor
KUS-SI-slo-1-MB-E-2009-21191	solar1894s	solar1894t	2009	strokovna šola	slovenščina	1. letnik	esej ali spis	Maribor
KUS-SI-slo-1-MB-E-2009-21192	solar1895s	solar1895t	2009	strokovna šola	slovenščina	1. letnik	esej ali spis	Maribor
KUS-SI-slo-1-MB-E-2009-21193	solar1896s	solar1896t	2009	strokovna šola	slovenščina	1. letnik	esej ali spis	Maribor
KUS-SI-slo-1-MB-T-2009/2010-21197	solar1897s	solar1897t	2009/2010	strokovna šola	slovenščina	1. letnik	test	Maribor
KUS-SI-slo-1-MB-T-2009/2010-21198	solar1898s	solar1898t	2009/2010	strokovna šola	slovenščina	1. letnik	test	Maribor
KUS-SI-slo-1-MB-T-2009/2010-21199	solar1899s	solar1899t	2009/2010	strokovna šola	slovenščina	1. letnik	test	Maribor
KUS-SI-slo-1-MB-T-2009/2010-21200	solar1900s	solar1900t	2009/2010	strokovna šola	slovenščina	1. letnik	test	Maribor
KUS-SI-slo-1-MB-T-2009/2010-21201	solar1901s	solar1901t	2009/2010	strokovna šola	slovenščina	1. letnik	test	Maribor
KUS-SI-slo-1-MB-T-2009/2010-21202	solar1902s	solar1902t	2009/2010	strokovna šola	slovenščina	1. letnik	test	Maribor
KUS-SI-slo-1-MB-T-2009/2010-21203	solar1903s	solar1903t	2009/2010	strokovna šola	slovenščina	1. letnik	test	Maribor
KUS-SI-slo-1-MB-T-2009/2010-21204	solar1904s	solar1904t	2009/2010	strokovna šola	slovenščina	1. letnik	test	Maribor
KUS-SI-slo-1-MB-T-2009/2010-21205	solar1905s	solar1905t	2009/2010	strokovna šola	slovenščina	1. letnik	test	Maribor
KUS-SI-slo-1-MB-T-2009/2010-21206	solar1906s	solar1906t	2009/2010	strokovna šola	slovenščina	1. letnik	test	Maribor
KUS-SI-slo-1-MB-T-2009/2010-21207	solar1907s	solar1907t	2009/2010	strokovna šola	slovenščina	1. letnik	test	Maribor
KUS-SI-slo-1-MB-T-2009/2010-21208	solar1908s	solar1908t	2009/2010	strokovna šola	slovenščina	1. letnik	test	Maribor
KUS-SI-slo-1-MB-T-2009/2010-21209	solar1909s	solar1909t	2009/2010	strokovna šola	slovenščina	1. letnik	test	Maribor
KUS-SI-slo-1-MB-T-2009/2010-21210	solar1910s	solar1910t	2009/2010	strokovna šola	slovenščina	1. letnik	test	Maribor
KUS-SI-slo-1-MB-T-2009/2010-21211	solar1911s	solar1911t	2009/2010	strokovna šola	slovenščina	1. letnik	test	Maribor
KUS-SI-slo-1-MB-T-2009/2010-21212	solar1912s	solar1912t	2009/2010	strokovna šola	slovenščina	1. letnik	test	Maribor
KUS-SI-slo-1-MB-T-2009/2010-21213	solar1913s	solar1913t	2009/2010	strokovna šola	slovenščina	1. letnik	test	Maribor
KUS-SI-slo-1-MB-T-2009/2010-21214	solar1914s	solar1914t	2009/2010	strokovna šola	slovenščina	1. letnik	test	Maribor
KUS-Si-soc-2-NM-R-2010-21234	solar1915s	solar1915t	2010	strokovna šola	sociologija	2. letnik	delo v razredu	Novo mesto
KUS-Si-soc-2-NM-R-2010-21235	solar1916s	solar1916t	2010	strokovna šola	sociologija	2. letnik	delo v razredu	Novo mesto
KUS-Si-soc-2-NM-R-2010-21236	solar1917s	solar1917t	2010	strokovna šola	sociologija	2. letnik	delo v razredu	Novo mesto
KUS-Si-soc-2-NM-R-2010-21237	solar1918s	solar1918t	2010	strokovna šola	sociologija	2. letnik	delo v razredu	Novo mesto
KUS-Si-soc-2-NM-R-2010-21238	solar1919s	solar1919t	2010	strokovna šola	sociologija	2. letnik	delo v razredu	Novo mesto
KUS-Si-soc-2-NM-R-2010-21239	solar1920s	solar1920t	2010	strokovna šola	sociologija	2. letnik	delo v razredu	Novo mesto
KUS-Si-soc-2-NM-R-2010-21240	solar1921s	solar1921t	2010	strokovna šola	sociologija	2. letnik	delo v razredu	Novo mesto
KUS-Si-soc-2-NM-R-2010-21241	solar1922s	solar1922t	2010	strokovna šola	sociologija	2. letnik	delo v razredu	Novo mesto
KUS-Si-soc-2-NM-R-2010-21242	solar1923s	solar1923t	2010	strokovna šola	sociologija	2. letnik	delo v razredu	Novo mesto
KUS-Si-soc-2-NM-R-2010-21243	solar1924s	solar1924t	2010	strokovna šola	sociologija	2. letnik	delo v razredu	Novo mesto
KUS-Si-soc-2-NM-R-2010-21244	solar1925s	solar1925t	2010	strokovna šola	sociologija	2. letnik	delo v razredu	Novo mesto
KUS-Si-soc-2-NM-R-2010-21245	solar1926s	solar1926t	2010	strokovna šola	sociologija	2. letnik	delo v razredu	Novo mesto
KUS-Si-soc-2-NM-R-2010-21246	solar1927s	solar1927t	2010	strokovna šola	sociologija	2. letnik	delo v razredu	Novo mesto
KUS-Si-soc-2-NM-R-2010-21247	solar1928s	solar1928t	2010	strokovna šola	sociologija	2. letnik	delo v razredu	Novo mesto
KUS-Si-soc-2-NM-R-2010-21248	solar1929s	solar1929t	2010	strokovna šola	sociologija	2. letnik	delo v razredu	Novo mesto
KUS-Si-soc-2-NM-R-2010-21249	solar1930s	solar1930t	2010	strokovna šola	sociologija	2. letnik	delo v razredu	Novo mesto
KUS-Si-soc-2-NM-R-2010-21250	solar1931s	solar1931t	2010	strokovna šola	sociologija	2. letnik	delo v razredu	Novo mesto
KUS-Si-soc-2-NM-R-2010-21251	solar1932s	solar1932t	2010	strokovna šola	sociologija	2. letnik	delo v razredu	Novo mesto
KUS-Si-soc-2-NM-R-2010-21252	solar1933s	solar1933t	2010	strokovna šola	sociologija	2. letnik	delo v razredu	Novo mesto
KUS-Si-soc-2-NM-R-2010-21253	solar1934s	solar1934t	2010	strokovna šola	sociologija	2. letnik	delo v razredu	Novo mesto
KUS-Si-soc-2-NM-R-2010-21254	solar1935s	solar1935t	2010	strokovna šola	sociologija	2. letnik	delo v razredu	Novo mesto
KUS-Si-soc-2-NM-R-2010-21255	solar1936s	solar1936t	2010	strokovna šola	sociologija	2. letnik	delo v razredu	Novo mesto
KUS-Si-soc-2-NM-R-2010-21256	solar1937s	solar1937t	2010	strokovna šola	sociologija	2. letnik	delo v razredu	Novo mesto
KUS-Si-soc-2-NM-R-2010-21257	solar1938s	solar1938t	2010	strokovna šola	sociologija	2. letnik	delo v razredu	Novo mesto
KUS-Si-soc-2-NM-R-2010-21258	solar1939s	solar1939t	2010	strokovna šola	sociologija	2. letnik	delo v razredu	Novo mesto
KUS-Si-soc-2-NM-R-2010-21259	solar1940s	solar1940t	2010	strokovna šola	sociologija	2. letnik	delo v razredu	Novo mesto
KUS-SI-slo-MT-CE-E-2010-21260	solar1941s	solar1941t	2010	strokovna šola	slovenščina	maturitetni tečaj	esej ali spis	Celje
KUS-SI-slo-MT-CE-E-2010-21261	solar1942s	solar1942t	2010	strokovna šola	slovenščina	maturitetni tečaj	esej ali spis	Celje
KUS-SI-slo-MT-CE-E-2010-21262	solar1943s	solar1943t	2010	strokovna šola	slovenščina	maturitetni tečaj	esej ali spis	Celje
KUS-SI-slo-MT-CE-E-2010-21263	solar1944s	solar1944t	2010	strokovna šola	slovenščina	maturitetni tečaj	esej ali spis	Celje
KUS-SI-slo-MT-CE-E-2010-21264	solar1945s	solar1945t	2010	strokovna šola	slovenščina	maturitetni tečaj	esej ali spis	Celje
KUS-SI-slo-MT-CE-E-2010-21265	solar1946s	solar1946t	2010	strokovna šola	slovenščina	maturitetni tečaj	esej ali spis	Celje
KUS-SI-slo-MT-CE-E-2009-21266	solar1947s	solar1947t	2009	strokovna šola	slovenščina	maturitetni tečaj	esej ali spis	Celje
KUS-SI-slo-MT-CE-E-2009-21267	solar1948s	solar1948t	2009	strokovna šola	slovenščina	maturitetni tečaj	esej ali spis	Celje
KUS-SI-slo-MT-CE-E-2009-21268	solar1949s	solar1949t	2009	strokovna šola	slovenščina	maturitetni tečaj	esej ali spis	Celje
KUS-SI-slo-MT-CE-E-2009-21269	solar1950s	solar1950t	2009	strokovna šola	slovenščina	maturitetni tečaj	esej ali spis	Celje
KUS-SI-slo-MT-CE-E-2009-21270	solar1951s	solar1951t	2009	strokovna šola	slovenščina	maturitetni tečaj	esej ali spis	Celje
KUS-SI-slo-MT-CE-E-2009-21271	solar1952s	solar1952t	2009	strokovna šola	slovenščina	maturitetni tečaj	esej ali spis	Celje
KUS-SI-slo-MT-CE-E-2009-21272	solar1953s	solar1953t	2009	strokovna šola	slovenščina	maturitetni tečaj	esej ali spis	Celje
KUS-SI-slo-MT-CE-E-2009-21273	solar1954s	solar1954t	2009	strokovna šola	slovenščina	maturitetni tečaj	esej ali spis	Celje
KUS-SI-slo-MT-CE-E-2009-21274	solar1955s	solar1955t	2009	strokovna šola	slovenščina	maturitetni tečaj	esej ali spis	Celje
KUS-SI-slo-MT-CE-E-2009-21275	solar1956s	solar1956t	2009	strokovna šola	slovenščina	maturitetni tečaj	esej ali spis	Celje
KUS-SI-slo-1-MB-E-2010-20040	solar1957s	solar1957t	2010	strokovna šola	slovenščina	1. letnik	esej ali spis	Maribor
KUS-SI-soc-2-NM-T-2010-21277	solar1958s	solar1958t	2010	strokovna šola	sociologija	2. letnik	test	Novo mesto
KUS-SI-soc-2-NM-T-2010-21278	solar1959s	solar1959t	2010	strokovna šola	sociologija	2. letnik	test	Novo mesto
KUS-SI-soc-2-NM-T-2010-21279	solar1960s	solar1960t	2010	strokovna šola	sociologija	2. letnik	test	Novo mesto
KUS-SI-soc-2-NM-T-2010-21280	solar1961s	solar1961t	2010	strokovna šola	sociologija	2. letnik	test	Novo mesto
KUS-SI-soc-2-NM-T-2010-21281	solar1962s	solar1962t	2010	strokovna šola	sociologija	2. letnik	test	Novo mesto
KUS-SI-soc-2-NM-T-2010-21282	solar1963s	solar1963t	2010	strokovna šola	sociologija	2. letnik	test	Novo mesto
KUS-SI-soc-2-NM-T-2010-21283	solar1964s	solar1964t	2010	strokovna šola	sociologija	2. letnik	test	Novo mesto
KUS-SI-soc-2-NM-T-2010-21284	solar1965s	solar1965t	2010	strokovna šola	sociologija	2. letnik	test	Novo mesto
KUS-SI-soc-2-NM-T-2010-21285	solar1966s	solar1966t	2010	strokovna šola	sociologija	2. letnik	test	Novo mesto
KUS-SI-soc-2-NM-T-2010-21286	solar1967s	solar1967t	2010	strokovna šola	sociologija	2. letnik	test	Novo mesto
KUS-SI-soc-2-NM-T-2010-21287	solar1968s	solar1968t	2010	strokovna šola	sociologija	2. letnik	test	Novo mesto
KUS-SI-soc-2-NM-T-2010-21288	solar1969s	solar1969t	2010	strokovna šola	sociologija	2. letnik	test	Novo mesto
KUS-SI-soc-2-NM-T-2010-21289	solar1970s	solar1970t	2010	strokovna šola	sociologija	2. letnik	test	Novo mesto
KUS-SI-soc-2-NM-T-2010-21290	solar1971s	solar1971t	2010	strokovna šola	sociologija	2. letnik	test	Novo mesto
KUS-SI-soc-2-NM-T-2010-21291	solar1972s	solar1972t	2010	strokovna šola	sociologija	2. letnik	test	Novo mesto
KUS-SI-soc-2-NM-T-2010-21292	solar1973s	solar1973t	2010	strokovna šola	sociologija	2. letnik	test	Novo mesto
KUS-SI-soc-2-NM-T-2010-21293	solar1974s	solar1974t	2010	strokovna šola	sociologija	2. letnik	test	Novo mesto
KUS-SI-soc-2-NM-T-2010-21294	solar1975s	solar1975t	2010	strokovna šola	sociologija	2. letnik	test	Novo mesto
KUS-SI-soc-2-NM-T-2010-21295	solar1976s	solar1976t	2010	strokovna šola	sociologija	2. letnik	test	Novo mesto
KUS-SI-soc-2-NM-T-2010-21296	solar1977s	solar1977t	2010	strokovna šola	sociologija	2. letnik	test	Novo mesto
KUS-SI-soc-2-NM-T-2010-21297	solar1978s	solar1978t	2010	strokovna šola	sociologija	2. letnik	test	Novo mesto
KUS-SI-soc-2-NM-T-2010-21298	solar1979s	solar1979t	2010	strokovna šola	sociologija	2. letnik	test	Novo mesto
KUS-SI-soc-2-NM-T-2010-21299	solar1980s	solar1980t	2010	strokovna šola	sociologija	2. letnik	test	Novo mesto
KUS-SI-soc-2-NM-T-2010-21300	solar1981s	solar1981t	2010	strokovna šola	sociologija	2. letnik	test	Novo mesto
KUS-SI-soc-2-NM-T-2010-21301	solar1982s	solar1982t	2010	strokovna šola	sociologija	2. letnik	test	Novo mesto
KUS-SI-soc-2-NM-T-2010-21302	solar1983s	solar1983t	2010	strokovna šola	sociologija	2. letnik	test	Novo mesto
KUS-SI-soc-2-NM-T-2010-21303	solar1984s	solar1984t	2010	strokovna šola	sociologija	2. letnik	test	Novo mesto
KUS-SI-soc-2-NM-T-2010-21304	solar1985s	solar1985t	2010	strokovna šola	sociologija	2. letnik	test	Novo mesto
KUS-SI-soc-2-NM-T-2010-21305	solar1986s	solar1986t	2010	strokovna šola	sociologija	2. letnik	test	Novo mesto
KUS-SI-soc-2-NM-T-2010-21306	solar1987s	solar1987t	2010	strokovna šola	sociologija	2. letnik	test	Novo mesto
KUS-SI-soc-2-NM-T-2010-21307	solar1988s	solar1988t	2010	strokovna šola	sociologija	2. letnik	test	Novo mesto
KUS-SI-soc-2-NM-T-2010-21308	solar1989s	solar1989t	2010	strokovna šola	sociologija	2. letnik	test	Novo mesto
KUS-SI-soc-2-NM-T-2010-21309	solar1990s	solar1990t	2010	strokovna šola	sociologija	2. letnik	test	Novo mesto
KUS-SI-soc-2-NM-T-2010-21310	solar1991s	solar1991t	2010	strokovna šola	sociologija	2. letnik	test	Novo mesto
KUS-SI-soc-2-NM-T-2010-21311	solar1992s	solar1992t	2010	strokovna šola	sociologija	2. letnik	test	Novo mesto
KUS-SI-soc-2-NM-T-2010-21312	solar1993s	solar1993t	2010	strokovna šola	sociologija	2. letnik	test	Novo mesto
KUS-SI-soc-2-NM-T-2010-21313	solar1994s	solar1994t	2010	strokovna šola	sociologija	2. letnik	test	Novo mesto
KUS-SI-soc-2-NM-T-2010-21314	solar1995s	solar1995t	2010	strokovna šola	sociologija	2. letnik	test	Novo mesto
KUS-SI-soc-2-NM-T-2010-21315	solar1996s	solar1996t	2010	strokovna šola	sociologija	2. letnik	test	Novo mesto
KUS-SI-soc-2-NM-T-2010-21316	solar1997s	solar1997t	2010	strokovna šola	sociologija	2. letnik	test	Novo mesto
KUS-SI-soc-2-NM-T-2010-21317	solar1998s	solar1998t	2010	strokovna šola	sociologija	2. letnik	test	Novo mesto
KUS-SI-soc-2-NM-T-2010-21318	solar1999s	solar1999t	2010	strokovna šola	sociologija	2. letnik	test	Novo mesto
KUS-SI-soc-2-NM-T-2010-21319	solar2000s	solar2000t	2010	strokovna šola	sociologija	2. letnik	test	Novo mesto
KUS-SI-soc-2-NM-T-2010-21320	solar2001s	solar2001t	2010	strokovna šola	sociologija	2. letnik	test	Novo mesto
KUS-SI-soc-2-NM-T-2010-21321	solar2002s	solar2002t	2010	strokovna šola	sociologija	2. letnik	test	Novo mesto
KUS-SI-soc-2-NM-T-2010-21322	solar2003s	solar2003t	2010	strokovna šola	sociologija	2. letnik	test	Novo mesto
KUS-SI-soc-2-NM-T-2010-21323	solar2004s	solar2004t	2010	strokovna šola	sociologija	2. letnik	test	Novo mesto
KUS-SI-soc-2-NM-T-2010-21324	solar2005s	solar2005t	2010	strokovna šola	sociologija	2. letnik	test	Novo mesto
KUS-SI-soc-2-NM-T-2010-21325	solar2006s	solar2006t	2010	strokovna šola	sociologija	2. letnik	test	Novo mesto
KUS-SI-soc-2-NM-T-2010-21326	solar2007s	solar2007t	2010	strokovna šola	sociologija	2. letnik	test	Novo mesto
KUS-SI-soc-2-NM-T-2010-21327	solar2008s	solar2008t	2010	strokovna šola	sociologija	2. letnik	test	Novo mesto
KUS-SI-soc-2-NM-T-2010-21328	solar2009s	solar2009t	2010	strokovna šola	sociologija	2. letnik	test	Novo mesto
KUS-SI-soc-2-NM-T-2010-21329	solar2010s	solar2010t	2010	strokovna šola	sociologija	2. letnik	test	Novo mesto
KUS-SI-soc-2-NM-T-2010-21330	solar2011s	solar2011t	2010	strokovna šola	sociologija	2. letnik	test	Novo mesto
KUS-SI-soc-2-NM-T-2010-21331	solar2012s	solar2012t	2010	strokovna šola	sociologija	2. letnik	test	Novo mesto
KUS-SI-soc-2-NM-T-2010-21332	solar2013s	solar2013t	2010	strokovna šola	sociologija	2. letnik	test	Novo mesto
KUS-SI-soc-2-NM-T-2010-21333	solar2014s	solar2014t	2010	strokovna šola	sociologija	2. letnik	test	Novo mesto
KUS-SI-soc-2-NM-T-2010-21334	solar2015s	solar2015t	2010	strokovna šola	sociologija	2. letnik	test	Novo mesto
KUS-SI-soc-2-NM-T-2010-21335	solar2016s	solar2016t	2010	strokovna šola	sociologija	2. letnik	test	Novo mesto
KUS-SI-slo-4-MB-T-2010-21032a	solar2017s	solar2017t	2010	strokovna šola	slovenščina	4. letnik	praktično besedilo	Maribor
KUS-PI-slo-3-NM-E-2009/2010-30001	solar2018s	solar2018t	2009/2010	poklicna šola	slovenščina	3. letnik	esej ali spis	Novo mesto
KUS-PI-slo-3-NM-E-2009/2010-30002	solar2019s	solar2019t	2009/2010	poklicna šola	slovenščina	3. letnik	esej ali spis	Novo mesto
KUS-PI-slo-3-NM-E-2009/2010-30003	solar2020s	solar2020t	2009/2010	poklicna šola	slovenščina	3. letnik	esej ali spis	Novo mesto
KUS-PI-slo-3-NM-E-2009/2010-30004	solar2021s	solar2021t	2009/2010	poklicna šola	slovenščina	3. letnik	esej ali spis	Novo mesto
KUS-PI-slo-3-NM-E-2009/2010-30005	solar2022s	solar2022t	2009/2010	poklicna šola	slovenščina	3. letnik	esej ali spis	Novo mesto
KUS-PI-slo-3-NM-E-2009/2010-30006	solar2023s	solar2023t	2009/2010	poklicna šola	slovenščina	3. letnik	esej ali spis	Novo mesto
KUS-PI-slo-3-NM-E-2009/2010-30007	solar2024s	solar2024t	2009/2010	poklicna šola	slovenščina	3. letnik	esej ali spis	Novo mesto
KUS-PI-slo-3-NM-E-2009/2010-30008	solar2025s	solar2025t	2009/2010	poklicna šola	slovenščina	3. letnik	esej ali spis	Novo mesto
KUS-PI-slo-3-NM-E-2009/2010-30009	solar2026s	solar2026t	2009/2010	poklicna šola	slovenščina	3. letnik	esej ali spis	Novo mesto
KUS-PI-slo-3-NM-E-2009/2010-30010	solar2027s	solar2027t	2009/2010	poklicna šola	slovenščina	3. letnik	esej ali spis	Novo mesto
KUS-PI-slo-3-NM-E-2009/2010-30011	solar2028s	solar2028t	2009/2010	poklicna šola	slovenščina	3. letnik	esej ali spis	Novo mesto
KUS-PI-slo-3-NM-E-2009/2010-30012	solar2029s	solar2029t	2009/2010	poklicna šola	slovenščina	3. letnik	esej ali spis	Novo mesto
KUS-PI-slo-3-NM-E-2009/2010-30013	solar2030s	solar2030t	2009/2010	poklicna šola	slovenščina	3. letnik	esej ali spis	Novo mesto
KUS-PI-slo-3-NM-E-2009/2010-30014	solar2031s	solar2031t	2009/2010	poklicna šola	slovenščina	3. letnik	esej ali spis	Novo mesto
KUS-PI-slo-3-NM-E-2009/2010-30015	solar2032s	solar2032t	2009/2010	poklicna šola	slovenščina	3. letnik	esej ali spis	Novo mesto
KUS-PI-slo-3-NM-E-2009/2010-30016	solar2033s	solar2033t	2009/2010	poklicna šola	slovenščina	3. letnik	esej ali spis	Novo mesto
KUS-PI-slo-3-NM-E-2009/2010-30017	solar2034s	solar2034t	2009/2010	poklicna šola	slovenščina	3. letnik	esej ali spis	Novo mesto
KUS-PI-slo-3-NM-E-2009/2010-30018	solar2035s	solar2035t	2009/2010	poklicna šola	slovenščina	3. letnik	esej ali spis	Novo mesto
KUS-PI-slo-3-NM-E-2009/2010-30019	solar2036s	solar2036t	2009/2010	poklicna šola	slovenščina	3. letnik	esej ali spis	Novo mesto
KUS-PI-slo-3-NM-E-2009/2010-30020	solar2037s	solar2037t	2009/2010	poklicna šola	slovenščina	3. letnik	esej ali spis	Novo mesto
KUS-PI-slo-3-NM-E-2009/2010-30021	solar2038s	solar2038t	2009/2010	poklicna šola	slovenščina	3. letnik	esej ali spis	Novo mesto
KUS-PI-slo-3-NM-E-2009/2010-30022	solar2039s	solar2039t	2009/2010	poklicna šola	slovenščina	3. letnik	esej ali spis	Novo mesto
KUS-PI-slo-3-NM-E-2009/2010-30023	solar2040s	solar2040t	2009/2010	poklicna šola	slovenščina	3. letnik	esej ali spis	Novo mesto
KUS-PI-slo-3-NM-E-2009/2010-30024	solar2041s	solar2041t	2009/2010	poklicna šola	slovenščina	3. letnik	esej ali spis	Novo mesto
KUS-PI-slo-3-NM-E-2009/2010-30025	solar2042s	solar2042t	2009/2010	poklicna šola	slovenščina	3. letnik	esej ali spis	Novo mesto
KUS-PI-slo-3-NM-E-2009/2010-30026	solar2043s	solar2043t	2009/2010	poklicna šola	slovenščina	3. letnik	esej ali spis	Novo mesto
KUS-PI-slo-3-NM-E-2009/2010-30027	solar2044s	solar2044t	2009/2010	poklicna šola	slovenščina	3. letnik	esej ali spis	Novo mesto
KUS-PI-slo-1-NM-E-2009/2010-30028	solar2045s	solar2045t	2009/2010	poklicna šola	slovenščina	1. letnik	esej ali spis	Novo mesto
KUS-PI-slo-1-NM-E-2009/2010-30029	solar2046s	solar2046t	2009/2010	poklicna šola	slovenščina	1. letnik	esej ali spis	Novo mesto
KUS-PI-slo-1-NM-E-2009/2010-30030	solar2047s	solar2047t	2009/2010	poklicna šola	slovenščina	1. letnik	esej ali spis	Novo mesto
KUS-PI-slo-1-NM-E-2009/2010-30031	solar2048s	solar2048t	2009/2010	poklicna šola	slovenščina	1. letnik	esej ali spis	Novo mesto
KUS-PI-slo-1-NM-E-2009/2010-30032	solar2049s	solar2049t	2009/2010	poklicna šola	slovenščina	1. letnik	esej ali spis	Novo mesto
KUS-PI-slo-1-NM-E-2009/2010-30033	solar2050s	solar2050t	2009/2010	poklicna šola	slovenščina	1. letnik	esej ali spis	Novo mesto
KUS-PI-slo-1-NM-E-2009/2010-30034	solar2051s	solar2051t	2009/2010	poklicna šola	slovenščina	1. letnik	esej ali spis	Novo mesto
KUS-PI-slo-1-NM-E-2009/2010-30035	solar2052s	solar2052t	2009/2010	poklicna šola	slovenščina	1. letnik	esej ali spis	Novo mesto
KUS-PI-slo-1-NM-E-2009/2010-30036	solar2053s	solar2053t	2009/2010	poklicna šola	slovenščina	1. letnik	esej ali spis	Novo mesto
KUS-PI-slo-1-NM-E-2009/2010-30037	solar2054s	solar2054t	2009/2010	poklicna šola	slovenščina	1. letnik	esej ali spis	Novo mesto
KUS-PI-slo-1-NM-E-2009/2010-30038	solar2055s	solar2055t	2009/2010	poklicna šola	slovenščina	1. letnik	esej ali spis	Novo mesto
KUS-PI-slo-1-NM-E-2009/2010-30039	solar2056s	solar2056t	2009/2010	poklicna šola	slovenščina	1. letnik	esej ali spis	Novo mesto
KUS-PI-slo-1-NM-E-2009/2010-30040	solar2057s	solar2057t	2009/2010	poklicna šola	slovenščina	1. letnik	esej ali spis	Novo mesto
KUS-PI-slo-1-NM-E-2009/2010-30041	solar2058s	solar2058t	2009/2010	poklicna šola	slovenščina	1. letnik	esej ali spis	Novo mesto
KUS-PI-slo-1-NM-E-2009/2010-30042	solar2059s	solar2059t	2009/2010	poklicna šola	slovenščina	1. letnik	esej ali spis	Novo mesto
KUS-PI-slo-1-NM-E-2009/2010-30043	solar2060s	solar2060t	2009/2010	poklicna šola	slovenščina	1. letnik	esej ali spis	Novo mesto
KUS-PI-slo-1-NM-E-2009/2010-30044	solar2061s	solar2061t	2009/2010	poklicna šola	slovenščina	1. letnik	esej ali spis	Novo mesto
KUS-PI-slo-1-NM-E-2009/2010-30045	solar2062s	solar2062t	2009/2010	poklicna šola	slovenščina	1. letnik	esej ali spis	Novo mesto
KUS-PI-slo-1-NM-E-2009/2010-30046	solar2063s	solar2063t	2009/2010	poklicna šola	slovenščina	1. letnik	esej ali spis	Novo mesto
KUS-PI-slo-1-NM-E-2009/2010-30047	solar2064s	solar2064t	2009/2010	poklicna šola	slovenščina	1. letnik	esej ali spis	Novo mesto
KUS-PI-slo-1-NM-E-2009/2010-30048	solar2065s	solar2065t	2009/2010	poklicna šola	slovenščina	1. letnik	esej ali spis	Novo mesto
KUS-PI-slo-1-NM-E-2009/2010-30049	solar2066s	solar2066t	2009/2010	poklicna šola	slovenščina	1. letnik	esej ali spis	Novo mesto
KUS-PI-slo-1-NM-E-2009/2010-30050	solar2067s	solar2067t	2009/2010	poklicna šola	slovenščina	1. letnik	esej ali spis	Novo mesto
KUS-PI-slo-1-NM-E-2009/2010-30051	solar2068s	solar2068t	2009/2010	poklicna šola	slovenščina	1. letnik	esej ali spis	Novo mesto
KUS-PI-slo-1-NM-E-2009/2010-30053	solar2069s	solar2069t	2009/2010	poklicna šola	slovenščina	1. letnik	esej ali spis	Novo mesto
KUS-PI-slo-1-NM-E-2009/2010-30054	solar2070s	solar2070t	2009/2010	poklicna šola	slovenščina	1. letnik	esej ali spis	Novo mesto
KUS-PI-slo-1-NM-E-2009/2010-30055	solar2071s	solar2071t	2009/2010	poklicna šola	slovenščina	1. letnik	esej ali spis	Novo mesto
KUS-PI-slo-1-NM-E-2009/2010-30056	solar2072s	solar2072t	2009/2010	poklicna šola	slovenščina	1. letnik	esej ali spis	Novo mesto
KUS-PI-slo-1-NM-E-2009/2010-30057	solar2073s	solar2073t	2009/2010	poklicna šola	slovenščina	1. letnik	esej ali spis	Novo mesto
KUS-PI-slo-1-NM-E-2009/2010-30058	solar2074s	solar2074t	2009/2010	poklicna šola	slovenščina	1. letnik	esej ali spis	Novo mesto
KUS-PI-slo-1-NM-E-2009/2010-30059	solar2075s	solar2075t	2009/2010	poklicna šola	slovenščina	1. letnik	esej ali spis	Novo mesto
KUS-PI-slo-1-NM-E-2009/2010-30060	solar2076s	solar2076t	2009/2010	poklicna šola	slovenščina	1. letnik	esej ali spis	Novo mesto
KUS-PI-slo-1-NM-E-2009/2010-30061	solar2077s	solar2077t	2009/2010	poklicna šola	slovenščina	1. letnik	esej ali spis	Novo mesto
KUS-PI-slo-1-NM-E-2009/2010-30062	solar2078s	solar2078t	2009/2010	poklicna šola	slovenščina	1. letnik	esej ali spis	Novo mesto
KUS-PI-slo-1-NM-E-2009/2010-30063	solar2079s	solar2079t	2009/2010	poklicna šola	slovenščina	1. letnik	esej ali spis	Novo mesto
KUS-PI-slo-1-NM-E-2009/2010-30064	solar2080s	solar2080t	2009/2010	poklicna šola	slovenščina	1. letnik	esej ali spis	Novo mesto
KUS-PI-slo-1-NM-E-2009/2010-30065	solar2081s	solar2081t	2009/2010	poklicna šola	slovenščina	1. letnik	esej ali spis	Novo mesto
KUS-PI-slo-1-NM-E-2009/2010-30066	solar2082s	solar2082t	2009/2010	poklicna šola	slovenščina	1. letnik	esej ali spis	Novo mesto
KUS-PI-slo-1-NM-E-2009/2010-30067	solar2083s	solar2083t	2009/2010	poklicna šola	slovenščina	1. letnik	esej ali spis	Novo mesto
KUS-PI-slo-1-NM-E-2009/2010-30068	solar2084s	solar2084t	2009/2010	poklicna šola	slovenščina	1. letnik	esej ali spis	Novo mesto
KUS-PI-slo-1-NM-E-2009/2010-30069	solar2085s	solar2085t	2009/2010	poklicna šola	slovenščina	1. letnik	esej ali spis	Novo mesto
KUS-PI-slo-1-NM-E-2009/2010-30071	solar2086s	solar2086t	2009/2010	poklicna šola	slovenščina	1. letnik	esej ali spis	Novo mesto
KUS-PI-slo-1-NM-E-2009/2010-30072	solar2087s	solar2087t	2009/2010	poklicna šola	slovenščina	1. letnik	esej ali spis	Novo mesto
KUS-PI-slo-1-NM-E-2009/2010-30073	solar2088s	solar2088t	2009/2010	poklicna šola	slovenščina	1. letnik	esej ali spis	Novo mesto
KUS-PI-slo-1-NM-E-2009/2010-30074	solar2089s	solar2089t	2009/2010	poklicna šola	slovenščina	1. letnik	esej ali spis	Novo mesto
KUS-PI-slo-1-NM-E-2009/2010-30075	solar2090s	solar2090t	2009/2010	poklicna šola	slovenščina	1. letnik	esej ali spis	Novo mesto
KUS-PI-slo-1-NM-E-2009/2010-30076	solar2091s	solar2091t	2009/2010	poklicna šola	slovenščina	1. letnik	esej ali spis	Novo mesto
KUS-PI-slo-1-NM-E-2009/2010-30077	solar2092s	solar2092t	2009/2010	poklicna šola	slovenščina	1. letnik	esej ali spis	Novo mesto
KUS-PI-slo-1-NM-E-2009/2010-30078	solar2093s	solar2093t	2009/2010	poklicna šola	slovenščina	1. letnik	esej ali spis	Novo mesto
KUS-PI-slo-1-NM-E-2009/2010-30079	solar2094s	solar2094t	2009/2010	poklicna šola	slovenščina	1. letnik	esej ali spis	Novo mesto
KUS-PI-slo-1-NM-E-2009/2010-30080	solar2095s	solar2095t	2009/2010	poklicna šola	slovenščina	1. letnik	esej ali spis	Novo mesto
KUS-PI-slo-2-NM-E-2009/2010-30081	solar2096s	solar2096t	2009/2010	poklicna šola	slovenščina	2. letnik	esej ali spis	Novo mesto
KUS-PI-slo-2-NM-E-2009/2010-30082	solar2097s	solar2097t	2009/2010	poklicna šola	slovenščina	2. letnik	esej ali spis	Novo mesto
KUS-PI-slo-2-NM-E-2009/2010-30083	solar2098s	solar2098t	2009/2010	poklicna šola	slovenščina	2. letnik	esej ali spis	Novo mesto
KUS-PI-slo-2-NM-E-2009/2010-30084	solar2099s	solar2099t	2009/2010	poklicna šola	slovenščina	2. letnik	esej ali spis	Novo mesto
KUS-PI-slo-2-NM-E-2009/2010-30085	solar2100s	solar2100t	2009/2010	poklicna šola	slovenščina	2. letnik	esej ali spis	Novo mesto
KUS-PI-slo-2-NM-E-2009/2010-30086	solar2101s	solar2101t	2009/2010	poklicna šola	slovenščina	2. letnik	esej ali spis	Novo mesto
KUS-PI-slo-2-NM-E-2009/2010-30087	solar2102s	solar2102t	2009/2010	poklicna šola	slovenščina	2. letnik	esej ali spis	Novo mesto
KUS-PI-slo-2-NM-E-2009/2010-30088	solar2103s	solar2103t	2009/2010	poklicna šola	slovenščina	2. letnik	esej ali spis	Novo mesto
KUS-PI-slo-2-NM-E-2009/2010-30089	solar2104s	solar2104t	2009/2010	poklicna šola	slovenščina	2. letnik	esej ali spis	Novo mesto
KUS-PI-slo-2-NM-E-2009/2010-30090	solar2105s	solar2105t	2009/2010	poklicna šola	slovenščina	2. letnik	esej ali spis	Novo mesto
KUS-PI-slo-2-NM-E-2009/2010-30091	solar2106s	solar2106t	2009/2010	poklicna šola	slovenščina	2. letnik	esej ali spis	Novo mesto
KUS-PI-slo-2-NM-E-2009/2010-30092	solar2107s	solar2107t	2009/2010	poklicna šola	slovenščina	2. letnik	esej ali spis	Novo mesto
KUS-PI-slo-2-NM-E-2009/2010-30093	solar2108s	solar2108t	2009/2010	poklicna šola	slovenščina	2. letnik	esej ali spis	Novo mesto
KUS-PI-slo-2-NM-E-2009/2010-30094	solar2109s	solar2109t	2009/2010	poklicna šola	slovenščina	2. letnik	esej ali spis	Novo mesto
KUS-PI-slo-2-NM-E-2009/2010-30095	solar2110s	solar2110t	2009/2010	poklicna šola	slovenščina	2. letnik	esej ali spis	Novo mesto
KUS-PI-slo-2-NM-E-2009/2010-30096	solar2111s	solar2111t	2009/2010	poklicna šola	slovenščina	2. letnik	esej ali spis	Novo mesto
KUS-PI-slo-2-NM-E-2009/2010-30097	solar2112s	solar2112t	2009/2010	poklicna šola	slovenščina	2. letnik	esej ali spis	Novo mesto
KUS-PI-slo-2-NM-E-2009/2010-30098	solar2113s	solar2113t	2009/2010	poklicna šola	slovenščina	2. letnik	esej ali spis	Novo mesto
KUS-PI-slo-2-NM-E-2009/2010-30099	solar2114s	solar2114t	2009/2010	poklicna šola	slovenščina	2. letnik	esej ali spis	Novo mesto
KUS-PI-slo-2-NM-E-2009/2010-30100	solar2115s	solar2115t	2009/2010	poklicna šola	slovenščina	2. letnik	esej ali spis	Novo mesto
KUS-PI-slo-2-NM-E-2009/2010-30101	solar2116s	solar2116t	2009/2010	poklicna šola	slovenščina	2. letnik	esej ali spis	Novo mesto
KUS-PI-slo-2-NM-E-2009/2010-30102	solar2117s	solar2117t	2009/2010	poklicna šola	slovenščina	2. letnik	esej ali spis	Novo mesto
KUS-PI-slo-2-NM-E-2009/2010-30103	solar2118s	solar2118t	2009/2010	poklicna šola	slovenščina	2. letnik	esej ali spis	Novo mesto
KUS-PI-slo-2-NM-E-2009/2010-30104	solar2119s	solar2119t	2009/2010	poklicna šola	slovenščina	2. letnik	esej ali spis	Novo mesto
KUS-PI-slo-2-NM-E-2009/2010-30105	solar2120s	solar2120t	2009/2010	poklicna šola	slovenščina	2. letnik	esej ali spis	Novo mesto
KUS-PI-slo-2-NM-E-2009/2010-30106	solar2121s	solar2121t	2009/2010	poklicna šola	slovenščina	2. letnik	esej ali spis	Novo mesto
KUS-PI-slo-2-NM-E-2009/2010-30107	solar2122s	solar2122t	2009/2010	poklicna šola	slovenščina	2. letnik	esej ali spis	Novo mesto
KUS-PI-slo-2-NM-E-2009/2010-30108	solar2123s	solar2123t	2009/2010	poklicna šola	slovenščina	2. letnik	esej ali spis	Novo mesto
KUS-PI-slo-3-KK-E-2010-30109	solar2124s	solar2124t	2010	poklicna šola	slovenščina	3. letnik	esej ali spis	Krško
KUS-PI-slo-3-KK-E-2010-30110	solar2125s	solar2125t	2010	poklicna šola	slovenščina	3. letnik	esej ali spis	Krško
KUS-PI-slo-3-KK-E-2010-30111	solar2126s	solar2126t	2010	poklicna šola	slovenščina	3. letnik	esej ali spis	Krško
KUS-PI-slo-3-KK-E-2010-30112	solar2127s	solar2127t	2010	poklicna šola	slovenščina	3. letnik	esej ali spis	Krško
KUS-PI-slo-3-KK-E-2010-30113	solar2128s	solar2128t	2010	poklicna šola	slovenščina	3. letnik	esej ali spis	Krško
KUS-PI-slo-3-KK-E-2010-30114	solar2129s	solar2129t	2010	poklicna šola	slovenščina	3. letnik	esej ali spis	Krško
KUS-PI-slo-3-KK-E-2010-30115	solar2130s	solar2130t	2010	poklicna šola	slovenščina	3. letnik	esej ali spis	Krško
KUS-PI-slo-3-KK-E-2010-30116	solar2131s	solar2131t	2010	poklicna šola	slovenščina	3. letnik	esej ali spis	Krško
KUS-PI-slo-3-KK-E-2010-30118	solar2132s	solar2132t	2010	poklicna šola	slovenščina	3. letnik	esej ali spis	Krško
KUS-PI-slo-3-KK-E-2010-30119	solar2133s	solar2133t	2010	poklicna šola	slovenščina	3. letnik	esej ali spis	Krško
KUS-PI-slo-3-KK-E-2010-30120	solar2134s	solar2134t	2010	poklicna šola	slovenščina	3. letnik	esej ali spis	Krško
KUS-PI-slo-3-KK-E-2010-30121	solar2135s	solar2135t	2010	poklicna šola	slovenščina	3. letnik	esej ali spis	Krško
KUS-PI-slo-5-CE-E-2009-30122	solar2136s	solar2136t	2009	poklicna šola	slovenščina	5. letnik	esej ali spis	Celje
KUS-PI-slo-5-CE-E-2009-30123	solar2137s	solar2137t	2009	poklicna šola	slovenščina	5. letnik	esej ali spis	Celje
KUS-PI-slo-5-CE-E-2009-30124	solar2138s	solar2138t	2009	poklicna šola	slovenščina	5. letnik	esej ali spis	Celje
KUS-PI-slo-5-CE-E-2009-30125	solar2139s	solar2139t	2009	poklicna šola	slovenščina	5. letnik	esej ali spis	Celje
KUS-PI-slo-5-CE-E-2009-30126	solar2140s	solar2140t	2009	poklicna šola	slovenščina	5. letnik	esej ali spis	Celje
KUS-PI-slo-5-CE-E-2009-30127	solar2141s	solar2141t	2009	poklicna šola	slovenščina	5. letnik	esej ali spis	Celje
KUS-PI-slo-5-CE-E-2009-30128	solar2142s	solar2142t	2009	poklicna šola	slovenščina	5. letnik	esej ali spis	Celje
KUS-PI-slo-5-CE-E-2009-30130	solar2143s	solar2143t	2009	poklicna šola	slovenščina	5. letnik	esej ali spis	Celje
KUS-PI-slo-5-CE-E-2009-30131	solar2144s	solar2144t	2009	poklicna šola	slovenščina	5. letnik	esej ali spis	Celje
KUS-PI-slo-5-CE-E-2009-30132	solar2145s	solar2145t	2009	poklicna šola	slovenščina	5. letnik	esej ali spis	Celje
KUS-PI-slo-5-CE-E-2009-30133	solar2146s	solar2146t	2009	poklicna šola	slovenščina	5. letnik	esej ali spis	Celje
KUS-PI-slo-5-CE-E-2009-30134	solar2147s	solar2147t	2009	poklicna šola	slovenščina	5. letnik	esej ali spis	Celje
KUS-PI-slo-5-CE-E-2009-30135	solar2148s	solar2148t	2009	poklicna šola	slovenščina	5. letnik	esej ali spis	Celje
KUS-PI-slo-5-CE-E-2009-30136	solar2149s	solar2149t	2009	poklicna šola	slovenščina	5. letnik	esej ali spis	Celje
KUS-PI-slo-5-CE-E-2009-30137	solar2150s	solar2150t	2009	poklicna šola	slovenščina	5. letnik	esej ali spis	Celje
KUS-PI-slo-5-CE-E-2009-30138	solar2151s	solar2151t	2009	poklicna šola	slovenščina	5. letnik	esej ali spis	Celje
KUS-PI-slo-5-CE-E-2010-30139	solar2152s	solar2152t	2010	poklicna šola	slovenščina	5. letnik	esej ali spis	Celje
KUS-PI-slo-5-CE-E-2010-30140	solar2153s	solar2153t	2010	poklicna šola	slovenščina	5. letnik	esej ali spis	Celje
KUS-PI-slo-5-CE-E-2010-30141	solar2154s	solar2154t	2010	poklicna šola	slovenščina	5. letnik	esej ali spis	Celje
KUS-PI-slo-5-CE-E-2009-30142	solar2155s	solar2155t	2009	poklicna šola	slovenščina	5. letnik	esej ali spis	Celje
KUS-PI-slo-5-CE-E-2009-30143	solar2156s	solar2156t	2009	poklicna šola	slovenščina	5. letnik	esej ali spis	Celje
KUS-PI-slo-5-CE-E-2009-30144	solar2157s	solar2157t	2009	poklicna šola	slovenščina	5. letnik	esej ali spis	Celje
KUS-PI-slo-5-CE-E-2009-30145	solar2158s	solar2158t	2009	poklicna šola	slovenščina	5. letnik	esej ali spis	Celje
KUS-PI-slo-5-CE-E-2009-30146	solar2159s	solar2159t	2009	poklicna šola	slovenščina	5. letnik	esej ali spis	Celje
KUS-PI-slo-5-CE-E-2009-30147	solar2160s	solar2160t	2009	poklicna šola	slovenščina	5. letnik	esej ali spis	Celje
KUS-PI-podj-1-CE-R-2009/2010-30148	solar2161s	solar2161t	2009/2010	poklicna šola	podjetništvo	1. letnik	delo v razredu	Celje
KUS-PI-podj-1-CE-R-2009/2010-30149	solar2162s	solar2162t	2009/2010	poklicna šola	podjetništvo	1. letnik	delo v razredu	Celje
KUS-PI-podj-1-CE-R-2009/2010-30150	solar2163s	solar2163t	2009/2010	poklicna šola	podjetništvo	1. letnik	delo v razredu	Celje
KUS-PI-podj-1-CE-R-2009/2010-30151	solar2164s	solar2164t	2009/2010	poklicna šola	podjetništvo	1. letnik	delo v razredu	Celje
KUS-PI-podj-1-CE-R-2009/2010-30152	solar2165s	solar2165t	2009/2010	poklicna šola	podjetništvo	1. letnik	delo v razredu	Celje
KUS-PI-podj-1-CE-R-2009/2010-30153	solar2166s	solar2166t	2009/2010	poklicna šola	podjetništvo	1. letnik	delo v razredu	Celje
KUS-PI-podj-1-CE-R-2009/2010-30154	solar2167s	solar2167t	2009/2010	poklicna šola	podjetništvo	1. letnik	delo v razredu	Celje
KUS-PI-podj-1-CE-R-2009/2010-30155	solar2168s	solar2168t	2009/2010	poklicna šola	podjetništvo	1. letnik	delo v razredu	Celje
KUS-PI-podj-1-CE-R-2009/2010-30156	solar2169s	solar2169t	2009/2010	poklicna šola	podjetništvo	1. letnik	delo v razredu	Celje
KUS-PI-podj-1-CE-R-2009/2010-30157	solar2170s	solar2170t	2009/2010	poklicna šola	podjetništvo	1. letnik	delo v razredu	Celje
KUS-PI-podj-1-CE-R-2009/2010-30158	solar2171s	solar2171t	2009/2010	poklicna šola	podjetništvo	1. letnik	delo v razredu	Celje
KUS-PI-podj-1-CE-R-2009/2010-30159	solar2172s	solar2172t	2009/2010	poklicna šola	podjetništvo	1. letnik	delo v razredu	Celje
KUS-PI-podj-1-CE-R-2009/2010-30160	solar2173s	solar2173t	2009/2010	poklicna šola	podjetništvo	1. letnik	delo v razredu	Celje
KUS-PI-podj-1-CE-R-2009/2010-30161	solar2174s	solar2174t	2009/2010	poklicna šola	podjetništvo	1. letnik	delo v razredu	Celje
KUS-PI-podj-1-CE-R-2009/2010-30162	solar2175s	solar2175t	2009/2010	poklicna šola	podjetništvo	1. letnik	delo v razredu	Celje
KUS-PI-podj-1-CE-R-2009/2010-30163	solar2176s	solar2176t	2009/2010	poklicna šola	podjetništvo	1. letnik	delo v razredu	Celje
KUS-PI-podj-1-CE-R-2009/2010-30164	solar2177s	solar2177t	2009/2010	poklicna šola	podjetništvo	1. letnik	delo v razredu	Celje
KUS-PI-podj-1-CE-R-2009/2010-30165	solar2178s	solar2178t	2009/2010	poklicna šola	podjetništvo	1. letnik	delo v razredu	Celje
KUS-PI-podj-1-CE-R-2009/2010-30166	solar2179s	solar2179t	2009/2010	poklicna šola	podjetništvo	1. letnik	delo v razredu	Celje
KUS-PI-slo-5-CE-T-2010-30167	solar2180s	solar2180t	2010	poklicna šola	slovenščina	5. letnik	praktično besedilo	Celje
KUS-PI-slo-5-CE-T-2010-30168	solar2181s	solar2181t	2010	poklicna šola	slovenščina	5. letnik	praktično besedilo	Celje
KUS-PI-slo-5-CE-T-2010-30169	solar2182s	solar2182t	2010	poklicna šola	slovenščina	5. letnik	praktično besedilo	Celje
KUS-PI-slo-5-CE-T-2010-30170	solar2183s	solar2183t	2010	poklicna šola	slovenščina	5. letnik	praktično besedilo	Celje
KUS-PI-slo-5-CE-T-2010-30171	solar2184s	solar2184t	2010	poklicna šola	slovenščina	5. letnik	praktično besedilo	Celje
KUS-PI-slo-5-CE-T-2010-30172	solar2185s	solar2185t	2010	poklicna šola	slovenščina	5. letnik	praktično besedilo	Celje
KUS-PI-slo-5-CE-T-2010-30173	solar2186s	solar2186t	2010	poklicna šola	slovenščina	5. letnik	praktično besedilo	Celje
KUS-PI-slo-5-CE-T-2010-30174	solar2187s	solar2187t	2010	poklicna šola	slovenščina	5. letnik	praktično besedilo	Celje
KUS-PI-slo-5-CE-T-2010-30175	solar2188s	solar2188t	2010	poklicna šola	slovenščina	5. letnik	praktično besedilo	Celje
KUS-PI-slo-5-CE-T-2010-30176	solar2189s	solar2189t	2010	poklicna šola	slovenščina	5. letnik	praktično besedilo	Celje
KUS-PI-slo-5-CE-T-2010-30177	solar2190s	solar2190t	2010	poklicna šola	slovenščina	5. letnik	praktično besedilo	Celje
KUS-PI-slo-5-CE-T-2010-30178	solar2191s	solar2191t	2010	poklicna šola	slovenščina	5. letnik	praktično besedilo	Celje
KUS-PI-slo-5-CE-T-2010-30179	solar2192s	solar2192t	2010	poklicna šola	slovenščina	5. letnik	praktično besedilo	Celje
KUS-PI-slo-5-CE-T-2010-30180	solar2193s	solar2193t	2010	poklicna šola	slovenščina	5. letnik	praktično besedilo	Celje
KUS-PI-slo-5-CE-T-2010-30181	solar2194s	solar2194t	2010	poklicna šola	slovenščina	5. letnik	praktično besedilo	Celje
KUS-PI-slo-5-CE-T-2010-30182	solar2195s	solar2195t	2010	poklicna šola	slovenščina	5. letnik	praktično besedilo	Celje
KUS-PI-slo-5-CE-T-2010-30183	solar2196s	solar2196t	2010	poklicna šola	slovenščina	5. letnik	praktično besedilo	Celje
KUS-PI-slo-5-CE-T-2010-30184	solar2197s	solar2197t	2010	poklicna šola	slovenščina	5. letnik	praktično besedilo	Celje
KUS-PI-slo-5-CE-T-2010-30185	solar2198s	solar2198t	2010	poklicna šola	slovenščina	5. letnik	praktično besedilo	Celje
KUS-PI-slo-5-CE-T-2010-30186	solar2199s	solar2199t	2010	poklicna šola	slovenščina	5. letnik	praktično besedilo	Celje
KUS-PI-slo-5-CE-T-2010-30187	solar2200s	solar2200t	2010	poklicna šola	slovenščina	5. letnik	praktično besedilo	Celje
KUS-OS-slo-9-NM-E-2009/2010-40001	solar2201s	solar2201t	2009/2010	osnovna šola	slovenščina	9. razred	esej ali spis	Gorica
KUS-OS-slo-7-NM-E-2009-40002	solar2202s	solar2202t	2009	osnovna šola	slovenščina	7. razred	esej ali spis	Novo mesto
KUS-OS-slo-7-NM-E-2009-40003	solar2203s	solar2203t	2009	osnovna šola	slovenščina	7. razred	esej ali spis	Novo mesto
KUS-OS-slo-7-NM-E-2009-40004	solar2204s	solar2204t	2009	osnovna šola	slovenščina	7. razred	esej ali spis	Novo mesto
KUS-OS-slo-7-NM-E-2009-40005	solar2205s	solar2205t	2009	osnovna šola	slovenščina	7. razred	esej ali spis	Novo mesto
KUS-OS-slo-7-NM-E-2009-40006	solar2206s	solar2206t	2009	osnovna šola	slovenščina	7. razred	esej ali spis	Novo mesto
KUS-OS-slo-7-NM-E-2009-40007	solar2207s	solar2207t	2009	osnovna šola	slovenščina	7. razred	esej ali spis	Novo mesto
KUS-OS-slo-7-NM-E-2009-40008	solar2208s	solar2208t	2009	osnovna šola	slovenščina	7. razred	esej ali spis	Novo mesto
KUS-OS-slo-7-NM-E-2009-40009	solar2209s	solar2209t	2009	osnovna šola	slovenščina	7. razred	esej ali spis	Novo mesto
KUS-OS-slo-7-NM-E-2009-40010	solar2210s	solar2210t	2009	osnovna šola	slovenščina	7. razred	esej ali spis	Novo mesto
KUS-OS-slo-7-NM-E-2009-40011	solar2211s	solar2211t	2009	osnovna šola	slovenščina	7. razred	esej ali spis	Novo mesto
KUS-OS-slo-7-NM-E-2009-40012	solar2212s	solar2212t	2009	osnovna šola	slovenščina	7. razred	esej ali spis	Novo mesto
KUS-OS-slo-7-NM-E-2009-40013	solar2213s	solar2213t	2009	osnovna šola	slovenščina	7. razred	esej ali spis	Novo mesto
KUS-OS-slo-9-NM-E-2009-40014	solar2214s	solar2214t	2009	osnovna šola	slovenščina	9. razred	esej ali spis	Novo mesto
KUS-OS-slo-9-NM-E-2009-40015	solar2215s	solar2215t	2009	osnovna šola	slovenščina	9. razred	esej ali spis	Novo mesto
KUS-OS-slo-9-NM-E-2009-40016	solar2216s	solar2216t	2009	osnovna šola	slovenščina	9. razred	esej ali spis	Novo mesto
KUS-OS-slo-9-NM-E-2009-40017	solar2217s	solar2217t	2009	osnovna šola	slovenščina	9. razred	esej ali spis	Novo mesto
KUS-OS-slo-9-NM-E-2009-40018	solar2218s	solar2218t	2009	osnovna šola	slovenščina	9. razred	esej ali spis	Novo mesto
KUS-OS-slo-9-NM-E-2009-40020	solar2219s	solar2219t	2009	osnovna šola	slovenščina	9. razred	esej ali spis	Novo mesto
KUS-OS-slo-9-NM-E-2009-40021	solar2220s	solar2220t	2009	osnovna šola	slovenščina	9. razred	esej ali spis	Novo mesto
KUS-OS-slo-9-NM-E-2009-40022	solar2221s	solar2221t	2009	osnovna šola	slovenščina	9. razred	esej ali spis	Novo mesto
KUS-OS-slo-8-GO-E-2009/2010-40023	solar2222s	solar2222t	2009/2010	osnovna šola	slovenščina	8. razred	esej ali spis	Gorica
KUS-OS-slo-8-GO-E-2009/2010-40024	solar2223s	solar2223t	2009/2010	osnovna šola	slovenščina	8. razred	esej ali spis	Gorica
KUS-OS-slo-8-GO-E-2009/2010-40025	solar2224s	solar2224t	2009/2010	osnovna šola	slovenščina	8. razred	esej ali spis	Gorica
KUS-OS-slo-8-GO-E-2009/2010-40026	solar2225s	solar2225t	2009/2010	osnovna šola	slovenščina	8. razred	esej ali spis	Gorica
KUS-OS-slo-8-GO-E-2009/2010-40027	solar2226s	solar2226t	2009/2010	osnovna šola	slovenščina	8. razred	esej ali spis	Gorica
KUS-OS-slo-9-GO-E-2010-40028	solar2227s	solar2227t	2010	osnovna šola	slovenščina	9. razred	esej ali spis	Gorica
KUS-OS-slo-9-GO-E-2010-40029	solar2228s	solar2228t	2010	osnovna šola	slovenščina	9. razred	esej ali spis	Gorica
KUS-OS-slo-9-GO-E-2010-40030	solar2229s	solar2229t	2010	osnovna šola	slovenščina	9. razred	esej ali spis	Gorica
KUS-OS-slo-9-GO-E-2010-40031	solar2230s	solar2230t	2010	osnovna šola	slovenščina	9. razred	esej ali spis	Gorica
KUS-OS-slo-9-GO-E-2010-40032	solar2231s	solar2231t	2010	osnovna šola	slovenščina	9. razred	esej ali spis	Gorica
KUS-OS-slo-9-GO-E-2010-40033	solar2232s	solar2232t	2010	osnovna šola	slovenščina	9. razred	esej ali spis	Gorica
KUS-OS-slo-9-GO-E-2010-40034	solar2233s	solar2233t	2010	osnovna šola	slovenščina	9. razred	esej ali spis	Gorica
KUS-OS-slo-9-GO-E-2010-40035	solar2234s	solar2234t	2010	osnovna šola	slovenščina	9. razred	esej ali spis	Gorica
KUS-OS-slo-9-GO-E-2010-40036	solar2235s	solar2235t	2010	osnovna šola	slovenščina	9. razred	esej ali spis	Gorica
KUS-OS-slo-9-GO-E-2010-40037	solar2236s	solar2236t	2010	osnovna šola	slovenščina	9. razred	esej ali spis	Gorica
KUS-OS-slo-9-GO-E-2010-40038	solar2237s	solar2237t	2010	osnovna šola	slovenščina	9. razred	esej ali spis	Gorica
KUS-OS-slo-9-GO-E-2010-40039	solar2238s	solar2238t	2010	osnovna šola	slovenščina	9. razred	esej ali spis	Gorica
KUS-OS-slo-9-GO-E-2010-40041	solar2239s	solar2239t	2010	osnovna šola	slovenščina	9. razred	esej ali spis	Gorica
KUS-OS-slo-9-GO-E-2010-40042	solar2240s	solar2240t	2010	osnovna šola	slovenščina	9. razred	esej ali spis	Gorica
KUS-OS-slo-8-GO-2009/2010-40043	solar2241s	solar2241t	2009/2010	osnovna šola	slovenščina	8. razred	esej ali spis	Gorica
KUS-OS-slo-8-GO-2009/2010-40044	solar2242s	solar2242t	2009/2010	osnovna šola	slovenščina	8. razred	esej ali spis	Gorica
KUS-OS-slo-9-GO-E-2009-40045	solar2243s	solar2243t	2009	osnovna šola	slovenščina	9. razred	esej ali spis	Gorica
KUS-OS-slo-9-GO-E-2009-40047	solar2244s	solar2244t	2009	osnovna šola	slovenščina	9. razred	esej ali spis	Gorica
KUS-OS-slo-9-GO-E-2009-40048	solar2245s	solar2245t	2009	osnovna šola	slovenščina	9. razred	esej ali spis	Gorica
KUS-OS-slo-9-GO-E-2009-40049	solar2246s	solar2246t	2009	osnovna šola	slovenščina	9. razred	esej ali spis	Gorica
KUS-OS-slo-9-GO-E-2009-40050	solar2247s	solar2247t	2009	osnovna šola	slovenščina	9. razred	esej ali spis	Gorica
KUS-OS-slo-9-GO-E-2009-40051	solar2248s	solar2248t	2009	osnovna šola	slovenščina	9. razred	esej ali spis	Gorica
KUS-OS-slo-9-GO-E-2009-40052	solar2249s	solar2249t	2009	osnovna šola	slovenščina	9. razred	esej ali spis	Gorica
KUS-OS-slo-9-GO-E-2009-40053	solar2250s	solar2250t	2009	osnovna šola	slovenščina	9. razred	esej ali spis	Gorica
KUS-OS-slo-9-GO-E-2009-40054	solar2251s	solar2251t	2009	osnovna šola	slovenščina	9. razred	esej ali spis	Gorica
KUS-OS-slo-7-GO-E-2010-40055	solar2252s	solar2252t	2010	osnovna šola	slovenščina	7. razred	esej ali spis	Gorica
KUS-OS-slo-7-GO-E-2010-40056	solar2253s	solar2253t	2010	osnovna šola	slovenščina	7. razred	esej ali spis	Gorica
KUS-OS-slo-7-GO-E-2010-40057	solar2254s	solar2254t	2010	osnovna šola	slovenščina	7. razred	esej ali spis	Gorica
KUS-OS-slo-7-GO-E-2010-40058	solar2255s	solar2255t	2010	osnovna šola	slovenščina	7. razred	esej ali spis	Gorica
KUS-OS-slo-7-GO-E-2010-40059	solar2256s	solar2256t	2010	osnovna šola	slovenščina	7. razred	esej ali spis	Gorica
KUS-OS-slo-7-GO-E-2010-40060	solar2257s	solar2257t	2010	osnovna šola	slovenščina	7. razred	esej ali spis	Gorica
KUS-OS-slo-7-GO-E-2010-40061	solar2258s	solar2258t	2010	osnovna šola	slovenščina	7. razred	esej ali spis	Gorica
KUS-OS-slo-9-NM-E-2009/2010-40062	solar2259s	solar2259t	2009/2010	osnovna šola	slovenščina	9. razred	esej ali spis	Novo mesto
KUS-OS-slo-9-NM-E-2009/2010-40063	solar2260s	solar2260t	2009/2010	osnovna šola	slovenščina	9. razred	esej ali spis	Novo mesto
KUS-OS-slo-9-NM-E-2009/2010-40064	solar2261s	solar2261t	2009/2010	osnovna šola	slovenščina	9. razred	esej ali spis	Novo mesto
KUS-OS-slo-9-NM-E-2009/2010-40065	solar2262s	solar2262t	2009/2010	osnovna šola	slovenščina	9. razred	esej ali spis	Novo mesto
KUS-OS-slo-9-NM-E-2009/2010-40066	solar2263s	solar2263t	2009/2010	osnovna šola	slovenščina	9. razred	esej ali spis	Novo mesto
KUS-OS-slo-9-NM-E-2009/2010-40067	solar2264s	solar2264t	2009/2010	osnovna šola	slovenščina	9. razred	esej ali spis	Novo mesto
KUS-OS-slo-9-NM-E-2009/2010-40068	solar2265s	solar2265t	2009/2010	osnovna šola	slovenščina	9. razred	esej ali spis	Novo mesto
KUS-OS-slo-9-NM-E-2009/2010-40069	solar2266s	solar2266t	2009/2010	osnovna šola	slovenščina	9. razred	esej ali spis	Novo mesto
KUS-OS-slo-9-NM-E-2009/2010-40070	solar2267s	solar2267t	2009/2010	osnovna šola	slovenščina	9. razred	esej ali spis	Novo mesto
KUS-OS-slo-9-NM-E-2009/2010-40071	solar2268s	solar2268t	2009/2010	osnovna šola	slovenščina	9. razred	esej ali spis	Novo mesto
KUS-OS-slo-9-NM-E-2009/2010-40072	solar2269s	solar2269t	2009/2010	osnovna šola	slovenščina	9. razred	esej ali spis	Novo mesto
KUS-OS-slo-9-NM-E-2009/2010-40073	solar2270s	solar2270t	2009/2010	osnovna šola	slovenščina	9. razred	esej ali spis	Novo mesto
KUS-OS-slo-9-NM-E-2009/2010-40074	solar2271s	solar2271t	2009/2010	osnovna šola	slovenščina	9. razred	esej ali spis	Novo mesto
KUS-OS-slo-9-NM-E-2009/2010-40075	solar2272s	solar2272t	2009/2010	osnovna šola	slovenščina	9. razred	esej ali spis	Novo mesto
KUS-OS-slo-9-NM-E-2009/2010-40076	solar2273s	solar2273t	2009/2010	osnovna šola	slovenščina	9. razred	esej ali spis	Novo mesto
KUS-OS-slo-9-NM-E-2009/2010-40077	solar2274s	solar2274t	2009/2010	osnovna šola	slovenščina	9. razred	esej ali spis	Novo mesto
KUS-OS-slo-9-NM-E-2009/2010-40078	solar2275s	solar2275t	2009/2010	osnovna šola	slovenščina	9. razred	esej ali spis	Novo mesto
KUS-OS-slo-9-NM-E-2009/2010-40079	solar2276s	solar2276t	2009/2010	osnovna šola	slovenščina	9. razred	esej ali spis	Novo mesto
KUS-OS-slo-6-KR-E-2010-40080	solar2277s	solar2277t	2010	osnovna šola	slovenščina	6. razred	esej ali spis	Kranj
KUS-OS-slo-8-KR-R-2010-40081	solar2278s	solar2278t	2010	osnovna šola	slovenščina	8. razred	delo v razredu	Kranj
KUS-OS-slo-8-KR-R-2010-40082	solar2279s	solar2279t	2010	osnovna šola	slovenščina	8. razred	delo v razredu	Kranj
KUS-OS-slo-8-KR-R-2010-40083	solar2280s	solar2280t	2010	osnovna šola	slovenščina	8. razred	delo v razredu	Kranj
KUS-OS-slo-8-KR-R-2010-40084	solar2281s	solar2281t	2010	osnovna šola	slovenščina	8. razred	delo v razredu	Kranj
KUS-OS-slo-8-KR-R-2010-40085	solar2282s	solar2282t	2010	osnovna šola	slovenščina	8. razred	delo v razredu	Kranj
KUS-OS-slo-8-KR-R-2010-40086	solar2283s	solar2283t	2010	osnovna šola	slovenščina	8. razred	delo v razredu	Kranj
KUS-OS-slo-8-KR-R-2010-40088	solar2284s	solar2284t	2010	osnovna šola	slovenščina	8. razred	delo v razredu	Kranj
KUS-OS-slo-8-KR-R-2010-40089	solar2285s	solar2285t	2010	osnovna šola	slovenščina	8. razred	delo v razredu	Kranj
KUS-OS-slo-8-KR-R-2010-40090	solar2286s	solar2286t	2010	osnovna šola	slovenščina	8. razred	delo v razredu	Kranj
KUS-OS-slo-8-KR-R-2010-40091	solar2287s	solar2287t	2010	osnovna šola	slovenščina	8. razred	delo v razredu	Kranj
KUS-OS-slo-8-KR-R-2010-40092	solar2288s	solar2288t	2010	osnovna šola	slovenščina	8. razred	delo v razredu	Kranj
KUS-OS-slo-6-SG-R-2009/2010-40093	solar2289s	solar2289t	2009/2010	osnovna šola	slovenščina	6. razred	delo v razredu	Slovenj Gradec
KUS-OS-slo-6-SG-E-2009/2010-40094	solar2290s	solar2290t	2009/2010	osnovna šola	slovenščina	6. razred	esej ali spis	Slovenj Gradec
KUS-OS-slo-6-SG-E-2009/2010-40095	solar2291s	solar2291t	2009/2010	osnovna šola	slovenščina	6. razred	esej ali spis	Slovenj Gradec
KUS-OS-slo-6-SG-E-2009/2010-40096	solar2292s	solar2292t	2009/2010	osnovna šola	slovenščina	6. razred	esej ali spis	Slovenj Gradec
KUS-OS-slo-6-SG-E-2009/2010-40097	solar2293s	solar2293t	2009/2010	osnovna šola	slovenščina	6. razred	esej ali spis	Slovenj Gradec
KUS-OS-slo-6-SG-E-2009/2010-40098	solar2294s	solar2294t	2009/2010	osnovna šola	slovenščina	6. razred	esej ali spis	Slovenj Gradec
KUS-OS-slo-6-SG-E-2009/2010-40099	solar2295s	solar2295t	2009/2010	osnovna šola	slovenščina	6. razred	esej ali spis	Slovenj Gradec
KUS-OS-slo-6-SG-E-2009/2010-40100	solar2296s	solar2296t	2009/2010	osnovna šola	slovenščina	6. razred	esej ali spis	Slovenj Gradec
KUS-OS-slo-6-SG-E-2009/2010-40101	solar2297s	solar2297t	2009/2010	osnovna šola	slovenščina	6. razred	esej ali spis	Slovenj Gradec
KUS-OS-slo-6-SG-E-2009/2010-40102	solar2298s	solar2298t	2009/2010	osnovna šola	slovenščina	6. razred	esej ali spis	Slovenj Gradec
KUS-OS-slo-6-SG-E-2009/2010-40103	solar2299s	solar2299t	2009/2010	osnovna šola	slovenščina	6. razred	esej ali spis	Slovenj Gradec
KUS-OS-slo-8-SG-R-2009/2010-40104	solar2300s	solar2300t	2009/2010	osnovna šola	slovenščina	8. razred	delo v razredu	Slovenj Gradec
KUS-OS-slo-8-SG-R-2009/2010-40105	solar2301s	solar2301t	2009/2010	osnovna šola	slovenščina	8. razred	delo v razredu	Slovenj Gradec
KUS-OS-slo-8-SG-R-2009/2010-40106	solar2302s	solar2302t	2009/2010	osnovna šola	slovenščina	8. razred	delo v razredu	Slovenj Gradec
KUS-OS-slo-8-SG-R-2009/2010-40107	solar2303s	solar2303t	2009/2010	osnovna šola	slovenščina	8. razred	delo v razredu	Slovenj Gradec
KUS-OS-slo-8-SG-R-2009/2010-40108	solar2304s	solar2304t	2009/2010	osnovna šola	slovenščina	8. razred	delo v razredu	Slovenj Gradec
KUS-OS-slo-8-SG-R-2009/2010-40109	solar2305s	solar2305t	2009/2010	osnovna šola	slovenščina	8. razred	delo v razredu	Slovenj Gradec
KUS-OS-slo-8-SG-R-2009/2010-40110	solar2306s	solar2306t	2009/2010	osnovna šola	slovenščina	8. razred	delo v razredu	Slovenj Gradec
KUS-OS-slo-8-SG-R-2009/2010-40111	solar2307s	solar2307t	2009/2010	osnovna šola	slovenščina	8. razred	delo v razredu	Slovenj Gradec
KUS-OS-slo-8-SG-R-2009/2010-40112	solar2308s	solar2308t	2009/2010	osnovna šola	slovenščina	8. razred	delo v razredu	Slovenj Gradec
KUS-OS-slo-8-SG-R-2009/2010-40113	solar2309s	solar2309t	2009/2010	osnovna šola	slovenščina	8. razred	delo v razredu	Slovenj Gradec
KUS-OS-slo-9-SG-R-2009/2010-40114	solar2310s	solar2310t	2009/2010	osnovna šola	slovenščina	9. razred	delo v razredu	Slovenj Gradec
KUS-OS-slo-9-SG-R-2009/2010-40115	solar2311s	solar2311t	2009/2010	osnovna šola	slovenščina	9. razred	delo v razredu	Slovenj Gradec
KUS-OS-slo-9-SG-R-2009/2010-40116	solar2312s	solar2312t	2009/2010	osnovna šola	slovenščina	9. razred	delo v razredu	Slovenj Gradec
KUS-OS-slo-9-SG-R-2009/2010-40117	solar2313s	solar2313t	2009/2010	osnovna šola	slovenščina	9. razred	delo v razredu	Slovenj Gradec
KUS-OS-slo-9-SG-R-2009/2010-40118	solar2314s	solar2314t	2009/2010	osnovna šola	slovenščina	9. razred	delo v razredu	Slovenj Gradec
KUS-OS-slo-9-SG-R-2009/2010-40119	solar2315s	solar2315t	2009/2010	osnovna šola	slovenščina	9. razred	delo v razredu	Slovenj Gradec
KUS-OS-slo-9-SG-R-2009/2010-40120	solar2316s	solar2316t	2009/2010	osnovna šola	slovenščina	9. razred	delo v razredu	Slovenj Gradec
KUS-OS-slo-9-SG-R-2009/2010-40121	solar2317s	solar2317t	2009/2010	osnovna šola	slovenščina	9. razred	delo v razredu	Slovenj Gradec
KUS-OS-slo-9-SG-R-2009/2010-40122	solar2318s	solar2318t	2009/2010	osnovna šola	slovenščina	9. razred	delo v razredu	Slovenj Gradec
KUS-OS-slo-9-SG-R-2009/2010-40123	solar2319s	solar2319t	2009/2010	osnovna šola	slovenščina	9. razred	delo v razredu	Slovenj Gradec
KUS-OS-slo-9-SG-R-2009/2010-40124	solar2320s	solar2320t	2009/2010	osnovna šola	slovenščina	9. razred	delo v razredu	Slovenj Gradec
KUS-OS-slo-9-SG-R-2009/2010-40125	solar2321s	solar2321t	2009/2010	osnovna šola	slovenščina	9. razred	delo v razredu	Slovenj Gradec
KUS-OS-slo-9-SG-R-2009/2010-40126	solar2322s	solar2322t	2009/2010	osnovna šola	slovenščina	9. razred	delo v razredu	Slovenj Gradec
KUS-OS-slo-9-SG-R-2009/2010-40127	solar2323s	solar2323t	2009/2010	osnovna šola	slovenščina	9. razred	delo v razredu	Slovenj Gradec
KUS-OS-slo-9-SG-R-2009/2010-40128	solar2324s	solar2324t	2009/2010	osnovna šola	slovenščina	9. razred	delo v razredu	Slovenj Gradec
KUS-OS-slo-9-SG-R-2009/2010-40129	solar2325s	solar2325t	2009/2010	osnovna šola	slovenščina	9. razred	delo v razredu	Slovenj Gradec
KUS-OS-slo-9-SG-T-2009/2010-40130	solar2326s	solar2326t	2009/2010	osnovna šola	slovenščina	9. razred	test	Slovenj Gradec
KUS-OS-slo-9-SG-T-2009/2010-40131	solar2327s	solar2327t	2009/2010	osnovna šola	slovenščina	9. razred	test	Slovenj Gradec
KUS-OS-slo-9-SG-T-2009/2010-40132	solar2328s	solar2328t	2009/2010	osnovna šola	slovenščina	9. razred	test	Slovenj Gradec
KUS-OS-slo-9-SG-T-2009/2010-40134	solar2329s	solar2329t	2009/2010	osnovna šola	slovenščina	9. razred	test	Slovenj Gradec
KUS-OS-slo-9-SG-T-2009/2010-40135	solar2330s	solar2330t	2009/2010	osnovna šola	slovenščina	9. razred	test	Slovenj Gradec
KUS-OS-slo-9-SG-T-2009/2010-40136	solar2331s	solar2331t	2009/2010	osnovna šola	slovenščina	9. razred	test	Slovenj Gradec
KUS-OS-slo-9-SG-T-2009/2010-40137	solar2332s	solar2332t	2009/2010	osnovna šola	slovenščina	9. razred	test	Slovenj Gradec
KUS-OS-slo-9-SG-T-2009/2010-40138	solar2333s	solar2333t	2009/2010	osnovna šola	slovenščina	9. razred	test	Slovenj Gradec
KUS-OS-slo-9-SG-T-2009/2010-40139	solar2334s	solar2334t	2009/2010	osnovna šola	slovenščina	9. razred	test	Slovenj Gradec
KUS-OS-slo-9-SG-E-2010-40140	solar2335s	solar2335t	2010	osnovna šola	slovenščina	9. razred	esej ali spis	Slovenj Gradec
KUS-OS-slo-9-SG-E-2010-40141	solar2336s	solar2336t	2010	osnovna šola	slovenščina	9. razred	esej ali spis	Slovenj Gradec
KUS-OS-slo-9-SG-E-2010-40142	solar2337s	solar2337t	2010	osnovna šola	slovenščina	9. razred	esej ali spis	Slovenj Gradec
KUS-OS-slo-9-SG-E-2010-40143	solar2338s	solar2338t	2010	osnovna šola	slovenščina	9. razred	esej ali spis	Slovenj Gradec
KUS-OS-slo-9-SG-E-2010-40144	solar2339s	solar2339t	2010	osnovna šola	slovenščina	9. razred	esej ali spis	Slovenj Gradec
KUS-OS-slo-9-SG-E-2010-40145	solar2340s	solar2340t	2010	osnovna šola	slovenščina	9. razred	esej ali spis	Slovenj Gradec
KUS-OS-slo-9-SG-E-2010-40146	solar2341s	solar2341t	2010	osnovna šola	slovenščina	9. razred	esej ali spis	Slovenj Gradec
KUS-OS-slo-9-SG-E-2010-40147	solar2342s	solar2342t	2010	osnovna šola	slovenščina	9. razred	esej ali spis	Slovenj Gradec
KUS-OS-slo-9-SG-E-2010-40148	solar2343s	solar2343t	2010	osnovna šola	slovenščina	9. razred	esej ali spis	Slovenj Gradec
KUS-OS-slo-9-SG-E-2010-40149	solar2344s	solar2344t	2010	osnovna šola	slovenščina	9. razred	esej ali spis	Slovenj Gradec
KUS-OS-slo-9-SG-E-2010-40150	solar2345s	solar2345t	2010	osnovna šola	slovenščina	9. razred	esej ali spis	Slovenj Gradec
KUS-OS-slo-9-SG-E-2010-40151	solar2346s	solar2346t	2010	osnovna šola	slovenščina	9. razred	esej ali spis	Slovenj Gradec
KUS-OS-slo-9-SG-E-2010-40152	solar2347s	solar2347t	2010	osnovna šola	slovenščina	9. razred	esej ali spis	Slovenj Gradec
KUS-OS-slo-9-SG-E-2010-40153	solar2348s	solar2348t	2010	osnovna šola	slovenščina	9. razred	esej ali spis	Slovenj Gradec
KUS-OS-slo-7-SG-T-2009-40154	solar2349s	solar2349t	2009/2010	osnovna šola	slovenščina	7. razred	test	Slovenj Gradec
KUS-OS-slo-7-SG-T-2009-40155	solar2350s	solar2350t	2009/2010	osnovna šola	slovenščina	7. razred	test	Slovenj Gradec
KUS-OS-slo-7-SG-T-2009-40156	solar2351s	solar2351t	2009/2010	osnovna šola	slovenščina	7. razred	test	Slovenj Gradec
KUS-OS-slo-7-SG-T-2009-40157	solar2352s	solar2352t	2009/2010	osnovna šola	slovenščina	7. razred	test	Slovenj Gradec
KUS-OS-slo-7-SG-T-2009-40158	solar2353s	solar2353t	2009/2010	osnovna šola	slovenščina	7. razred	test	Slovenj Gradec
KUS-OS-slo-7-SG-T-2009-40159	solar2354s	solar2354t	2009/2010	osnovna šola	slovenščina	7. razred	test	Slovenj Gradec
KUS-OS-slo-7-SG-T-2009-40160	solar2355s	solar2355t	2009/2010	osnovna šola	slovenščina	7. razred	test	Slovenj Gradec
KUS-OS-slo-7-SG-T-2009-40161	solar2356s	solar2356t	2009/2010	osnovna šola	slovenščina	7. razred	test	Slovenj Gradec
KUS-OS-slo-7-SG-T-2009-40162	solar2357s	solar2357t	2009/2010	osnovna šola	slovenščina	7. razred	test	Slovenj Gradec
KUS-OS-slo-7-SG-T-2009-40163	solar2358s	solar2358t	2009/2010	osnovna šola	slovenščina	7. razred	test	Slovenj Gradec
KUS-OS-slo-7-SG-R-2009/2010-40164	solar2359s	solar2359t	2009/2010	osnovna šola	slovenščina	7. razred	delo v razredu	Slovenj Gradec
KUS-OS-slo-7-SG-R-2009/2010-40165	solar2360s	solar2360t	2009/2010	osnovna šola	slovenščina	7. razred	delo v razredu	Slovenj Gradec
KUS-OS-slo-7-SG-R-2009/2010-40166	solar2361s	solar2361t	2009/2010	osnovna šola	slovenščina	7. razred	delo v razredu	Slovenj Gradec
KUS-OS-slo-7-SG-R-2009/2010-40167	solar2362s	solar2362t	2009/2010	osnovna šola	slovenščina	7. razred	delo v razredu	Slovenj Gradec
KUS-OS-slo-7-SG-R-2009/2010-40168	solar2363s	solar2363t	2009/2010	osnovna šola	slovenščina	7. razred	delo v razredu	Slovenj Gradec
KUS-OS-slo-7-SG-R-2009/2010-40169	solar2364s	solar2364t	2009/2010	osnovna šola	slovenščina	7. razred	delo v razredu	Slovenj Gradec
KUS-OS-slo-7-SG-R-2009/2010-40170	solar2365s	solar2365t	2009/2010	osnovna šola	slovenščina	7. razred	delo v razredu	Slovenj Gradec
KUS-OS-slo-7-SG-R-2009/2010-40171	solar2366s	solar2366t	2009/2010	osnovna šola	slovenščina	7. razred	delo v razredu	Slovenj Gradec
KUS-OS-slo-7-SG-R-2009/2010-40172	solar2367s	solar2367t	2009/2010	osnovna šola	slovenščina	7. razred	delo v razredu	Slovenj Gradec
KUS-OS-slo-7-SG-R-2009/2010-40173	solar2368s	solar2368t	2009/2010	osnovna šola	slovenščina	7. razred	delo v razredu	Slovenj Gradec
KUS-OS-slo-7-SG-R-2009/2010-40174	solar2369s	solar2369t	2009/2010	osnovna šola	slovenščina	7. razred	delo v razredu	Slovenj Gradec
KUS-OS-slo-7-SG-R-2009/2010-40175	solar2370s	solar2370t	2009/2010	osnovna šola	slovenščina	7. razred	delo v razredu	Slovenj Gradec
KUS-OS-slo-7-SG-R-2009/2010-40176	solar2371s	solar2371t	2009/2010	osnovna šola	slovenščina	7. razred	delo v razredu	Slovenj Gradec
KUS-OS-slo-7-SG-R-2009/2010-40177	solar2372s	solar2372t	2009/2010	osnovna šola	slovenščina	7. razred	delo v razredu	Slovenj Gradec
KUS-OS-slo-7-SG-R-2009/2010-40178	solar2373s	solar2373t	2009/2010	osnovna šola	slovenščina	7. razred	delo v razredu	Slovenj Gradec
KUS-OS-slo-7-SG-R-2009/2010-40179	solar2374s	solar2374t	2009/2010	osnovna šola	slovenščina	7. razred	delo v razredu	Slovenj Gradec
KUS-OS-slo-7-SG-R-2009/2010-40180	solar2375s	solar2375t	2009/2010	osnovna šola	slovenščina	7. razred	delo v razredu	Slovenj Gradec
KUS-OS-slo-7-SG-R-2009/2010-40181	solar2376s	solar2376t	2009/2010	osnovna šola	slovenščina	7. razred	delo v razredu	Slovenj Gradec
KUS-OS-slo-7-SG-R-2009/2010-40182	solar2377s	solar2377t	2009/2010	osnovna šola	slovenščina	7. razred	delo v razredu	Slovenj Gradec
KUS-OS-slo-7-SG-E-2009/2010-40183	solar2378s	solar2378t	2009/2010	osnovna šola	slovenščina	7. razred	esej ali spis	Slovenj Gradec
KUS-OS-slo-7-SG-E-2009/2010-40184	solar2379s	solar2379t	2009/2010	osnovna šola	slovenščina	7. razred	esej ali spis	Slovenj Gradec
KUS-OS-slo-7-SG-E-2009/2010-40185	solar2380s	solar2380t	2009/2010	osnovna šola	slovenščina	7. razred	esej ali spis	Slovenj Gradec
KUS-OS-slo-7-SG-E-2009/2010-40186	solar2381s	solar2381t	2009/2010	osnovna šola	slovenščina	7. razred	esej ali spis	Slovenj Gradec
KUS-OS-slo-7-SG-E-2009/2010-40187	solar2382s	solar2382t	2009/2010	osnovna šola	slovenščina	7. razred	esej ali spis	Slovenj Gradec
KUS-OS-slo-7-SG-E-2009/2010-40188	solar2383s	solar2383t	2009/2010	osnovna šola	slovenščina	7. razred	esej ali spis	Slovenj Gradec
KUS-OS-slo-7-SG-E-2009/2010-40189	solar2384s	solar2384t	2009/2010	osnovna šola	slovenščina	7. razred	esej ali spis	Slovenj Gradec
KUS-OS-slo-7-SG-E-2009/2010-40190	solar2385s	solar2385t	2009/2010	osnovna šola	slovenščina	7. razred	esej ali spis	Slovenj Gradec
KUS-OS-slo-7-SG-E-2009/2010-40191	solar2386s	solar2386t	2009/2010	osnovna šola	slovenščina	7. razred	esej ali spis	Slovenj Gradec
KUS-OS-slo-7-SG-E-2009/2010-40192	solar2387s	solar2387t	2009/2010	osnovna šola	slovenščina	7. razred	esej ali spis	Slovenj Gradec
KUS-OS-slo-7-SG-E-2009/2010-40193	solar2388s	solar2388t	2009/2010	osnovna šola	slovenščina	7. razred	esej ali spis	Slovenj Gradec
KUS-OS-slo-9-MS-R-2009/2010-40194	solar2389s	solar2389t	2009/2010	osnovna šola	slovenščina	9. razred	delo v razredu	Murska Sobota
KUS-OS-slo-9-MS-R-2009/2010-40195	solar2390s	solar2390t	2009/2010	osnovna šola	slovenščina	9. razred	delo v razredu	Murska Sobota
KUS-OS-slo-9-MS-R-2009/2010-40196	solar2391s	solar2391t	2009/2010	osnovna šola	slovenščina	9. razred	delo v razredu	Murska Sobota
KUS-OS-slo-9-MS-E-2009/2010-40197	solar2392s	solar2392t	2009/2010	osnovna šola	slovenščina	9. razred	esej ali spis	Murska Sobota
KUS-OS-slo-8-MS-E-2009/2010-40198	solar2393s	solar2393t	2009/2010	osnovna šola	slovenščina	8. razred	esej ali spis	Murska Sobota
KUS-OS-slo-8-MS-E-2009/2010-40199	solar2394s	solar2394t	2009/2010	osnovna šola	slovenščina	8. razred	esej ali spis	Murska Sobota
KUS-OS-slo-8-MS-E-2009/2010-40200	solar2395s	solar2395t	2009/2010	osnovna šola	slovenščina	8. razred	esej ali spis	Murska Sobota
KUS-OS-slo-8-MS-E-2009/2010-40201	solar2396s	solar2396t	2009/2010	osnovna šola	slovenščina	8. razred	esej ali spis	Murska Sobota
KUS-OS-slo-8-MS-E-2009/2010-40202	solar2397s	solar2397t	2009/2010	osnovna šola	slovenščina	8. razred	esej ali spis	Murska Sobota
KUS-OS-DDE-8-MS-R-2009/2010-40203	solar2398s	solar2398t	2009/2010	osnovna šola	državljanska vzgoja in etika	8. razred	delo v razredu	Murska Sobota
KUS-OS-DDE-8-MS-R-2009/2010-40204	solar2399s	solar2399t	2009/2010	osnovna šola	državljanska vzgoja in etika	8. razred	esej ali spis	Murska Sobota
KUS-OS-DDE-8-MS-R-2009/2010-40205	solar2400s	solar2400t	2009/2010	osnovna šola	državljanska vzgoja in etika	8. razred	delo v razredu	Murska Sobota
KUS-OS-slo-7-MS-R-2009/2010-40206	solar2401s	solar2401t	2009/2010	osnovna šola	slovenščina	7. razred	delo v razredu	Murska Sobota
KUS-OS-slo-7-MS-R-2009/2010-40207	solar2402s	solar2402t	2009/2010	osnovna šola	slovenščina	7. razred	delo v razredu	Murska Sobota
KUS-OS-slo-7-MS-R-2009/2010-40208	solar2403s	solar2403t	2009/2010	osnovna šola	slovenščina	7. razred	delo v razredu	Murska Sobota
KUS-OS-slo-7-MS-R-2009/2010-40209	solar2404s	solar2404t	2009/2010	osnovna šola	slovenščina	7. razred	delo v razredu	Murska Sobota
KUS-OS-slo-7-MS-R-2009/2010-40210	solar2405s	solar2405t	2009/2010	osnovna šola	slovenščina	7. razred	delo v razredu	Murska Sobota
KUS-OS-DDE-8-MS-R-2009/2010-40211	solar2406s	solar2406t	2009/2010	osnovna šola	državljanska vzgoja in etika	8. razred	delo v razredu	Murska Sobota
KUS-OS-slo-8-MS-R-2009/2010-40212	solar2407s	solar2407t	2009/2010	osnovna šola	slovenščina	8. razred	delo v razredu	Murska Sobota
KUS-OS-slo-8-MS-R-2009/2010-40213	solar2408s	solar2408t	2009/2010	osnovna šola	slovenščina	8. razred	delo v razredu	Murska Sobota
KUS-OS-slo-7-MS-R-2009/2010-40214	solar2409s	solar2409t	2009/2010	osnovna šola	slovenščina	7. razred	delo v razredu	Murska Sobota
KUS-OS-slo-7-MS-R-2009/2010-40215	solar2410s	solar2410t	2009/2010	osnovna šola	slovenščina	7. razred	delo v razredu	Murska Sobota
KUS-OS-slo-8-GO-E-2010-40226	solar2411s	solar2411t	2010	osnovna šola	slovenščina	8. razred	esej ali spis	Gorica
KUS-OS-slo-8-GO-E-2010-40227	solar2412s	solar2412t	2010	osnovna šola	slovenščina	8. razred	esej ali spis	Gorica
KUS-OS-slo-8-GO-E-2010-40228	solar2413s	solar2413t	2010	osnovna šola	slovenščina	8. razred	esej ali spis	Gorica
KUS-OS-slo-8-GO-E-2010-40229	solar2414s	solar2414t	2010	osnovna šola	slovenščina	8. razred	esej ali spis	Gorica
KUS-OS-slo-8-GO-E-2010-40230	solar2415s	solar2415t	2010	osnovna šola	slovenščina	8. razred	esej ali spis	Gorica
KUS-OS-slo-8-GO-E-2010-40231	solar2416s	solar2416t	2010	osnovna šola	slovenščina	8. razred	esej ali spis	Gorica
KUS-OS-slo-8-GO-E-2010-40232	solar2417s	solar2417t	2010	osnovna šola	slovenščina	8. razred	esej ali spis	Gorica
KUS-OS-slo-8-GO-E-2010-40233	solar2418s	solar2418t	2010	osnovna šola	slovenščina	8. razred	esej ali spis	Gorica
KUS-OS-slo-8-GO-E-2010-40234	solar2419s	solar2419t	2010	osnovna šola	slovenščina	8. razred	esej ali spis	Gorica
KUS-OS-slo-8-GO-E-2010-40235	solar2420s	solar2420t	2010	osnovna šola	slovenščina	8. razred	esej ali spis	Gorica
KUS-OS-slo-8-GO-E-2010-40236	solar2421s	solar2421t	2010	osnovna šola	slovenščina	8. razred	esej ali spis	Gorica
KUS-OS-slo-8-GO-E-2010-40237	solar2422s	solar2422t	2010	osnovna šola	slovenščina	8. razred	esej ali spis	Gorica
KUS-OS-slo-6-GO-E-2010-40238	solar2423s	solar2423t	2010	osnovna šola	slovenščina	6. razred	esej ali spis	Gorica
KUS-OS-slo-6-GO-E-2010-40239	solar2424s	solar2424t	2010	osnovna šola	slovenščina	6. razred	esej ali spis	Gorica
KUS-OS-slo-6-GO-E-2010-40240	solar2425s	solar2425t	2010	osnovna šola	slovenščina	6. razred	esej ali spis	Gorica
KUS-OS-slo-6-GO-E-2010-40241	solar2426s	solar2426t	2010	osnovna šola	slovenščina	6. razred	esej ali spis	Gorica
KUS-OS-slo-6-GO-E-2010-40242	solar2427s	solar2427t	2010	osnovna šola	slovenščina	6. razred	esej ali spis	Gorica
KUS-OS-slo-6-GO-E-2010-40243	solar2428s	solar2428t	2010	osnovna šola	slovenščina	6. razred	esej ali spis	Gorica
KUS-OS-slo-6-GO-E-2010-40244	solar2429s	solar2429t	2010	osnovna šola	slovenščina	6. razred	esej ali spis	Gorica
KUS-OS-slo-6-GO-E-2010-40245	solar2430s	solar2430t	2010	osnovna šola	slovenščina	6. razred	esej ali spis	Gorica
KUS-OS-slo-6-GO-E-2010-40246	solar2431s	solar2431t	2010	osnovna šola	slovenščina	6. razred	esej ali spis	Gorica
KUS-OS-slo-6-GO-E-2010-40248	solar2432s	solar2432t	2010	osnovna šola	slovenščina	6. razred	esej ali spis	Gorica
KUS-OS-slo-6-GO-E-2010-40249	solar2433s	solar2433t	2010	osnovna šola	slovenščina	6. razred	esej ali spis	Gorica
KUS-OS-slo-6-GO-E-2010-40250	solar2434s	solar2434t	2010	osnovna šola	slovenščina	6. razred	esej ali spis	Gorica
KUS-OS-slo-6-GO-E-2010-40251	solar2435s	solar2435t	2010	osnovna šola	slovenščina	6. razred	esej ali spis	Gorica
KUS-OS-slo-6-GO-E-2010-40252	solar2436s	solar2436t	2010	osnovna šola	slovenščina	6. razred	esej ali spis	Gorica
KUS-OS-slo-8-GO-E-2010-40262	solar2437s	solar2437t	2010	osnovna šola	slovenščina	8. razred	esej ali spis	Gorica
KUS-OS-slo-8-GO-E-2010-40263	solar2438s	solar2438t	2010	osnovna šola	slovenščina	8. razred	esej ali spis	Gorica
KUS-OS-slo-8-GO-E-2010-40264	solar2439s	solar2439t	2010	osnovna šola	slovenščina	8. razred	esej ali spis	Gorica
KUS-OS-slo-8-GO-E-2010-40265	solar2440s	solar2440t	2010	osnovna šola	slovenščina	8. razred	esej ali spis	Gorica
KUS-OS-slo-8-GO-E-2010-40266	solar2441s	solar2441t	2010	osnovna šola	slovenščina	8. razred	esej ali spis	Gorica
KUS-OS-slo-8-GO-E-2010-40267	solar2442s	solar2442t	2010	osnovna šola	slovenščina	8. razred	esej ali spis	Gorica
KUS-OS-slo-8-GO-E-2010-40268	solar2443s	solar2443t	2010	osnovna šola	slovenščina	8. razred	esej ali spis	Gorica
KUS-OS-slo-8-GO-E-2010-40269	solar2444s	solar2444t	2010	osnovna šola	slovenščina	8. razred	esej ali spis	Gorica
KUS-OS-slo-8-GO-E-2010-40270	solar2445s	solar2445t	2010	osnovna šola	slovenščina	8. razred	esej ali spis	Gorica
KUS-OS-slo-8-GO-E-2010-40271	solar2446s	solar2446t	2010	osnovna šola	slovenščina	8. razred	esej ali spis	Gorica
KUS-OS-slo-8-GO-E-2010-40272	solar2447s	solar2447t	2010	osnovna šola	slovenščina	8. razred	esej ali spis	Gorica
KUS-OS-slo-7-GO-E-2009/2010-40273	solar2448s	solar2448t	2009/2010	osnovna šola	slovenščina	7. razred	esej ali spis	Gorica
KUS-OS-slo-7-GO-E-2009/2010-40275	solar2449s	solar2449t	2009/2010	osnovna šola	slovenščina	7. razred	esej ali spis	Gorica
KUS-OS-slo-7-GO-E-2009/2010-40276	solar2450s	solar2450t	2009/2010	osnovna šola	slovenščina	7. razred	esej ali spis	Gorica
KUS-OS-slo-7-GO-E-2009/2010-40277	solar2451s	solar2451t	2009/2010	osnovna šola	slovenščina	7. razred	esej ali spis	Gorica
KUS-OS-slo-7-GO-E-2009/2010-40278	solar2452s	solar2452t	2009/2010	osnovna šola	slovenščina	7. razred	esej ali spis	Gorica
KUS-OS-slo-7-GO-E-2009/2010-40279	solar2453s	solar2453t	2009/2010	osnovna šola	slovenščina	7. razred	esej ali spis	Gorica
KUS-OS-slo-7-GO-E-2009/2010-40280	solar2454s	solar2454t	2009/2010	osnovna šola	slovenščina	7. razred	esej ali spis	Gorica
KUS-OS-slo-7-GO-E-2009/2010-40281	solar2455s	solar2455t	2009/2010	osnovna šola	slovenščina	7. razred	esej ali spis	Gorica
KUS-OS-slo-7-GO-E-2009/2010-40282	solar2456s	solar2456t	2009/2010	osnovna šola	slovenščina	7. razred	esej ali spis	Gorica
KUS-OS-slo-7-GO-E-2009/2010-40283	solar2457s	solar2457t	2009/2010	osnovna šola	slovenščina	7. razred	esej ali spis	Gorica
KUS-OS-slo-7-GO-E-2009/2010-40284	solar2458s	solar2458t	2009/2010	osnovna šola	slovenščina	7. razred	esej ali spis	Gorica
KUS-OS-slo-7-GO-E-2009/2010-40285	solar2459s	solar2459t	2009/2010	osnovna šola	slovenščina	7. razred	esej ali spis	Gorica
KUS-OS-slo-9-KK-R-2010-40286	solar2460s	solar2460t	2010	osnovna šola	slovenščina	9. razred	delo v razredu	Krško
KUS-OS-slo-9-KK-R-2010-40287	solar2461s	solar2461t	2010	osnovna šola	slovenščina	9. razred	delo v razredu	Krško
KUS-OS-slo-9-KK-R-2010-40288	solar2462s	solar2462t	2010	osnovna šola	slovenščina	9. razred	delo v razredu	Krško
KUS-OS-slo-9-KK-R-2010-40289	solar2463s	solar2463t	2010	osnovna šola	slovenščina	9. razred	delo v razredu	Krško
KUS-OS-slo-9-KK-R-2010-40290	solar2464s	solar2464t	2010	osnovna šola	slovenščina	9. razred	delo v razredu	Krško
KUS-OS-slo-9-KK-R-2010-40291	solar2465s	solar2465t	2010	osnovna šola	slovenščina	9. razred	delo v razredu	Krško
KUS-OS-slo-9-KK-R-2010-40292	solar2466s	solar2466t	2010	osnovna šola	slovenščina	9. razred	delo v razredu	Krško
KUS-OS-slo-9-KK-R-2010-40293	solar2467s	solar2467t	2010	osnovna šola	slovenščina	9. razred	delo v razredu	Krško
KUS-OS-slo-9-KK-R-2010-40294	solar2468s	solar2468t	2010	osnovna šola	slovenščina	9. razred	delo v razredu	Krško
KUS-OS-slo-9-KK-R-2010-40295	solar2469s	solar2469t	2010	osnovna šola	slovenščina	9. razred	delo v razredu	Krško
KUS-OS-slo-9-KK-R-2010-40296	solar2470s	solar2470t	2010	osnovna šola	slovenščina	9. razred	delo v razredu	Krško
KUS-OS-slo-9-KK-R-2010-40297	solar2471s	solar2471t	2010	osnovna šola	slovenščina	9. razred	delo v razredu	Krško
KUS-OS-slo-9-KK-R-2010-40298	solar2472s	solar2472t	2010	osnovna šola	slovenščina	9. razred	delo v razredu	Krško
KUS-OS-slo-9-KK-R-2010-40299	solar2473s	solar2473t	2010	osnovna šola	slovenščina	9. razred	delo v razredu	Krško
KUS-OS-slo-9-KK-R-2010-40300	solar2474s	solar2474t	2010	osnovna šola	slovenščina	9. razred	delo v razredu	Krško
KUS-OS-slo-9-KK-R-2010-40301	solar2475s	solar2475t	2010	osnovna šola	slovenščina	9. razred	delo v razredu	Krško
KUS-OS-slo-9-KK-R-2010-40302	solar2476s	solar2476t	2010	osnovna šola	slovenščina	9. razred	delo v razredu	Krško
KUS-OS-slo-9-KK-R-2010-40303	solar2477s	solar2477t	2010	osnovna šola	slovenščina	9. razred	delo v razredu	Krško
KUS-OS-slo-9-KK-R-2010-40304	solar2478s	solar2478t	2010	osnovna šola	slovenščina	9. razred	delo v razredu	Krško
KUS-OS-slo-9-KK-R-2010-40305	solar2479s	solar2479t	2010	osnovna šola	slovenščina	9. razred	delo v razredu	Krško
KUS-OS-slo-9-KK-R-2010-40306	solar2480s	solar2480t	2010	osnovna šola	slovenščina	9. razred	delo v razredu	Krško
KUS-OS-slo-9-KK-R-2010-40306	solar2481s	solar2481t	2010	osnovna šola	slovenščina	9. razred	delo v razredu	Krško
KUS-OS-slo-9-KK-R-2010-40308	solar2482s	solar2482t	2010	osnovna šola	slovenščina	9. razred	delo v razredu	Krško
KUS-OS-slo-9-KK-R-2010-40309	solar2483s	solar2483t	2010	osnovna šola	slovenščina	9. razred	delo v razredu	Krško
KUS-OS-slo-9-KK-R-2010-40310	solar2484s	solar2484t	2010	osnovna šola	slovenščina	9. razred	delo v razredu	Krško
KUS-OS-slo-9-KK-R-2010-40311	solar2485s	solar2485t	2010	osnovna šola	slovenščina	9. razred	delo v razredu	Krško
KUS-OS-slo-9-KK-R-2010-40312	solar2486s	solar2486t	2010	osnovna šola	slovenščina	9. razred	delo v razredu	Krško
KUS-OS-slo-9-KK-R-2010-40313	solar2487s	solar2487t	2010	osnovna šola	slovenščina	9. razred	delo v razredu	Krško
KUS-OS-slo-9-KK-R-2010-40315	solar2488s	solar2488t	2010	osnovna šola	slovenščina	9. razred	delo v razredu	Krško
KUS-OS-slo-9-KK-R-2010-40316	solar2489s	solar2489t	2010	osnovna šola	slovenščina	9. razred	delo v razredu	Krško
KUS-OS-slo-7-KK-E-2010-40318	solar2490s	solar2490t	2010	osnovna šola	slovenščina	7. razred	esej ali spis	Krško
KUS-OS-slo-7-KK-E-2010-40319	solar2491s	solar2491t	2010	osnovna šola	slovenščina	7. razred	esej ali spis	Krško
KUS-OS-slo-7-KK-E-2010-40320	solar2492s	solar2492t	2010	osnovna šola	slovenščina	7. razred	esej ali spis	Krško
KUS-OS-slo-7-KK-E-2010-40321	solar2493s	solar2493t	2010	osnovna šola	slovenščina	7. razred	esej ali spis	Krško
KUS-OS-slo-7-KK-E-2010-40322	solar2494s	solar2494t	2010	osnovna šola	slovenščina	7. razred	esej ali spis	Krško
KUS-OS-slo-7-KK-E-2010-40323	solar2495s	solar2495t	2010	osnovna šola	slovenščina	7. razred	esej ali spis	Krško
KUS-OS-slo-7-KK-E-2010-40324	solar2496s	solar2496t	2010	osnovna šola	slovenščina	7. razred	esej ali spis	Krško
KUS-OS-slo-7-KK-E-2010-40325	solar2497s	solar2497t	2010	osnovna šola	slovenščina	7. razred	esej ali spis	Krško
KUS-OS-slo-7-KK-E-2010-40326	solar2498s	solar2498t	2010	osnovna šola	slovenščina	7. razred	esej ali spis	Krško
KUS-OS-slo-7-KK-E-2010-40327	solar2499s	solar2499t	2010	osnovna šola	slovenščina	7. razred	esej ali spis	Krško
KUS-OS-slo-7-KK-E-2010-40328	solar2500s	solar2500t	2010	osnovna šola	slovenščina	7. razred	esej ali spis	Krško
KUS-OS-slo-7-KK-E-2010-40329	solar2501s	solar2501t	2010	osnovna šola	slovenščina	7. razred	esej ali spis	Krško
KUS-OS-slo-7-KK-E-2010-40330	solar2502s	solar2502t	2010	osnovna šola	slovenščina	7. razred	esej ali spis	Krško
KUS-OS-slo-7-KK-E-2010-40331	solar2503s	solar2503t	2010	osnovna šola	slovenščina	7. razred	esej ali spis	Krško
KUS-OS-slo-7-KK-E-2010-40332	solar2504s	solar2504t	2010	osnovna šola	slovenščina	7. razred	esej ali spis	Krško
KUS-OS-slo-7-KK-E-2010-40333	solar2505s	solar2505t	2010	osnovna šola	slovenščina	7. razred	esej ali spis	Krško
KUS-OS-slo-7-KK-E-2010-40334	solar2506s	solar2506t	2010	osnovna šola	slovenščina	7. razred	esej ali spis	Krško
KUS-OS-slo-7-KK-E-2010-40335	solar2507s	solar2507t	2010	osnovna šola	slovenščina	7. razred	esej ali spis	Krško
KUS-OS-slo-8-KK-E-2010-40336	solar2508s	solar2508t	2010	osnovna šola	slovenščina	8. razred	esej ali spis	Krško
KUS-OS-slo-8-KK-E-2010-40337	solar2509s	solar2509t	2010	osnovna šola	slovenščina	8. razred	esej ali spis	Krško
KUS-OS-slo-8-KK-E-2010-40338	solar2510s	solar2510t	2010	osnovna šola	slovenščina	8. razred	esej ali spis	Krško
KUS-OS-slo-8-KK-E-2010-40339	solar2511s	solar2511t	2010	osnovna šola	slovenščina	8. razred	esej ali spis	Krško
KUS-OS-slo-8-KK-E-2010-40340	solar2512s	solar2512t	2010	osnovna šola	slovenščina	8. razred	esej ali spis	Krško
KUS-OS-slo-8-KK-E-2010-40341	solar2513s	solar2513t	2010	osnovna šola	slovenščina	8. razred	esej ali spis	Krško
KUS-OS-slo-8-KK-E-2010-40342	solar2514s	solar2514t	2010	osnovna šola	slovenščina	8. razred	esej ali spis	Krško
KUS-OS-slo-8-KK-E-2010-40343	solar2515s	solar2515t	2010	osnovna šola	slovenščina	8. razred	esej ali spis	Krško
KUS-OS-slo-8-KK-E-2010-40344	solar2516s	solar2516t	2010	osnovna šola	slovenščina	8. razred	esej ali spis	Krško
KUS-OS-slo-8-KK-E-2010-40345	solar2517s	solar2517t	2010	osnovna šola	slovenščina	8. razred	esej ali spis	Krško
KUS-OS-slo-8-KK-E-2010-40346	solar2518s	solar2518t	2010	osnovna šola	slovenščina	8. razred	esej ali spis	Krško
KUS-OS-slo-8-KK-E-2010-40347	solar2519s	solar2519t	2010	osnovna šola	slovenščina	8. razred	esej ali spis	Krško
KUS-OS-slo-9-KK-R-2010-40348	solar2520s	solar2520t	2010	osnovna šola	slovenščina	9. razred	delo v razredu	Krško
KUS-OS-slo-9-KK-R-2010-40349	solar2521s	solar2521t	2010	osnovna šola	slovenščina	9. razred	delo v razredu	Krško
KUS-OS-slo-9-KK-R-2010-40350	solar2522s	solar2522t	2010	osnovna šola	slovenščina	9. razred	delo v razredu	Krško
KUS-OS-slo-9-KK-R-2010-40351	solar2523s	solar2523t	2010	osnovna šola	slovenščina	9. razred	delo v razredu	Krško
KUS-OS-slo-9-KK-R-2010-40352	solar2524s	solar2524t	2010	osnovna šola	slovenščina	9. razred	delo v razredu	Krško
KUS-OS-slo-9-KK-R-2010-40353	solar2525s	solar2525t	2010	osnovna šola	slovenščina	9. razred	delo v razredu	Krško
KUS-OS-slo-9-KK-R-2010-40354	solar2526s	solar2526t	2010	osnovna šola	slovenščina	9. razred	delo v razredu	Krško
KUS-OS-slo-9-KK-R-2010-40355	solar2527s	solar2527t	2010	osnovna šola	slovenščina	9. razred	delo v razredu	Krško
KUS-OS-slo-9-KK-R-2010-40356	solar2528s	solar2528t	2010	osnovna šola	slovenščina	9. razred	delo v razredu	Krško
KUS-OS-slo-9-KK-R-2010-40357	solar2529s	solar2529t	2010	osnovna šola	slovenščina	9. razred	delo v razredu	Krško
KUS-OS-slo-9-KK-R-2010-40358	solar2530s	solar2530t	2010	osnovna šola	slovenščina	9. razred	delo v razredu	Krško
KUS-OS-slo-9-KK-R-2010-40359	solar2531s	solar2531t	2010	osnovna šola	slovenščina	9. razred	delo v razredu	Krško
KUS-OS-slo-9-KK-R-2010-40360	solar2532s	solar2532t	2010	osnovna šola	slovenščina	9. razred	delo v razredu	Krško
KUS-OS-slo-9-KK-R-2010-40361	solar2533s	solar2533t	2010	osnovna šola	slovenščina	9. razred	delo v razredu	Krško
KUS-OS-slo-9-KK-R-2010-40362	solar2534s	solar2534t	2010	osnovna šola	slovenščina	9. razred	delo v razredu	Krško
KUS-OS-slo-9-KK-R-2010-40363	solar2535s	solar2535t	2010	osnovna šola	slovenščina	9. razred	delo v razredu	Krško
KUS-OS-slo-9-KK-R-2010-40364	solar2536s	solar2536t	2010	osnovna šola	slovenščina	9. razred	delo v razredu	Krško
KUS-OS-slo-9-KK-R-2010-40365	solar2537s	solar2537t	2010	osnovna šola	slovenščina	9. razred	delo v razredu	Krško
KUS-OS-slo-9-KK-R-2010-40366	solar2538s	solar2538t	2010	osnovna šola	slovenščina	9. razred	delo v razredu	Krško
KUS-OS-slo-9-KK-R-2010-40367	solar2539s	solar2539t	2010	osnovna šola	slovenščina	9. razred	delo v razredu	Krško
KUS-OS-slo-9-KK-R-2010-40368	solar2540s	solar2540t	2010	osnovna šola	slovenščina	9. razred	delo v razredu	Krško
KUS-OS-slo-9-KK-R-2010-40369	solar2541s	solar2541t	2010	osnovna šola	slovenščina	9. razred	delo v razredu	Krško
KUS-OS-slo-9-KK-R-2010-40370	solar2542s	solar2542t	2010	osnovna šola	slovenščina	9. razred	delo v razredu	Krško
KUS-OS-slo-9-KK-R-2010-40371	solar2543s	solar2543t	2010	osnovna šola	slovenščina	9. razred	delo v razredu	Krško
KUS-OS-slo-9-KK-R-2010-40372	solar2544s	solar2544t	2010	osnovna šola	slovenščina	9. razred	delo v razredu	Krško
KUS-OS-slo-9-KK-R-2010-40373	solar2545s	solar2545t	2010	osnovna šola	slovenščina	9. razred	delo v razredu	Krško
KUS-OS-slo-8-LJ-E-2010-40374	solar2546s	solar2546t	2010	osnovna šola	slovenščina	8. razred	esej ali spis	Ljubljana
KUS-OS-slo-8-LJ-E-2010-40375	solar2547s	solar2547t	2010	osnovna šola	slovenščina	8. razred	esej ali spis	Ljubljana
KUS-OS-slo-8-LJ-E-2010-40376	solar2548s	solar2548t	2010	osnovna šola	slovenščina	8. razred	esej ali spis	Ljubljana
KUS-OS-slo-8-LJ-E-2010-40377	solar2549s	solar2549t	2010	osnovna šola	slovenščina	8. razred	esej ali spis	Ljubljana
KUS-OS-slo-8-LJ-E-2010-40378	solar2550s	solar2550t	2010	osnovna šola	slovenščina	8. razred	esej ali spis	Ljubljana
KUS-OS-slo-8-LJ-E-2010-40379	solar2551s	solar2551t	2010	osnovna šola	slovenščina	8. razred	esej ali spis	Ljubljana
KUS-OS-slo-8-LJ-E-2010-40380	solar2552s	solar2552t	2010	osnovna šola	slovenščina	8. razred	esej ali spis	Ljubljana
KUS-OS-slo-8-LJ-E-2010-40381	solar2553s	solar2553t	2010	osnovna šola	slovenščina	8. razred	esej ali spis	Ljubljana
KUS-OS-slo-8-LJ-E-2010-40382	solar2554s	solar2554t	2010	osnovna šola	slovenščina	8. razred	esej ali spis	Ljubljana
KUS-OS-slo-8-LJ-E-2010-40383	solar2555s	solar2555t	2010	osnovna šola	slovenščina	8. razred	esej ali spis	Ljubljana
KUS-OS-slo-8-LJ-E-2010-40384	solar2556s	solar2556t	2010	osnovna šola	slovenščina	8. razred	esej ali spis	Ljubljana
KUS-OS-slo-8-LJ-E-2010-40385	solar2557s	solar2557t	2010	osnovna šola	slovenščina	8. razred	esej ali spis	Ljubljana
KUS-OS-slo-8-LJ-E-2010-40386	solar2558s	solar2558t	2010	osnovna šola	slovenščina	8. razred	esej ali spis	Ljubljana
KUS-OS-slo-8-LJ-E-2010-40387	solar2559s	solar2559t	2010	osnovna šola	slovenščina	8. razred	esej ali spis	Ljubljana
KUS-OS-slo-8-LJ-E-2010-40388	solar2560s	solar2560t	2010	osnovna šola	slovenščina	8. razred	esej ali spis	Ljubljana
KUS-OS-slo-8-LJ-E-2010-40389	solar2561s	solar2561t	2010	osnovna šola	slovenščina	8. razred	esej ali spis	Ljubljana
KUS-OS-slo-8-LJ-R-2009/2010-40455	solar2562s	solar2562t	2009/2010	osnovna šola	slovenščina	8. razred	delo v razredu	Ljubljana
KUS-OS-slo-8-LJ-R-2009/2010-40456	solar2563s	solar2563t	2009/2010	osnovna šola	slovenščina	8. razred	delo v razredu	Ljubljana
KUS-OS-slo-8-LJ-R-2009/2010-40457	solar2564s	solar2564t	2009/2010	osnovna šola	slovenščina	8. razred	delo v razredu	Ljubljana
KUS-OS-slo-8-LJ-R-2009/2010-40458	solar2565s	solar2565t	2009/2010	osnovna šola	slovenščina	8. razred	delo v razredu	Ljubljana
KUS-OS-slo-8-LJ-R-2009/2010-40459	solar2566s	solar2566t	2009/2010	osnovna šola	slovenščina	8. razred	delo v razredu	Ljubljana
KUS-OS-slo-8-LJ-R-2009/2010-40460	solar2567s	solar2567t	2009/2010	osnovna šola	slovenščina	8. razred	delo v razredu	Ljubljana
KUS-OS-slo-8-LJ-R-2009/2010-40461	solar2568s	solar2568t	2009/2010	osnovna šola	slovenščina	8. razred	delo v razredu	Ljubljana
KUS-OS-slo-8-LJ-R-2009/2010-40462	solar2569s	solar2569t	2009/2010	osnovna šola	slovenščina	8. razred	delo v razredu	Ljubljana
KUS-OS-slo-8-LJ-R-2009/2010-40463	solar2570s	solar2570t	2009/2010	osnovna šola	slovenščina	8. razred	delo v razredu	Ljubljana
KUS-OS-slo-8-LJ-R-2009/2010-40464	solar2571s	solar2571t	2009/2010	osnovna šola	slovenščina	8. razred	delo v razredu	Ljubljana
KUS-OS-slo-8-LJ-R-2009/2010-40465	solar2572s	solar2572t	2009/2010	osnovna šola	slovenščina	8. razred	delo v razredu	Ljubljana
KUS-OS-slo-8-LJ-R-2009/2010-40466	solar2573s	solar2573t	2009/2010	osnovna šola	slovenščina	8. razred	delo v razredu	Ljubljana
KUS-OS-slo-8-LJ-R-2009/2010-40467	solar2574s	solar2574t	2009/2010	osnovna šola	slovenščina	8. razred	delo v razredu	Ljubljana
KUS-OS-slo-8-LJ-R-2009/2010-40468	solar2575s	solar2575t	2009/2010	osnovna šola	slovenščina	8. razred	delo v razredu	Ljubljana
KUS-OS-slo-8-LJ-R-2009/2010-40469	solar2576s	solar2576t	2009/2010	osnovna šola	slovenščina	8. razred	delo v razredu	Ljubljana
KUS-OS-slo-8-LJ-R-2009/2010-40470	solar2577s	solar2577t	2009/2010	osnovna šola	slovenščina	8. razred	delo v razredu	Ljubljana
KUS-OS-slo-8-LJ-R-2009/2010-40471	solar2578s	solar2578t	2009/2010	osnovna šola	slovenščina	8. razred	delo v razredu	Ljubljana
KUS-OS-slo-8-LJ-R-2009/2010-40472	solar2579s	solar2579t	2009/2010	osnovna šola	slovenščina	8. razred	delo v razredu	Ljubljana
KUS-OS-slo-8-LJ-R-2009/2010-40473	solar2580s	solar2580t	2009/2010	osnovna šola	slovenščina	8. razred	delo v razredu	Ljubljana
KUS-OS-slo-8-LJ-R-2009/2010-40474	solar2581s	solar2581t	2009/2010	osnovna šola	slovenščina	8. razred	delo v razredu	Ljubljana
KUS-OS-slo-8-LJ-R-2009/2010-40475	solar2582s	solar2582t	2009/2010	osnovna šola	slovenščina	8. razred	delo v razredu	Ljubljana
KUS-OS-slo-8-LJ-R-2009/2010-40476	solar2583s	solar2583t	2009/2010	osnovna šola	slovenščina	8. razred	delo v razredu	Ljubljana
KUS-OS-slo-8-LJ-R-2009/2010-40477	solar2584s	solar2584t	2009/2010	osnovna šola	slovenščina	8. razred	delo v razredu	Ljubljana
KUS-OS-slo-8-LJ-R-2009/2010-40478	solar2585s	solar2585t	2009/2010	osnovna šola	slovenščina	8. razred	delo v razredu	Ljubljana
KUS-OS-slo-8-LJ-R-2009/2010-40479	solar2586s	solar2586t	2009/2010	osnovna šola	slovenščina	8. razred	delo v razredu	Ljubljana
KUS-OS-slo-8-LJ-R-2009/2010-40480	solar2587s	solar2587t	2009/2010	osnovna šola	slovenščina	8. razred	delo v razredu	Ljubljana
KUS-OS-slo-8-LJ-R-2009/2010-40481	solar2588s	solar2588t	2009/2010	osnovna šola	slovenščina	8. razred	delo v razredu	Ljubljana
KUS-OS-slo-8-LJ-R-2009/2010-40482	solar2589s	solar2589t	2009/2010	osnovna šola	slovenščina	8. razred	delo v razredu	Ljubljana
KUS-OS-slo-8-LJ-R-2009/2010-40483	solar2590s	solar2590t	2009/2010	osnovna šola	slovenščina	8. razred	delo v razredu	Ljubljana
KUS-OS-slo-8-LJ-R-2009/2010-40484	solar2591s	solar2591t	2009/2010	osnovna šola	slovenščina	8. razred	delo v razredu	Ljubljana
KUS-OS-slo-8-LJ-R-2009/2010-40485	solar2592s	solar2592t	2009/2010	osnovna šola	slovenščina	8. razred	delo v razredu	Ljubljana
KUS-OS-slo-8-LJ-R-2009/2010-40486	solar2593s	solar2593t	2009/2010	osnovna šola	slovenščina	8. razred	delo v razredu	Ljubljana
KUS-OS-slo-8-LJ-R-2009/2010-40487	solar2594s	solar2594t	2009/2010	osnovna šola	slovenščina	8. razred	delo v razredu	Ljubljana
KUS-OS-slo-8-LJ-R-2009/2010-40488	solar2595s	solar2595t	2009/2010	osnovna šola	slovenščina	8. razred	delo v razredu	Ljubljana
KUS-OS-slo-8-LJ-R-2009/2010-40489	solar2596s	solar2596t	2009/2010	osnovna šola	slovenščina	8. razred	delo v razredu	Ljubljana
KUS-OS-slo-8-LJ-R-2009/2010-40490	solar2597s	solar2597t	2009/2010	osnovna šola	slovenščina	8. razred	delo v razredu	Ljubljana
KUS-OS-DDE-8-MS-R-2009/2010-20491	solar2598s	solar2598t	2009/2010	osnovna šola	državljanska vzgoja in etika	8. razred	delo v razredu	Murska Sobota
KUS-OS-DDE-8-MS-R-2009/2010-20492	solar2599s	solar2599t	2009/2010	osnovna šola	državljanska vzgoja in etika	8. razred	delo v razredu	Murska Sobota
KUS-OS-DDE-8-MS-R-2009/2010-40493	solar2600s	solar2600t	2009/2010	osnovna šola	državljanska vzgoja in etika	8. razred	delo v razredu	Murska Sobota
KUS-OS-DDE-8-MS-R-2009/2010-40494	solar2601s	solar2601t	2009/2010	osnovna šola	državljanska vzgoja in etika	8. razred	delo v razredu	Murska Sobota
KUS-OS-DDE-8-MS-R-2009/2010-40495	solar2602s	solar2602t	2009/2010	osnovna šola	državljanska vzgoja in etika	8. razred	delo v razredu	Murska Sobota
KUS-OS-DDE-8-MS-R-2009/2010-40496	solar2603s	solar2603t	2009/2010	osnovna šola	državljanska vzgoja in etika	8. razred	delo v razredu	Murska Sobota
KUS-OS-DDE-8-MS-R-2009/2010-40497	solar2604s	solar2604t	2009/2010	osnovna šola	državljanska vzgoja in etika	8. razred	delo v razredu	Murska Sobota
KUS-OS-DDE-8-MS-R-2009/2010-40498	solar2605s	solar2605t	2009/2010	osnovna šola	državljanska vzgoja in etika	8. razred	delo v razredu	Murska Sobota
KUS-OS-DDE-8-MS-R-2009/2010-40499	solar2606s	solar2606t	2009/2010	osnovna šola	državljanska vzgoja in etika	8. razred	delo v razredu	Murska Sobota
KUS-OS-DDE-8-MS-R-2009/2010-40500	solar2607s	solar2607t	2009/2010	osnovna šola	državljanska vzgoja in etika	8. razred	delo v razredu	Murska Sobota
KUS-OS-DDE-8-MS-R-2009/2010-40501	solar2608s	solar2608t	2009/2010	osnovna šola	državljanska vzgoja in etika	8. razred	delo v razredu	Murska Sobota
KUS-OS-DDE-8-MS-R-2009/2010-40502	solar2609s	solar2609t	2009/2010	osnovna šola	državljanska vzgoja in etika	8. razred	delo v razredu	Murska Sobota
KUS-OS-DDE-8-MS-R-2009/2010-40503	solar2610s	solar2610t	2009/2010	osnovna šola	državljanska vzgoja in etika	8. razred	delo v razredu	Murska Sobota
KUS-OS-slo-7-MS-R-2009/2010-40504	solar2611s	solar2611t	2009/2010	osnovna šola	slovenščina	7. razred	delo v razredu	Murska Sobota
KUS-OS-kem-9-MS-R-2009/2010-40505	solar2612s	solar2612t	2009/2010	osnovna šola	kemija	9. razred	test	Murska Sobota
KUS-OS-slo-9-MS-R-2009/2010-40506	solar2613s	solar2613t	2009/2010	osnovna šola	kemija	9. razred	test	Murska Sobota
KUS-OS-slo-9-SMS-R-2009/2010-40507	solar2614s	solar2614t	2009/2010	osnovna šola	kemija	9. razred	test	Murska Sobota
KUS-OS-slo-9-MS-R-2009/2010-40508	solar2615s	solar2615t	2009/2010	osnovna šola	kemija	9. razred	test	Murska Sobota
KUS-OS-slo-9-MS-R-2009/2010-40509	solar2616s	solar2616t	2009/2010	osnovna šola	slovenščina	9. razred	delo v razredu	Murska Sobota
KUS-OS-slo-9-MS-R-2009/2010-40510	solar2617s	solar2617t	2009/2010	osnovna šola	slovenščina	9. razred	delo v razredu	Murska Sobota
KUS-OS-slo-9-MS-R-2009/2010-40511	solar2618s	solar2618t	2009/2010	osnovna šola	slovenščina	9. razred	delo v razredu	Murska Sobota
KUS-OS-slo-8-SG-R-2009/2010-40517	solar2619s	solar2619t	2009/2010	osnovna šola	slovenščina	8. razred	delo v razredu	Slovenj Gradec
KUS-OS-slo-8-SG-R-2009/2010-40518	solar2620s	solar2620t	2009/2010	osnovna šola	slovenščina	8. razred	delo v razredu	Slovenj Gradec
KUS-OS-slo-8-SG-E-2010-40520	solar2621s	solar2621t	2010	osnovna šola	slovenščina	8. razred	esej ali spis	Slovenj Gradec
KUS-OS-slo-8-SG-E-2010-40521	solar2622s	solar2622t	2010	osnovna šola	slovenščina	8. razred	esej ali spis	Slovenj Gradec
KUS-OS-slo-8-SG-E-2010-40522	solar2623s	solar2623t	2010	osnovna šola	slovenščina	8. razred	esej ali spis	Slovenj Gradec
KUS-OS-slo-8-SG-E-2010-40524	solar2624s	solar2624t	2010	osnovna šola	slovenščina	8. razred	esej ali spis	Slovenj Gradec
KUS-OS-slo-8-SG-E-2010-40527	solar2625s	solar2625t	2010	osnovna šola	slovenščina	8. razred	esej ali spis	Slovenj Gradec
KUS-OS-slo-8-SG-E-2009-40529	solar2626s	solar2626t	2009	osnovna šola	slovenščina	8. razred	esej ali spis	Slovenj Gradec
KUS-OS-slo-8-SG-E-2009-40530	solar2627s	solar2627t	2009	osnovna šola	slovenščina	8. razred	esej ali spis	Slovenj Gradec
KUS-OS-slo-8-SG-E-2009-40531	solar2628s	solar2628t	2009	osnovna šola	slovenščina	8. razred	esej ali spis	Slovenj Gradec
KUS-OS-slo-8-SG-E-2009-40532	solar2629s	solar2629t	2009	osnovna šola	slovenščina	8. razred	esej ali spis	Slovenj Gradec
KUS-OS-slo-8-SG-E-2009-40533	solar2630s	solar2630t	2009	osnovna šola	slovenščina	8. razred	esej ali spis	Slovenj Gradec
KUS-OS-slo-8-SG-E-2009-40534	solar2631s	solar2631t	2009	osnovna šola	slovenščina	8. razred	esej ali spis	Slovenj Gradec
KUS-OS-slo-8-SG-E-2009-40535	solar2632s	solar2632t	2009	osnovna šola	slovenščina	8. razred	esej ali spis	Slovenj Gradec
KUS-OS-slo-8-SG-E-2009-40536	solar2633s	solar2633t	2009	osnovna šola	slovenščina	8. razred	esej ali spis	Slovenj Gradec
KUS-OS-slo-8-SG-E-2009-40537	solar2634s	solar2634t	2009	osnovna šola	slovenščina	8. razred	esej ali spis	Slovenj Gradec
KUS-OS-slo-8-SG-R-2009-40544	solar2635s	solar2635t	2009	osnovna šola	slovenščina	8. razred	delo v razredu	Slovenj Gradec
KUS-OS-slo-9-SG-T-2009/2010-40545	solar2636s	solar2636t	2009/2010	osnovna šola	slovenščina	9. razred	test	Slovenj Gradec
KUS-OS-slo-9-SG-T-2009/2010-40546	solar2637s	solar2637t	2009/2010	osnovna šola	slovenščina	9. razred	test	Slovenj Gradec
KUS-OS-slo-9-SG-T-2009/2010-40547	solar2638s	solar2638t	2009/2010	osnovna šola	slovenščina	9. razred	test	Slovenj Gradec
KUS-OS-slo-9-SG-T-2009/2010-40548	solar2639s	solar2639t	2009/2010	osnovna šola	slovenščina	9. razred	test	Slovenj Gradec
KUS-OS-slo-9-SG-T-2009/2010-40549	solar2640s	solar2640t	2009/2010	osnovna šola	slovenščina	9. razred	test	Slovenj Gradec
KUS-OS-slo-9-SG-T-2009/2010-40550	solar2641s	solar2641t	2009/2010	osnovna šola	slovenščina	9. razred	test	Slovenj Gradec
KUS-OS-slo-9-SG-T-2009/2010-40551	solar2642s	solar2642t	2009/2010	osnovna šola	slovenščina	9. razred	test	Slovenj Gradec
KUS-OS-slo-9-SG-T-2009/2010-40556	solar2643s	solar2643t	2009/2010	osnovna šola	slovenščina	9. razred	test	Slovenj Gradec
KUS-OS-slo-9-SG-R-2009/2010-40557	solar2644s	solar2644t	2009/2010	osnovna šola	slovenščina	9. razred	delo v razredu	Slovenj Gradec
KUS-OS-slo-9-SG-R-2009/2010-40558	solar2645s	solar2645t	2009/2010	osnovna šola	slovenščina	9. razred	delo v razredu	Slovenj Gradec
KUS-OS-slo-9-SG-R-2009/2010-40559	solar2646s	solar2646t	2009/2010	osnovna šola	slovenščina	9. razred	delo v razredu	Slovenj Gradec
KUS-OS-slo-9-SG-R-2009/2010-40560	solar2647s	solar2647t	2009/2010	osnovna šola	slovenščina	9. razred	delo v razredu	Slovenj Gradec
KUS-OS-slo-9-SG-R-2009/2010-40561	solar2648s	solar2648t	2009/2010	osnovna šola	slovenščina	9. razred	delo v razredu	Slovenj Gradec
KUS-OS-slo-9-SG-R-2009/2010-40562	solar2649s	solar2649t	2009/2010	osnovna šola	slovenščina	9. razred	delo v razredu	Slovenj Gradec
KUS-OS-slo-9-SG-R-2009/2010-40563	solar2650s	solar2650t	2009/2010	osnovna šola	slovenščina	9. razred	delo v razredu	Slovenj Gradec
KUS-OS-slo-9-SG-R-2009/2010-40564	solar2651s	solar2651t	2009/2010	osnovna šola	slovenščina	9. razred	delo v razredu	Slovenj Gradec
KUS-OS-slo-9-SG-R-2009/2010-40565	solar2652s	solar2652t	2009/2010	osnovna šola	slovenščina	9. razred	delo v razredu	Slovenj Gradec
KUS-OS-slo-9-SG-R-2009/2010-40566	solar2653s	solar2653t	2009/2010	osnovna šola	slovenščina	9. razred	delo v razredu	Slovenj Gradec
KUS-OS-slo-9-SG-R-2009/2010-40567	solar2654s	solar2654t	2009/2010	osnovna šola	slovenščina	9. razred	delo v razredu	Slovenj Gradec
KUS-OS-DDE-8-GO-T-2010-40568	solar2655s	solar2655t	2010	osnovna šola	državljanska vzgoja in etika	8. razred	test	Gorica
KUS-OS-DDE-8-GO-T-2010-40569	solar2656s	solar2656t	2010	osnovna šola	državljanska vzgoja in etika	8. razred	test	Gorica
KUS-OS-DDE-8-GO-T-2010-40570	solar2657s	solar2657t	2010	osnovna šola	državljanska vzgoja in etika	8. razred	test	Gorica
KUS-OS-DDE-8-GO-T-2010-40571	solar2658s	solar2658t	2010	osnovna šola	državljanska vzgoja in etika	8. razred	test	Gorica
KUS-OS-DDE-8-GO-T-2010-40572	solar2659s	solar2659t	2010	osnovna šola	državljanska vzgoja in etika	8. razred	test	Gorica
KUS-OS-DDE-8-GO-T-2010-40573	solar2660s	solar2660t	2010	osnovna šola	državljanska vzgoja in etika	8. razred	test	Gorica
KUS-OS-DDE-8-GO-T-2010-40574	solar2661s	solar2661t	2010	osnovna šola	državljanska vzgoja in etika	8. razred	test	Gorica
KUS-OS-DDE-8-GO-T-2010-40575	solar2662s	solar2662t	2010	osnovna šola	državljanska vzgoja in etika	8. razred	test	Gorica
KUS-OS-DDE-8-GO-T-2010-40576	solar2663s	solar2663t	2010	osnovna šola	državljanska vzgoja in etika	8. razred	test	Gorica
KUS-OS-DDE-8-GO-T-2010-40577	solar2664s	solar2664t	2010	osnovna šola	državljanska vzgoja in etika	8. razred	test	Gorica
KUS-OS-DDE-8-GO-T-2010-40578	solar2665s	solar2665t	2010	osnovna šola	državljanska vzgoja in etika	8. razred	test	Gorica
KUS-OS-DDE-8-GO-T-2010-40579	solar2666s	solar2666t	2010	osnovna šola	državljanska vzgoja in etika	8. razred	test	Gorica
KUS-OS-DDE-8-GO-T-2010-40580	solar2667s	solar2667t	2010	osnovna šola	državljanska vzgoja in etika	8. razred	test	Gorica
KUS-OS-DDE-8-GO-T-2010-40581	solar2668s	solar2668t	2010	osnovna šola	državljanska vzgoja in etika	8. razred	test	Gorica
KUS-OS-DDE-8-GO-T-2010-40582	solar2669s	solar2669t	2010	osnovna šola	državljanska vzgoja in etika	8. razred	test	Gorica
KUS-OS-DDE-8-GO-T-2010-40583	solar2670s	solar2670t	2010	osnovna šola	državljanska vzgoja in etika	8. razred	test	Gorica
KUS-OS-DDE-8-GO-T-2010-40584	solar2671s	solar2671t	2010	osnovna šola	državljanska vzgoja in etika	8. razred	test	Gorica
KUS-OS-DDE-8-GO-T-2010-40585	solar2672s	solar2672t	2010	osnovna šola	državljanska vzgoja in etika	8. razred	test	Gorica
KUS-OS-DDE-8-GO-T-2010-40586	solar2673s	solar2673t	2010	osnovna šola	državljanska vzgoja in etika	8. razred	test	Gorica
KUS-OS-DDE-8-GO-T-2010-40587	solar2674s	solar2674t	2010	osnovna šola	državljanska vzgoja in etika	8. razred	test	Gorica
KUS-OS-DDE-7-GO-T-2010-40588	solar2675s	solar2675t	2010	osnovna šola	državljanska vzgoja in etika	7. razred	test	Gorica
KUS-OS-DDE-7-GO-T-2010-40589	solar2676s	solar2676t	2010	osnovna šola	državljanska vzgoja in etika	7. razred	test	Gorica
KUS-OS-DDE-7-GO-T-2010-40590	solar2677s	solar2677t	2010	osnovna šola	državljanska vzgoja in etika	7. razred	test	Gorica
KUS-OS-DDE-7-GO-T-2010-40591	solar2678s	solar2678t	2010	osnovna šola	državljanska vzgoja in etika	7. razred	test	Gorica
KUS-OS-DDE-7-GO-T-2010-40592	solar2679s	solar2679t	2010	osnovna šola	državljanska vzgoja in etika	7. razred	test	Gorica
KUS-OS-DDE-7-GO-T-2010-40593	solar2680s	solar2680t	2010	osnovna šola	državljanska vzgoja in etika	7. razred	test	Gorica
KUS-OS-DDE-7-GO-T-2010-40594	solar2681s	solar2681t	2010	osnovna šola	državljanska vzgoja in etika	7. razred	test	Gorica
KUS-OS-DDE-7-GO-T-2010-40595	solar2682s	solar2682t	2010	osnovna šola	državljanska vzgoja in etika	7. razred	test	Gorica
KUS-OS-DDE-7-GO-T-2010-40596	solar2683s	solar2683t	2010	osnovna šola	državljanska vzgoja in etika	7. razred	test	Gorica
KUS-OS-DDE-7-GO-T-2010-40597	solar2684s	solar2684t	2010	osnovna šola	državljanska vzgoja in etika	7. razred	test	Gorica
KUS-OS-DDE-7-GO-T-2010-40598	solar2685s	solar2685t	2010	osnovna šola	državljanska vzgoja in etika	7. razred	test	Gorica
KUS-OS-DDE-7-GO-T-2010-40599	solar2686s	solar2686t	2010	osnovna šola	državljanska vzgoja in etika	7. razred	test	Gorica
KUS-OS-DDE-7-GO-T-2010-40600	solar2687s	solar2687t	2010	osnovna šola	državljanska vzgoja in etika	7. razred	test	Gorica
KUS-OS-DDE-7-GO-T-2010-40601	solar2688s	solar2688t	2010	osnovna šola	državljanska vzgoja in etika	7. razred	test	Gorica
KUS-OS-DDE-7-GO-T-2010-40602	solar2689s	solar2689t	2010	osnovna šola	državljanska vzgoja in etika	7. razred	test	Gorica
KUS-OS-DDE-7-GO-T-2010-40603	solar2690s	solar2690t	2010	osnovna šola	državljanska vzgoja in etika	7. razred	test	Gorica
KUS-OS-DDE-7-GO-T-2010-40604	solar2691s	solar2691t	2010	osnovna šola	državljanska vzgoja in etika	7. razred	test	Gorica
KUS-OS-DDE-7-GO-T-2010-40605	solar2692s	solar2692t	2010	osnovna šola	državljanska vzgoja in etika	7. razred	test	Gorica
KUS-OS-DDE-7-GO-T-2010-40606	solar2693s	solar2693t	2010	osnovna šola	državljanska vzgoja in etika	7. razred	test	Gorica
KUS-OS-DDE-7-GO-T-2010-40607	solar2694s	solar2694t	2010	osnovna šola	državljanska vzgoja in etika	7. razred	test	Gorica
KUS-OS-DDE-7-GO-T-2010-40608	solar2695s	solar2695t	2010	osnovna šola	državljanska vzgoja in etika	7. razred	test	Gorica
KUS-OS-DDE-7-GO-T-2010-40609	solar2696s	solar2696t	2010	osnovna šola	državljanska vzgoja in etika	7. razred	test	Gorica
KUS-OS-DDE-7-GO-T-2010-40610	solar2697s	solar2697t	2010	osnovna šola	državljanska vzgoja in etika	7. razred	test	Gorica
KUS-OS-DDE-7-GO-T-2010-40612	solar2698s	solar2698t	2010	osnovna šola	državljanska vzgoja in etika	7. razred	test	Gorica
KUS-OS-DDE-7-GO-T-2010-40613	solar2699s	solar2699t	2010	osnovna šola	državljanska vzgoja in etika	7. razred	test	Gorica
KUS-OS-DDE-7-GO-T-2010-40614	solar2700s	solar2700t	2010	osnovna šola	državljanska vzgoja in etika	7. razred	test	Gorica
KUS-OS-DDE-7-GO-T-2010-40615	solar2701s	solar2701t	2010	osnovna šola	državljanska vzgoja in etika	7. razred	test	Gorica
KUS-OS-DDE-7-GO-T-2010-40616	solar2702s	solar2702t	2010	osnovna šola	državljanska vzgoja in etika	7. razred	test	Gorica
KUS-OS-slo-8-LJ-R-2009/2010-40618	solar2703s	solar2703t	2009/2010	osnovna šola	slovenščina	8. razred	delo v razredu	Ljubljana
S20-SI-slo-3-KK-E-2017_2018-22661-12.txt	solar2704s	solar2704t	2017/2018	strokovna šola	slovenščina	3. letnik	esej ali spis	Krško
S20-SI-slo-4-KK-E-2017_2018-22640-0.txt	solar2705s	solar2705t	2017/2018	strokovna šola	slovenščina	4. letnik	esej ali spis	Krško
KUS-PI-slo-2-KK-T-2009_2010-30329-0.txt	solar2706s	solar2706t	2009/2010	poklicna šola	slovenščina	2. letnik	praktično besedilo	Krško
S20-G-slo-1-LJ-PB-2016_2017-11762-0.txt	solar2707s	solar2707t	2016/2017	gimnazija	slovenščina	1. letnik	praktično besedilo	Ljubljana
S20-OS-slo-6-KR-D-2016_2017-41011-0.txt	solar2708s	solar2708t	2016/2017	osnovna šola	slovenščina	6. razred	praktično besedilo	Kranj
KUS-SI-slo-4-NM-E-2009_2010-21540-123.txt	solar2709s	solar2709t	2009/2010	strokovna šola	slovenščina	4. letnik	esej ali spis	Novo mesto
S20-SI-slo-4-LJ-E-2016_2017-22163-12.txt	solar2710s	solar2710t	2016/2017	strokovna šola	slovenščina	4. letnik	esej ali spis	Ljubljana
S20-PI-slo-4-KK-E-2016_2017-30389-0.txt	solar2711s	solar2711t	2016/2017	poklicna šola	slovenščina	4. letnik	esej ali spis	Krško
S20-SI-slo-4-LJ-PB-2016_2017-21950-0.txt	solar2712s	solar2712t	2016/2017	strokovna šola	slovenščina	4. letnik	praktično besedilo	Ljubljana
KUS-SI-soc-2-NM-T-2009_2010-21791-0.txt	solar2713s	solar2713t	2009/2010	strokovna šola	sociologija	2. letnik	test	Novo mesto
KUS-SI-soc-2-NM-T-2009_2010-21805-0.txt	solar2714s	solar2714t	2009/2010	strokovna šola	sociologija	2. letnik	test	Novo mesto
S20-SI-slo-3-SG-E-2017_2018-22723-12.txt	solar2715s	solar2715t	2017/2018	strokovna šola	slovenščina	3. letnik	esej ali spis	Slovenj Gradec
S20-PI-slo-5-KR-R-2017_2018-30531-0.txt	solar2716s	solar2716t	2017/2018	poklicna šola	slovenščina	5. letnik	delo v razredu	Kranj
S20-OS-slo-8-LJ-E-2017_2018-41241-12.txt	solar2717s	solar2717t	2017/2018	osnovna šola	slovenščina	8. razred	esej ali spis	Ljubljana
S20-G-slo-1-LJ-PB-2016_2017-11756-0.txt	solar2718s	solar2718t	2016/2017	gimnazija	slovenščina	1. letnik	praktično besedilo	Ljubljana
KUS-SI-slo-4-NM-E-2009_2010-21539-123.txt	solar2719s	solar2719t	2009/2010	strokovna šola	slovenščina	4. letnik	esej ali spis	Novo mesto
KUS-SI-soc-2-NM-T-2009_2010-21808-0.txt	solar2720s	solar2720t	2009/2010	strokovna šola	sociologija	2. letnik	test	Novo mesto
S20-SI-slo-3-SG-E-2017_2018-22715-12.txt	solar2721s	solar2721t	2017/2018	strokovna šola	slovenščina	3. letnik	esej ali spis	Slovenj Gradec
S20-PI-slo-1-SG-E-2017_2018-30467-12.txt	solar2722s	solar2722t	2017/2018	poklicna šola	slovenščina	1. letnik	esej ali spis	Slovenj Gradec
S20-SI-slo-4-LJ-E-2016_2017-22150-12.txt	solar2723s	solar2723t	2016/2017	strokovna šola	slovenščina	4. letnik	esej ali spis	Ljubljana
S20-SI-slo-3-KK-E-2016_2017-22302-12.txt	solar2724s	solar2724t	2016/2017	strokovna šola	slovenščina	3. letnik	esej ali spis	Krško
KUS-OS-slo-7-GO-R-2009_2010-40706-0.txt	solar2725s	solar2725t	2009/2010	osnovna šola	slovenščina	7. razred	delo v razredu	Gorica
KUS-G-zgo-MT-CE-T-2009_2010-11673-1234.txt	solar2726s	solar2726t	2009/2010	gimnazija	zgodovina	maturitetni tečaj	test	Celje
KUS-SI-slo-4-NM-T-2009_2010-21430-0.txt	solar2727s	solar2727t	2009/2010	strokovna šola	slovenščina	4. letnik	praktično besedilo	Novo mesto
KUS-SI-slo-3-LJ-E-2009_2010-21651-0.txt	solar2728s	solar2728t	2009/2010	strokovna šola	slovenščina	3. letnik	esej ali spis	Ljubljana
S20-SI-slo-4-KR-E-2016_2017-22478-0.txt	solar2729s	solar2729t	2016/2017	strokovna šola	slovenščina	4. letnik	esej ali spis	Kranj
KUS-SI-slo-1-NM-E-2009_2010-21576-0.txt	solar2730s	solar2730t	2009/2010	strokovna šola	slovenščina	1. letnik	esej ali spis	Novo mesto
S20-PI-slo-1-KK-E-2016_2017-30377-0.txt	solar2731s	solar2731t	2016/2017	poklicna šola	slovenščina	1. letnik	esej ali spis	Krško
S20-SI-slo-3-KK-D-2016_2017-22211-0.txt	solar2732s	solar2732t	2016/2017	strokovna šola	slovenščina	3. letnik	praktično besedilo	Krško
S20-SI-slo-4-LJ-PB-2016_2017-21904-0.txt	solar2733s	solar2733t	2016/2017	strokovna šola	slovenščina	4. letnik	praktično besedilo	Ljubljana
S20-SI-slo-4-LJ-E-2016_2017-22158-12.txt	solar2734s	solar2734t	2016/2017	strokovna šola	slovenščina	4. letnik	esej ali spis	Ljubljana
KUS-SI-slo-2-NM-E-2009_2010-21565-12.txt	solar2735s	solar2735t	2009/2010	strokovna šola	slovenščina	2. letnik	esej ali spis	Novo mesto
KUS-SI-slo-2-NM-E-2009_2010-21568-12.txt	solar2736s	solar2736t	2009/2010	strokovna šola	slovenščina	2. letnik	esej ali spis	Novo mesto
S20-NN-slo-3-KK-E-2016_2017-50012-0.txt	solar2737s	solar2737t	2016/2017	neznano	slovenščina	3. letnik	esej ali spis	Krško
S20-SI-slo-3-KR-E-2017_2018-22419-0.txt	solar2738s	solar2738t	2017/2018	strokovna šola	slovenščina	3. letnik	esej ali spis	Kranj
S20-SI-slo-4-LJ-E-2016_2017-21931-12.txt	solar2739s	solar2739t	2016/2017	strokovna šola	slovenščina	4. letnik	esej ali spis	Ljubljana
S20-SI-slo-4-LJ-PB-2016_2017-22000-0.txt	solar2740s	solar2740t	2016/2017	strokovna šola	slovenščina	4. letnik	praktično besedilo	Ljubljana
KUS-OS-slo-6-KR-R-2009_2010-40623-0.txt	solar2741s	solar2741t	2009/2010	osnovna šola	slovenščina	6. razred	delo v razredu	Kranj
S20-OS-slo-8-LJ-E-2016_2017-40982-12.txt	solar2742s	solar2742t	2016/2017	osnovna šola	slovenščina	8. razred	esej ali spis	Ljubljana
KUS-SI-slo-1-NM-R-2009_2010-21343-0.txt	solar2743s	solar2743t	2009/2010	strokovna šola	slovenščina	1. letnik	delo v razredu	Novo mesto
S20-SI-slo-3-KK-E-2016_2017-22268-0.txt	solar2744s	solar2744t	2016/2017	strokovna šola	slovenščina	3. letnik	esej ali spis	Krško
S20-OS-slo-9-CE-D-2016_2017-40873-0.txt	solar2745s	solar2745t	2016/2017	osnovna šola	slovenščina	9. razred	praktično besedilo	Celje
S20-SI-slo-4-KR-E-2017_2018-22701-0.txt	solar2746s	solar2746t	2017/2018	strokovna šola	slovenščina	4. letnik	esej ali spis	Kranj
S20-PI-slo-2-KR-E-2017_2018-30433-0.txt	solar2747s	solar2747t	2017/2018	poklicna šola	slovenščina	2. letnik	esej ali spis	Kranj
S20-SI-slo-4-LJ-E-2016_2017-22113-12.txt	solar2748s	solar2748t	2016/2017	strokovna šola	slovenščina	4. letnik	esej ali spis	Ljubljana
S20-OS-slo-9-CE-D-2016_2017-40881-0.txt	solar2749s	solar2749t	2016/2017	osnovna šola	slovenščina	9. razred	praktično besedilo	Celje
KUS-SI-soc-2-NM-T-2009_2010-21792-0.txt	solar2750s	solar2750t	2009/2010	strokovna šola	sociologija	2. letnik	test	Novo mesto
S20-PI-slo-4-KR-E-2016_2017-30440-N.txt	solar2751s	solar2751t	2016/2017	poklicna šola	slovenščina	4. letnik	esej ali spis	Kranj
KUS-SI-slo-4-NM-T-2009_2010-21448-0.txt	solar2752s	solar2752t	2009/2010	strokovna šola	slovenščina	4. letnik	praktično besedilo	Novo mesto
S20-SI-slo-4-SG-E-2017_2018-22739-0.txt	solar2753s	solar2753t	2017/2018	strokovna šola	slovenščina	4. letnik	esej ali spis	Slovenj Gradec
S20-SI-slo-4-LJ-PB-2016_2017-22030-0.txt	solar2754s	solar2754t	2016/2017	strokovna šola	slovenščina	4. letnik	praktično besedilo	Ljubljana
KUS-G-slo-2-GO-T-2009_2010-11637-0.txt	solar2755s	solar2755t	2009/2010	gimnazija	slovenščina	2. letnik	praktično besedilo	Gorica
S20-NN-slo-4-KK-E-2016_2017-50026-0.txt	solar2756s	solar2756t	2016/2017	neznano	slovenščina	4. letnik	esej ali spis	Krško
S20-NN-slo-4-KK-E-2016_2017-50051-0.txt	solar2757s	solar2757t	2016/2017	neznano	slovenščina	4. letnik	esej ali spis	Krško
KUS-SI-slo-3-LJ-E-2009_2010-21657-12.txt	solar2758s	solar2758t	2009/2010	strokovna šola	slovenščina	3. letnik	esej ali spis	Ljubljana
S20-SI-slo-3-SG-E-2017_2018-22773-12.txt	solar2759s	solar2759t	2017/2018	strokovna šola	slovenščina	3. letnik	esej ali spis	Slovenj Gradec
S20-SI-oti-2-KR-T-2016_2017-22370-0.txt	solar2760s	solar2760t	2016/2017	strokovna šola	obdelava turističnih informacij	2. letnik	test	Kranj
S20-OS-slo-8-PO-E-2017_2018-41129-12.txt	solar2761s	solar2761t	2017/2018	osnovna šola	slovenščina	8. razred	esej ali spis	Postojna
KUS-G-zgo-1-LJ-T-2009_2010-11689-12.txt	solar2762s	solar2762t	2009/2010	gimnazija	zgodovina	1. letnik	test	Ljubljana
KUS-SI-soc-2-NM-T-2009_2010-21868-0.txt	solar2763s	solar2763t	2009/2010	strokovna šola	sociologija	2. letnik	test	Novo mesto
KUS-OS-slo-8-GO-R-2009_2010-40714-12.txt	solar2764s	solar2764t	2009/2010	osnovna šola	slovenščina	8. razred	delo v razredu	Gorica
S20-SI-slo-1-SG-E-2017_2018-22540-12.txt	solar2765s	solar2765t	2017/2018	strokovna šola	slovenščina	1. letnik	esej ali spis	Slovenj Gradec
S20-G-slo-1-LJ-E-2016_2017-11798-12.txt	solar2766s	solar2766t	2016/2017	gimnazija	slovenščina	1. letnik	esej ali spis	Ljubljana
KUS-PI-slo-1-NM-R-2009_2010-30238-0.txt	solar2767s	solar2767t	2009/2010	poklicna šola	slovenščina	1. letnik	delo v razredu	Novo mesto
S20-G-slo-4-LJ-PB-2017_2018-11843-0.txt	solar2768s	solar2768t	2017/2018	gimnazija	slovenščina	4. letnik	praktično besedilo	Ljubljana
S20-SI-slo-3-SG-E-2017_2018-22775-12.txt	solar2769s	solar2769t	2017/2018	strokovna šola	slovenščina	3. letnik	esej ali spis	Slovenj Gradec
S20-SI-slo-4-LJ-E-2016_2017-22160-0.txt	solar2770s	solar2770t	2016/2017	strokovna šola	slovenščina	4. letnik	esej ali spis	Ljubljana
KUS-SI-slo-2-NM-E-2009_2010-21552-0.txt	solar2771s	solar2771t	2009/2010	strokovna šola	slovenščina	2. letnik	esej ali spis	Novo mesto
S20-SI-slo-4-LJ-PB-2016_2017-21956-0.txt	solar2772s	solar2772t	2016/2017	strokovna šola	slovenščina	4. letnik	praktično besedilo	Ljubljana
S20-SI-slo-4-LJ-E-2016_2017-21935-12.txt	solar2773s	solar2773t	2016/2017	strokovna šola	slovenščina	4. letnik	esej ali spis	Ljubljana
S20-OS-ods-6-LJ-E-2016_2017-40905-12.txt	solar2774s	solar2774t	2016/2017	osnovna šola	drugo	6. razred	esej ali spis	Ljubljana
S20-SI-slo-1-LJ-E-2016_2017-21893-12.txt	solar2775s	solar2775t	2016/2017	strokovna šola	slovenščina	1. letnik	esej ali spis	Ljubljana
S20-G-slo-4-KK-E-2016_2017-11818-12.txt	solar2776s	solar2776t	2016/2017	gimnazija	slovenščina	4. letnik	esej ali spis	Krško
KUS-OS-slo-9-NM-E-2009_2010-40803-12.txt	solar2777s	solar2777t	2009/2010	osnovna šola	slovenščina	9. razred	esej ali spis	Novo mesto
S20-SI-slo-3-SG-E-2016_2017-22587-12.txt	solar2778s	solar2778t	2016/2017	strokovna šola	slovenščina	3. letnik	esej ali spis	Slovenj Gradec
S20-NN-slo-4-KK-E-2016_2017-50037-0.txt	solar2779s	solar2779t	2016/2017	neznano	slovenščina	4. letnik	esej ali spis	Krško
S20-SI-slo-3-KK-E-2016_2017-22262-0.txt	solar2780s	solar2780t	2016/2017	strokovna šola	slovenščina	3. letnik	esej ali spis	Krško
KUS-G-slo-4-LJ-E-2009_2010-11576-12.txt	solar2781s	solar2781t	2009/2010	gimnazija	slovenščina	4. letnik	esej ali spis	Ljubljana
KUS-PI-slo-1-NM-R-2009_2010-30209-12.txt	solar2782s	solar2782t	2009/2010	poklicna šola	slovenščina	1. letnik	delo v razredu	Novo mesto
S20-G-slo-1-LJ-PB-2016_2017-11759-0.txt	solar2783s	solar2783t	2016/2017	gimnazija	slovenščina	1. letnik	praktično besedilo	Ljubljana
KUS-OS-slo-8-NM-E-2009_2010-40748-12.txt	solar2784s	solar2784t	2009/2010	osnovna šola	slovenščina	8. razred	esej ali spis	Novo mesto
KUS-SI-slo-4-NM-R-2009_2010-21417-0.txt	solar2785s	solar2785t	2009/2010	strokovna šola	slovenščina	4. letnik	delo v razredu	Novo mesto
S20-OS-slo-6-PO-R-2016_2017-41093-0.txt	solar2786s	solar2786t	2016/2017	osnovna šola	slovenščina	6. razred	delo v razredu	Postojna
KUS-SI-slo-4-NM-T-2009_2010-21431-0.txt	solar2787s	solar2787t	2009/2010	strokovna šola	slovenščina	4. letnik	praktično besedilo	Novo mesto
S20-OS-slo-8-LJ-PB-2016_2017-41004-0.txt	solar2788s	solar2788t	2016/2017	osnovna šola	slovenščina	8. razred	praktično besedilo	Ljubljana
S20-OS-slo-7-LJ-E-2017_2018-41223-12.txt	solar2789s	solar2789t	2017/2018	osnovna šola	slovenščina	7. razred	esej ali spis	Ljubljana
KUS-SI-slo-4-NM-E-2009_2010-21536-123.txt	solar2790s	solar2790t	2009/2010	strokovna šola	slovenščina	4. letnik	esej ali spis	Novo mesto
S20-SI-slo-4-LJ-PB-2016_2017-21953-0.txt	solar2791s	solar2791t	2016/2017	strokovna šola	slovenščina	4. letnik	praktično besedilo	Ljubljana
S20-SI-slo-4-LJ-E-2016_2017-22164-12.txt	solar2792s	solar2792t	2016/2017	strokovna šola	slovenščina	4. letnik	esej ali spis	Ljubljana
S20-OS-slo-8-PO-E-2017_2018-41133-12.txt	solar2793s	solar2793t	2017/2018	osnovna šola	slovenščina	8. razred	esej ali spis	Postojna
S20-G-slo-1-LJ-PB-2016_2017-11775-0.txt	solar2794s	solar2794t	2016/2017	gimnazija	slovenščina	1. letnik	praktično besedilo	Ljubljana
KUS-SI-soc-2-NM-T-2009_2010-21847-0.txt	solar2795s	solar2795t	2009/2010	strokovna šola	sociologija	2. letnik	test	Novo mesto
S20-SI-slo-3-KK-E-2017_2018-22646-0.txt	solar2796s	solar2796t	2017/2018	strokovna šola	slovenščina	3. letnik	esej ali spis	Krško
S20-PI-slo-2-SG-E-2016_2017-30488-0.txt	solar2797s	solar2797t	2016/2017	poklicna šola	slovenščina	2. letnik	esej ali spis	Slovenj Gradec
S20-SI-slo-1-SG-E-2017_2018-22549-12.txt	solar2798s	solar2798t	2017/2018	strokovna šola	slovenščina	1. letnik	esej ali spis	Slovenj Gradec
KUS-G-slo-2-LJ-R-2009_2010-11597-0.txt	solar2799s	solar2799t	2009/2010	gimnazija	slovenščina	2. letnik	delo v razredu	Ljubljana
S20-SI-slo-2-KR-E-2016_2017-22347-0.txt	solar2800s	solar2800t	2016/2017	strokovna šola	slovenščina	2. letnik	esej ali spis	Kranj
S20-SI-slo-3-KK-D-2016_2017-22210-0.txt	solar2801s	solar2801t	2016/2017	strokovna šola	slovenščina	3. letnik	praktično besedilo	Krško
KUS-SI-slo-1-NM-R-2009_2010-21355-12.txt	solar2802s	solar2802t	2009/2010	strokovna šola	slovenščina	1. letnik	delo v razredu	Novo mesto
KUS-PI-slo-1-KK-T-2009_2010-30348-12.txt	solar2803s	solar2803t	2009/2010	poklicna šola	slovenščina	1. letnik	test	Krško
KUS-G-zgo-1-LJ-T-2009_2010-11697-12.txt	solar2804s	solar2804t	2009/2010	gimnazija	zgodovina	1. letnik	test	Ljubljana
S20-SI-slo-4-KR-PB-2016_2017-22457-0.txt	solar2805s	solar2805t	2016/2017	strokovna šola	slovenščina	4. letnik	praktično besedilo	Kranj
KUS-OS-slo-7-GO-R-2009_2010-40698-12.txt	solar2806s	solar2806t	2009/2010	osnovna šola	slovenščina	7. razred	delo v razredu	Gorica
S20-SI-gnp-2-KR-T-2016_2017-22380-0.txt	solar2807s	solar2807t	2016/2017	strokovna šola	gostinsko poslovanje	2. letnik	test	Kranj
KUS-OS-slo-7-KP-E-2009_2010-40657-0.txt	solar2808s	solar2808t	2009/2010	osnovna šola	slovenščina	7. razred	esej ali spis	Koper
KUS-OS-slo-8-KP-E-2009_2010-40688-12.txt	solar2809s	solar2809t	2009/2010	osnovna šola	slovenščina	8. razred	esej ali spis	Koper
S20-G-slo-1-LJ-PB-2016_2017-11763-0.txt	solar2810s	solar2810t	2016/2017	gimnazija	slovenščina	1. letnik	praktično besedilo	Ljubljana
S20-PI-slo-4-SG-E-2016_2017-30499-12.txt	solar2811s	solar2811t	2016/2017	poklicna šola	slovenščina	4. letnik	esej ali spis	Slovenj Gradec
S20-SI-slo-4-KR-D-2016_2017-22494-0.txt	solar2812s	solar2812t	2016/2017	strokovna šola	slovenščina	4. letnik	praktično besedilo	Kranj
S20-OS-slo-8-LJ-E-2017_2018-41240-12.txt	solar2813s	solar2813t	2017/2018	osnovna šola	slovenščina	8. razred	esej ali spis	Ljubljana
S20-PI-slo-4-KK-E-2016_2017-30383-0.txt	solar2814s	solar2814t	2016/2017	poklicna šola	slovenščina	4. letnik	esej ali spis	Krško
S20-SI-slo-3-SG-E-2017_2018-22716-0.txt	solar2815s	solar2815t	2017/2018	strokovna šola	slovenščina	3. letnik	esej ali spis	Slovenj Gradec
KUS-OS-slo-7-GO-R-2009_2010-40704-12.txt	solar2816s	solar2816t	2009/2010	osnovna šola	slovenščina	7. razred	delo v razredu	Gorica
S20-SI-slo-1-LJ-E-2016_2017-21888-12.txt	solar2817s	solar2817t	2016/2017	strokovna šola	slovenščina	1. letnik	esej ali spis	Ljubljana
KUS-G-slo-4-LJ-E-2009_2010-11573-12.txt	solar2818s	solar2818t	2009/2010	gimnazija	slovenščina	4. letnik	esej ali spis	Ljubljana
S20-PI-slo-4-KK-E-2016_2017-30390-0.txt	solar2819s	solar2819t	2016/2017	poklicna šola	slovenščina	4. letnik	esej ali spis	Krško
S20-OS-slo-6-KR-PB-2016_2017-41027-0.txt	solar2820s	solar2820t	2016/2017	osnovna šola	slovenščina	6. razred	praktično besedilo	Kranj
S20-SI-slo-4-KK-E-2017_2018-22642-0.txt	solar2821s	solar2821t	2017/2018	strokovna šola	slovenščina	4. letnik	esej ali spis	Krško
KUS-SI-slo-4-NM-T-2009_2010-21440-0.txt	solar2822s	solar2822t	2009/2010	strokovna šola	slovenščina	4. letnik	praktično besedilo	Novo mesto
S20-SI-slo-3-KR-E-2017_2018-22687-0.txt	solar2823s	solar2823t	2017/2018	strokovna šola	slovenščina	3. letnik	esej ali spis	Kranj
KUS-SI-slo-4-KK-T-2009_2010-21684-0.txt	solar2824s	solar2824t	2009/2010	strokovna šola	slovenščina	4. letnik	praktično besedilo	Krško
KUS-G-slo-4-LJ-E-2009_2010-11558-123.txt	solar2825s	solar2825t	2009/2010	gimnazija	slovenščina	4. letnik	esej ali spis	Ljubljana
S20-G-slo-4-LJ-PB-2017_2018-11845-0.txt	solar2826s	solar2826t	2017/2018	gimnazija	slovenščina	4. letnik	praktično besedilo	Ljubljana
KUS-SI-soc-2-NM-T-2009_2010-21831-0.txt	solar2827s	solar2827t	2009/2010	strokovna šola	sociologija	2. letnik	test	Novo mesto
KUS-SI-soc-2-NM-T-2009_2010-21776-0.txt	solar2828s	solar2828t	2009/2010	strokovna šola	sociologija	2. letnik	test	Novo mesto
KUS-G-zgo-MT-CE-T-2009_2010-11675-1234.txt	solar2829s	solar2829t	2009/2010	gimnazija	zgodovina	maturitetni tečaj	test	Celje
S20-PI-slo-5-SG-E-2017_2018-30538-12.txt	solar2830s	solar2830t	2017/2018	poklicna šola	slovenščina	5. letnik	esej ali spis	Slovenj Gradec
KUS-SI-slo-1-NM-R-2009_2010-21362-0.txt	solar2831s	solar2831t	2009/2010	strokovna šola	slovenščina	1. letnik	delo v razredu	Novo mesto
KUS-SI-soc-2-NM-T-2009_2010-21843-0.txt	solar2832s	solar2832t	2009/2010	strokovna šola	sociologija	2. letnik	test	Novo mesto
KUS-OS-slo-7-GO-R-2009_2010-40694-12.txt	solar2833s	solar2833t	2009/2010	osnovna šola	slovenščina	7. razred	delo v razredu	Gorica
KUS-PI-slo-2-NM-E-2009_2010-30298-123.txt	solar2834s	solar2834t	2009/2010	poklicna šola	slovenščina	2. letnik	esej ali spis	Novo mesto
S20-PI-slo-4-KK-E-2016_2017-30417-0.txt	solar2835s	solar2835t	2016/2017	poklicna šola	slovenščina	4. letnik	esej ali spis	Krško
KUS-SI-slo-4-NM-R-2009_2010-21409-0.txt	solar2836s	solar2836t	2009/2010	strokovna šola	slovenščina	4. letnik	delo v razredu	Novo mesto
KUS-SI-soc-2-NM-T-2009_2010-21743-0.txt	solar2837s	solar2837t	2009/2010	strokovna šola	sociologija	2. letnik	test	Novo mesto
S20-OS-slo-9-CE-D-2016_2017-40879-0.txt	solar2838s	solar2838t	2016/2017	osnovna šola	slovenščina	9. razred	praktično besedilo	Celje
S20-PI-slo-1-SG-E-2017_2018-30462-12.txt	solar2839s	solar2839t	2017/2018	poklicna šola	slovenščina	1. letnik	esej ali spis	Slovenj Gradec
KUS-SI-soc-2-NM-T-2009_2010-21833-0.txt	solar2840s	solar2840t	2009/2010	strokovna šola	sociologija	2. letnik	test	Novo mesto
S20-OS-slo-9-LJ-E-2017_2018-41257-123.txt	solar2841s	solar2841t	2017/2018	osnovna šola	slovenščina	9. razred	esej ali spis	Ljubljana
S20-SI-slo-3-KR-E-2017_2018-22420-0.txt	solar2842s	solar2842t	2017/2018	strokovna šola	slovenščina	3. letnik	esej ali spis	Kranj
KUS-PI-slo-1-NM-R-2009_2010-30195-0.txt	solar2843s	solar2843t	2009/2010	poklicna šola	slovenščina	1. letnik	delo v razredu	Novo mesto
S20-PI-slo-5-KR-R-2017_2018-30527-0.txt	solar2844s	solar2844t	2017/2018	poklicna šola	slovenščina	5. letnik	delo v razredu	Kranj
S20-OS-bio-9-LJ-E-2016_2017-40947-0.txt	solar2845s	solar2845t	2016/2017	osnovna šola	biologija	9. razred	esej ali spis	Ljubljana
S20-SI-slo-4-KK-E-2017_2018-22637-0.txt	solar2846s	solar2846t	2017/2018	strokovna šola	slovenščina	4. letnik	esej ali spis	Krško
S20-SI-slo-3-KK-E-2016_2017-22237-0.txt	solar2847s	solar2847t	2016/2017	strokovna šola	slovenščina	3. letnik	esej ali spis	Krško
S20-SI-piz-4-KR-T-2017_2018-22705-0.txt	solar2848s	solar2848t	2017/2018	strokovna šola	podjetništvo in zakonodaja	4. letnik	test	Kranj
KUS-SI-slo-4-NM-T-2009_2010-21435-0.txt	solar2849s	solar2849t	2009/2010	strokovna šola	slovenščina	4. letnik	praktično besedilo	Novo mesto
S20-OS-ods-6-LJ-E-2016_2017-40926-0.txt	solar2850s	solar2850t	2016/2017	osnovna šola	drugo	6. razred	esej ali spis	Ljubljana
KUS-PI-slo-1-NM-R-2009_2010-30215-0.txt	solar2851s	solar2851t	2009/2010	poklicna šola	slovenščina	1. letnik	delo v razredu	Novo mesto
S20-OS-slo-9-PO-T-2016_2017-40966-0.txt	solar2852s	solar2852t	2016/2017	osnovna šola	slovenščina	9. razred	praktično besedilo	Postojna
S20-NN-slo-3-KK-E-2016_2017-50009-N.txt	solar2853s	solar2853t	2016/2017	neznano	slovenščina	3. letnik	esej ali spis	Krško
S20-OS-slo-7-LJ-E-2017_2018-41235-12.txt	solar2854s	solar2854t	2017/2018	osnovna šola	slovenščina	7. razred	esej ali spis	Ljubljana
KUS-PI-slo-2-KK-T-2009_2010-30326-0.txt	solar2855s	solar2855t	2009/2010	poklicna šola	slovenščina	2. letnik	praktično besedilo	Krško
S20-SI-kzn-4-KR-T-2016_2017-22512-12.txt	solar2856s	solar2856t	2016/2017	strokovna šola	kakovost v zdravstveni negi	4. letnik	test	Kranj
KUS-SI-slo-4-KK-T-2009_2010-21691-0.txt	solar2857s	solar2857t	2009/2010	strokovna šola	slovenščina	4. letnik	praktično besedilo	Krško
S20-SI-slo-3-KK-E-2016_2017-22259-0.txt	solar2858s	solar2858t	2016/2017	strokovna šola	slovenščina	3. letnik	esej ali spis	Krško
S20-OS-slo-6-KR-D-2016_2017-41047-0.txt	solar2859s	solar2859t	2016/2017	osnovna šola	slovenščina	6. razred	praktično besedilo	Kranj
KUS-G-slo-2-LJ-R-2009_2010-11584-0.txt	solar2860s	solar2860t	2009/2010	gimnazija	slovenščina	2. letnik	delo v razredu	Ljubljana
KUS-SI-slo-4-KK-E-2009_2010-21730-123.txt	solar2861s	solar2861t	2009/2010	strokovna šola	slovenščina	4. letnik	esej ali spis	Krško
KUS-SI-soc-2-NM-T-2009_2010-21770-0.txt	solar2862s	solar2862t	2009/2010	strokovna šola	sociologija	2. letnik	test	Novo mesto
S20-G-slo-1-LJ-PB-2016_2017-11782-0.txt	solar2863s	solar2863t	2016/2017	gimnazija	slovenščina	1. letnik	praktično besedilo	Ljubljana
S20-OS-slo-9-PO-R-2016_2017-41098-0.txt	solar2864s	solar2864t	2016/2017	osnovna šola	slovenščina	9. razred	delo v razredu	Postojna
KUS-SI-soc-2-NM-T-2009_2010-21851-0.txt	solar2865s	solar2865t	2009/2010	strokovna šola	sociologija	2. letnik	test	Novo mesto
S20-SI-slo-3-KK-E-2017_2018-22643-12.txt	solar2866s	solar2866t	2017/2018	strokovna šola	slovenščina	3. letnik	esej ali spis	Krško
KUS-SI-slo-4-NM-T-2009_2010-21460-0.txt	solar2867s	solar2867t	2009/2010	strokovna šola	slovenščina	4. letnik	praktično besedilo	Novo mesto
KUS-SI-soc-2-NM-T-2009_2010-21756-0.txt	solar2868s	solar2868t	2009/2010	strokovna šola	sociologija	2. letnik	test	Novo mesto
S20-SI-slo-4-SG-E-2016_2017-22604-12.txt	solar2869s	solar2869t	2016/2017	strokovna šola	slovenščina	4. letnik	esej ali spis	Slovenj Gradec
KUS-PI-slo-2-NM-R-2009_2010-30249-0.txt	solar2870s	solar2870t	2009/2010	poklicna šola	slovenščina	2. letnik	delo v razredu	Novo mesto
KUS-PI-slo-1-KK-T-2009_2010-30338-0.txt	solar2871s	solar2871t	2009/2010	poklicna šola	slovenščina	1. letnik	test	Krško
S20-SI-slo-4-SG-E-2016_2017-22598-12.txt	solar2872s	solar2872t	2016/2017	strokovna šola	slovenščina	4. letnik	esej ali spis	Slovenj Gradec
KUS-G-slo-2-LJ-R-2009_2010-11583-0.txt	solar2873s	solar2873t	2009/2010	gimnazija	slovenščina	2. letnik	delo v razredu	Ljubljana
KUS-SI-slo-4-NM-R-2009_2010-21424-0.txt	solar2874s	solar2874t	2009/2010	strokovna šola	slovenščina	4. letnik	delo v razredu	Novo mesto
S20-OS-slo-6-LJ-E-2017_2018-41173-12.txt	solar2875s	solar2875t	2017/2018	osnovna šola	slovenščina	6. razred	esej ali spis	Ljubljana
S20-SI-slo-3-KK-E-2016_2017-22274-0.txt	solar2876s	solar2876t	2016/2017	strokovna šola	slovenščina	3. letnik	esej ali spis	Krško
S20-OS-slo-9-CE-D-2016_2017-40900-12.txt	solar2877s	solar2877t	2016/2017	osnovna šola	slovenščina	9. razred	esej ali spis	Celje
S20-OS-slo-8-LJ-E-2016_2017-41163-12.txt	solar2878s	solar2878t	2016/2017	osnovna šola	slovenščina	8. razred	esej ali spis	Ljubljana
S20-OS-slo-6-LJ-E-2017_2018-41206-12.txt	solar2879s	solar2879t	2017/2018	osnovna šola	slovenščina	6. razred	esej ali spis	Ljubljana
S20-SI-slo-2-KK-E-2016_2017-22186-12.txt	solar2880s	solar2880t	2016/2017	strokovna šola	slovenščina	2. letnik	esej ali spis	Krško
S20-PI-slo-4-KR-E-2016_2017-30452-0.txt	solar2881s	solar2881t	2016/2017	poklicna šola	slovenščina	4. letnik	esej ali spis	Kranj
KUS-G-slo-4-LJ-E-2009_2010-11550-123.txt	solar2882s	solar2882t	2009/2010	gimnazija	slovenščina	4. letnik	esej ali spis	Ljubljana
KUS-SI-slo-4-KK-T-2009_2010-21659-0.txt	solar2883s	solar2883t	2009/2010	strokovna šola	slovenščina	4. letnik	praktično besedilo	Krško
S20-SI-slo-3-KK-E-2016_2017-22217-12.txt	solar2884s	solar2884t	2016/2017	strokovna šola	slovenščina	3. letnik	esej ali spis	Krško
S20-SI-slo-4-KR-E-2016_2017-22455-0.txt	solar2885s	solar2885t	2016/2017	strokovna šola	slovenščina	4. letnik	esej ali spis	Kranj
S20-OS-slo-8-PO-T-2016_2017-40954-0.txt	solar2886s	solar2886t	2016/2017	osnovna šola	slovenščina	8. razred	praktično besedilo	Postojna
KUS-PI-slo-1-NM-R-2009_2010-30205-0.txt	solar2887s	solar2887t	2009/2010	poklicna šola	slovenščina	1. letnik	delo v razredu	Novo mesto
KUS-SI-slo-2-NM-R-2009_2010-21380-0.txt	solar2888s	solar2888t	2009/2010	strokovna šola	slovenščina	2. letnik	delo v razredu	Novo mesto
S20-SI-slo-3-KK-E-2016_2017-22257-0.txt	solar2889s	solar2889t	2016/2017	strokovna šola	slovenščina	3. letnik	esej ali spis	Krško
S20-SI-piz-4-KR-T-2017_2018-22711-0.txt	solar2890s	solar2890t	2017/2018	strokovna šola	podjetništvo in zakonodaja	4. letnik	test	Kranj
S20-PI-slo-4-KR-E-2016_2017-30446-0.txt	solar2891s	solar2891t	2016/2017	poklicna šola	slovenščina	4. letnik	esej ali spis	Kranj
S20-SI-slo-2-SG-E-2017_2018-22554-12.txt	solar2892s	solar2892t	2017/2018	strokovna šola	slovenščina	2. letnik	esej ali spis	Slovenj Gradec
S20-OS-slo-7-LJ-E-2016_2017-41151-12.txt	solar2893s	solar2893t	2016/2017	osnovna šola	slovenščina	7. razred	esej ali spis	Ljubljana
KUS-SI-slo-2-NM-E-2009_2010-21626-0.txt	solar2894s	solar2894t	2009/2010	strokovna šola	slovenščina	2. letnik	esej ali spis	Novo mesto
S20-OS-slo-9-LJ-E-2017_2018-41260-1234.txt	solar2895s	solar2895t	2017/2018	osnovna šola	slovenščina	9. razred	esej ali spis	Ljubljana
KUS-SI-slo-1-NM-E-2009_2010-21591-0.txt	solar2896s	solar2896t	2009/2010	strokovna šola	slovenščina	1. letnik	esej ali spis	Novo mesto
S20-SI-slo-4-LJ-E-2016_2017-21932-12.txt	solar2897s	solar2897t	2016/2017	strokovna šola	slovenščina	4. letnik	esej ali spis	Ljubljana
KUS-SI-slo-2-NM-R-2009_2010-21382-0.txt	solar2898s	solar2898t	2009/2010	strokovna šola	slovenščina	2. letnik	delo v razredu	Novo mesto
S20-SI-slo-2-SG-E-2016_2017-22571-12.txt	solar2899s	solar2899t	2016/2017	strokovna šola	slovenščina	2. letnik	esej ali spis	Slovenj Gradec
KUS-SI-slo-4-NM-E-2009_2010-21601-0.txt	solar2900s	solar2900t	2009/2010	strokovna šola	slovenščina	4. letnik	esej ali spis	Novo mesto
S20-PI-slo-2-SG-D-2016_2017-30480-0.txt	solar2901s	solar2901t	2016/2017	poklicna šola	slovenščina	2. letnik	test	Slovenj Gradec
KUS-PI-slo-1-NM-R-2009_2010-30192-0.txt	solar2902s	solar2902t	2009/2010	poklicna šola	slovenščina	1. letnik	delo v razredu	Novo mesto
KUS-G-slo-2-GO-T-2009_2010-11636-0.txt	solar2903s	solar2903t	2009/2010	gimnazija	slovenščina	2. letnik	praktično besedilo	Gorica
KUS-G-zgo-1-LJ-T-2009_2010-11695-12.txt	solar2904s	solar2904t	2009/2010	gimnazija	zgodovina	1. letnik	test	Ljubljana
KUS-OS-slo-9-GO-R-2009_2010-40731-0.txt	solar2905s	solar2905t	2009/2010	osnovna šola	slovenščina	9. razred	delo v razredu	Gorica
S20-PI-slo-4-KR-E-2016_2017-30437-0.txt	solar2906s	solar2906t	2016/2017	poklicna šola	slovenščina	4. letnik	esej ali spis	Kranj
S20-SI-slo-4-LJ-E-2016_2017-22024-12.txt	solar2907s	solar2907t	2016/2017	strokovna šola	slovenščina	4. letnik	esej ali spis	Ljubljana
S20-PI-slo-1-KK-E-2016_2017-30374-0.txt	solar2908s	solar2908t	2016/2017	poklicna šola	slovenščina	1. letnik	esej ali spis	Krško
S20-SI-piz-3-KR-T-2017_2018-22681-0.txt	solar2909s	solar2909t	2017/2018	strokovna šola	podjetništvo in zakonodaja	3. letnik	test	Kranj
S20-SI-slo-3-KK-E-2016_2017-22254-0.txt	solar2910s	solar2910t	2016/2017	strokovna šola	slovenščina	3. letnik	esej ali spis	Krško
S20-SI-slo-3-SG-E-2017_2018-22771-0.txt	solar2911s	solar2911t	2017/2018	strokovna šola	slovenščina	3. letnik	esej ali spis	Slovenj Gradec
S20-SI-slo-3-KK-E-2016_2017-22252-12.txt	solar2912s	solar2912t	2016/2017	strokovna šola	slovenščina	3. letnik	esej ali spis	Krško
KUS-SI-slo-4-NM-R-2009_2010-21427-0.txt	solar2913s	solar2913t	2009/2010	strokovna šola	slovenščina	4. letnik	delo v razredu	Novo mesto
KUS-G-slo-4-LJ-E-2009_2010-11541-123.txt	solar2914s	solar2914t	2009/2010	gimnazija	slovenščina	4. letnik	esej ali spis	Ljubljana
S20-G-slo-2-KK-E-2017_2018-11876-0.txt	solar2915s	solar2915t	2017/2018	gimnazija	slovenščina	2. letnik	esej ali spis	Krško
S20-PI-slo-1-SG-E-2017_2018-30460-12.txt	solar2916s	solar2916t	2017/2018	poklicna šola	slovenščina	1. letnik	esej ali spis	Slovenj Gradec
S20-OS-slo-9-LJ-E-2017_2018-41269-123.txt	solar2917s	solar2917t	2017/2018	osnovna šola	slovenščina	9. razred	esej ali spis	Ljubljana
S20-OS-slo-6-LJ-E-2017_2018-41179-12.txt	solar2918s	solar2918t	2017/2018	osnovna šola	slovenščina	6. razred	esej ali spis	Ljubljana
KUS-OS-slo-7-GO-R-2009_2010-40696-0.txt	solar2919s	solar2919t	2009/2010	osnovna šola	slovenščina	7. razred	delo v razredu	Gorica
S20-OS-slo-6-LJ-E-2017_2018-41087-12.txt	solar2920s	solar2920t	2017/2018	osnovna šola	slovenščina	6. razred	esej ali spis	Ljubljana
S20-OS-bio-9-LJ-E-2016_2017-40945-0.txt	solar2921s	solar2921t	2016/2017	osnovna šola	biologija	9. razred	esej ali spis	Ljubljana
S20-PI-slo-5-KR-R-2017_2018-30524-0.txt	solar2922s	solar2922t	2017/2018	poklicna šola	slovenščina	5. letnik	delo v razredu	Kranj
S20-SI-slo-1-SG-D-2016_2017-22534-0.txt	solar2923s	solar2923t	2016/2017	strokovna šola	slovenščina	1. letnik	test	Slovenj Gradec
KUS-SI-slo-4-NM-T-2009_2010-21437-0.txt	solar2924s	solar2924t	2009/2010	strokovna šola	slovenščina	4. letnik	praktično besedilo	Novo mesto
KUS-SI-slo-2-NM-E-2009_2010-21566-12.txt	solar2925s	solar2925t	2009/2010	strokovna šola	slovenščina	2. letnik	esej ali spis	Novo mesto
S20-SI-slo-4-LJ-PB-2016_2017-21966-0.txt	solar2926s	solar2926t	2016/2017	strokovna šola	slovenščina	4. letnik	praktično besedilo	Ljubljana
S20-SI-slo-4-KR-D-2016_2017-22505-0.txt	solar2927s	solar2927t	2016/2017	strokovna šola	slovenščina	4. letnik	praktično besedilo	Kranj
S20-OS-slo-8-LJ-E-2016_2017-41169-12.txt	solar2928s	solar2928t	2016/2017	osnovna šola	slovenščina	8. razred	esej ali spis	Ljubljana
S20-SI-slo-4-KK-E-2017_2018-22635-0.txt	solar2929s	solar2929t	2017/2018	strokovna šola	slovenščina	4. letnik	esej ali spis	Krško
S20-SI-slo-1-LJ-E-2016_2017-21875-12.txt	solar2930s	solar2930t	2016/2017	strokovna šola	slovenščina	1. letnik	esej ali spis	Ljubljana
S20-SI-slo-4-LJ-PB-2016_2017-22081-0.txt	solar2931s	solar2931t	2016/2017	strokovna šola	slovenščina	4. letnik	praktično besedilo	Ljubljana
S20-SI-kzn-4-KR-T-2016_2017-22510-12.txt	solar2932s	solar2932t	2016/2017	strokovna šola	kakovost v zdravstveni negi	4. letnik	test	Kranj
S20-PI-slo-4-KR-E-2016_2017-30456-0.txt	solar2933s	solar2933t	2016/2017	poklicna šola	slovenščina	4. letnik	esej ali spis	Kranj
S20-OS-slo-8-LJ-E-2016_2017-40986-12.txt	solar2934s	solar2934t	2016/2017	osnovna šola	slovenščina	8. razred	esej ali spis	Ljubljana
KUS-SI-soc-2-NM-T-2009_2010-21853-0.txt	solar2935s	solar2935t	2009/2010	strokovna šola	sociologija	2. letnik	test	Novo mesto
KUS-SI-slo-4-KK-T-2009_2010-21715-0.txt	solar2936s	solar2936t	2009/2010	strokovna šola	slovenščina	4. letnik	praktično besedilo	Krško
S20-SI-slo-3-KK-E-2016_2017-22326-0.txt	solar2937s	solar2937t	2016/2017	strokovna šola	slovenščina	3. letnik	esej ali spis	Krško
KUS-OS-slo-8-NM-E-2009_2010-40749-12.txt	solar2938s	solar2938t	2009/2010	osnovna šola	slovenščina	8. razred	esej ali spis	Novo mesto
S20-SI-slo-4-LJ-PB-2016_2017-21902-0.txt	solar2939s	solar2939t	2016/2017	strokovna šola	slovenščina	4. letnik	praktično besedilo	Ljubljana
S20-G-slo-1-LJ-PB-2016_2017-11770-0.txt	solar2940s	solar2940t	2016/2017	gimnazija	slovenščina	1. letnik	praktično besedilo	Ljubljana
S20-PI-slo-5-SG-E-2016_2017-30514-12.txt	solar2941s	solar2941t	2016/2017	poklicna šola	slovenščina	5. letnik	esej ali spis	Slovenj Gradec
KUS-SI-soc-2-NM-T-2009_2010-21779-0.txt	solar2942s	solar2942t	2009/2010	strokovna šola	sociologija	2. letnik	test	Novo mesto
S20-SI-slo-4-LJ-E-2016_2017-22005-12.txt	solar2943s	solar2943t	2016/2017	strokovna šola	slovenščina	4. letnik	esej ali spis	Ljubljana
KUS-SI-soc-2-NM-T-2009_2010-21852-0.txt	solar2944s	solar2944t	2009/2010	strokovna šola	sociologija	2. letnik	test	Novo mesto
S20-OS-ods-6-LJ-E-2016_2017-40939-0.txt	solar2945s	solar2945t	2016/2017	osnovna šola	drugo	6. razred	esej ali spis	Ljubljana
S20-G-slo-4-KK-E-2016_2017-11814-123.txt	solar2946s	solar2946t	2016/2017	gimnazija	slovenščina	4. letnik	esej ali spis	Krško
S20-SI-slo-4-LJ-PB-2016_2017-21991-0.txt	solar2947s	solar2947t	2016/2017	strokovna šola	slovenščina	4. letnik	praktično besedilo	Ljubljana
KUS-OS-slo-8-KP-E-2009_2010-40679-12.txt	solar2948s	solar2948t	2009/2010	osnovna šola	slovenščina	8. razred	esej ali spis	Koper
KUS-G-slo-4-LJ-E-2009_2010-11565-0.txt	solar2949s	solar2949t	2009/2010	gimnazija	slovenščina	4. letnik	esej ali spis	Ljubljana
KUS-SI-slo-4-NM-R-2009_2010-21407-0.txt	solar2950s	solar2950t	2009/2010	strokovna šola	slovenščina	4. letnik	delo v razredu	Novo mesto
KUS-PI-slo-1-NM-E-2009_2010-30302-0.txt	solar2951s	solar2951t	2009/2010	poklicna šola	slovenščina	1. letnik	esej ali spis	Novo mesto
KUS-SI-slo-4-NM-T-2009_2010-21474-0.txt	solar2952s	solar2952t	2009/2010	strokovna šola	slovenščina	4. letnik	praktično besedilo	Novo mesto
S20-PI-slo-5-KR-R-2017_2018-30523-0.txt	solar2953s	solar2953t	2017/2018	poklicna šola	slovenščina	5. letnik	delo v razredu	Kranj
KUS-G-zgo-1-LJ-T-2009_2010-11701-12.txt	solar2954s	solar2954t	2009/2010	gimnazija	zgodovina	1. letnik	test	Ljubljana
S20-SI-slo-3-SG-E-2016_2017-22579-123.txt	solar2955s	solar2955t	2016/2017	strokovna šola	slovenščina	3. letnik	esej ali spis	Slovenj Gradec
KUS-SI-soc-2-NM-T-2009_2010-21856-0.txt	solar2956s	solar2956t	2009/2010	strokovna šola	sociologija	2. letnik	test	Novo mesto
S20-SI-slo-4-KK-E-2017_2018-22638-0.txt	solar2957s	solar2957t	2017/2018	strokovna šola	slovenščina	4. letnik	esej ali spis	Krško
KUS-SI-slo-4-NM-E-2009_2010-21521-12.txt	solar2958s	solar2958t	2009/2010	strokovna šola	slovenščina	4. letnik	esej ali spis	Novo mesto
S20-G-slo-2-KK-E-2017_2018-11873-0.txt	solar2959s	solar2959t	2017/2018	gimnazija	slovenščina	2. letnik	esej ali spis	Krško
S20-SI-slo-3-SG-E-2016_2017-22596-12.txt	solar2960s	solar2960t	2016/2017	strokovna šola	slovenščina	3. letnik	esej ali spis	Slovenj Gradec
KUS-SI-slo-4-KK-E-2009_2010-21716-0.txt	solar2961s	solar2961t	2009/2010	strokovna šola	slovenščina	4. letnik	esej ali spis	Krško
S20-NN-slo-4-KK-E-2016_2017-50053-0.txt	solar2962s	solar2962t	2016/2017	neznano	slovenščina	4. letnik	esej ali spis	Krško
S20-SI-oti-2-KR-T-2016_2017-22364-0.txt	solar2963s	solar2963t	2016/2017	strokovna šola	obdelava turističnih informacij	2. letnik	test	Kranj
KUS-SI-soc-2-NM-T-2009_2010-21826-0.txt	solar2964s	solar2964t	2009/2010	strokovna šola	sociologija	2. letnik	test	Novo mesto
S20-SI-slo-4-LJ-PB-2016_2017-21962-0.txt	solar2965s	solar2965t	2016/2017	strokovna šola	slovenščina	4. letnik	praktično besedilo	Ljubljana
S20-SI-slo-3-KR-E-2017_2018-22431-0.txt	solar2966s	solar2966t	2017/2018	strokovna šola	slovenščina	3. letnik	esej ali spis	Kranj
S20-SI-slo-1-LJ-E-2016_2017-21870-12.txt	solar2967s	solar2967t	2016/2017	strokovna šola	slovenščina	1. letnik	esej ali spis	Ljubljana
S20-OS-slo-7-LJ-E-2016_2017-41157-12.txt	solar2968s	solar2968t	2016/2017	osnovna šola	slovenščina	7. razred	esej ali spis	Ljubljana
KUS-SI-slo-2-NM-E-2009_2010-21569-0.txt	solar2969s	solar2969t	2009/2010	strokovna šola	slovenščina	2. letnik	esej ali spis	Novo mesto
S20-SI-slo-2-KR-E-2016_2017-22351-0.txt	solar2970s	solar2970t	2016/2017	strokovna šola	slovenščina	2. letnik	esej ali spis	Kranj
S20-OS-slo-8-PO-T-2017_2018-41111-0.txt	solar2971s	solar2971t	2017/2018	osnovna šola	slovenščina	8. razred	praktično besedilo	Postojna
S20-SI-slo-2-SG-E-2017_2018-22758-0.txt	solar2972s	solar2972t	2017/2018	strokovna šola	slovenščina	2. letnik	esej ali spis	Slovenj Gradec
S20-SI-slo-4-LJ-PB-2016_2017-21971-12.txt	solar2973s	solar2973t	2016/2017	strokovna šola	slovenščina	4. letnik	praktično besedilo	Ljubljana
KUS-SI-slo-4-NM-T-2009_2010-21453-0.txt	solar2974s	solar2974t	2009/2010	strokovna šola	slovenščina	4. letnik	praktično besedilo	Novo mesto
KUS-PI-slo-2-NM-E-2009_2010-30288-12.txt	solar2975s	solar2975t	2009/2010	poklicna šola	slovenščina	2. letnik	esej ali spis	Novo mesto
S20-G-slo-1-KK-E-2017_2018-11866-0.txt	solar2976s	solar2976t	2017/2018	gimnazija	slovenščina	1. letnik	esej ali spis	Krško
KUS-G-zgo-1-LJ-T-2009_2010-11687-12.txt	solar2977s	solar2977t	2009/2010	gimnazija	zgodovina	1. letnik	test	Ljubljana
S20-G-slo-2-KK-E-2017_2018-11883-0.txt	solar2978s	solar2978t	2017/2018	gimnazija	slovenščina	2. letnik	esej ali spis	Krško
S20-SI-slo-3-KK-E-2016_2017-22301-0.txt	solar2979s	solar2979t	2016/2017	strokovna šola	slovenščina	3. letnik	esej ali spis	Krško
S20-OS-slo-6-LJ-E-2017_2018-41193-0.txt	solar2980s	solar2980t	2017/2018	osnovna šola	slovenščina	6. razred	esej ali spis	Ljubljana
S20-PI-slo-5-SG-E-2017_2018-30554-12.txt	solar2981s	solar2981t	2017/2018	poklicna šola	slovenščina	5. letnik	esej ali spis	Slovenj Gradec
KUS-OS-slo-8-KR-E-2009_2010-40641-12.txt	solar2982s	solar2982t	2009/2010	osnovna šola	slovenščina	8. razred	esej ali spis	Kranj
KUS-G-zgo-1-LJ-T-2009_2010-11693-12.txt	solar2983s	solar2983t	2009/2010	gimnazija	zgodovina	1. letnik	test	Ljubljana
S20-OS-bio-9-LJ-E-2016_2017-40949-0.txt	solar2984s	solar2984t	2016/2017	osnovna šola	biologija	9. razred	esej ali spis	Ljubljana
S20-SI-slo-4-LJ-PB-2016_2017-21996-0.txt	solar2985s	solar2985t	2016/2017	strokovna šola	slovenščina	4. letnik	praktično besedilo	Ljubljana
S20-SI-slo-2-KR-PB-2016_2017-22402-0.txt	solar2986s	solar2986t	2016/2017	strokovna šola	slovenščina	2. letnik	praktično besedilo	Kranj
S20-SI-slo-4-KR-E-2016_2017-22452-0.txt	solar2987s	solar2987t	2016/2017	strokovna šola	slovenščina	4. letnik	esej ali spis	Kranj
S20-SI-kzn-4-KR-T-2016_2017-22513-12.txt	solar2988s	solar2988t	2016/2017	strokovna šola	kakovost v zdravstveni negi	4. letnik	test	Kranj
KUS-SI-slo-3-NM-R-2009_2010-21394-0.txt	solar2989s	solar2989t	2009/2010	strokovna šola	slovenščina	3. letnik	delo v razredu	Novo mesto
S20-OS-slo-9-KR-D-2016_2017-41083-0.txt	solar2990s	solar2990t	2016/2017	osnovna šola	slovenščina	9. razred	praktično besedilo	Kranj
S20-G-slo-1-LJ-PB-2016_2017-11765-0.txt	solar2991s	solar2991t	2016/2017	gimnazija	slovenščina	1. letnik	praktično besedilo	Ljubljana
KUS-SI-soc-2-NM-T-2009_2010-21858-0.txt	solar2992s	solar2992t	2009/2010	strokovna šola	sociologija	2. letnik	test	Novo mesto
S20-SI-anf-2-KR-T-2016_2017-22470-0.txt	solar2993s	solar2993t	2016/2017	strokovna šola	anatomija in fiziologija	2. letnik	test	Kranj
KUS-PI-slo-2-NM-R-2009_2010-30257-0.txt	solar2994s	solar2994t	2009/2010	poklicna šola	slovenščina	2. letnik	delo v razredu	Novo mesto
KUS-SI-soc-2-NM-T-2009_2010-21778-0.txt	solar2995s	solar2995t	2009/2010	strokovna šola	sociologija	2. letnik	test	Novo mesto
S20-SI-slo-1-SG-E-2016_2017-22520-12.txt	solar2996s	solar2996t	2016/2017	strokovna šola	slovenščina	1. letnik	esej ali spis	Slovenj Gradec
S20-SI-slo-3-SG-E-2017_2018-22732-0.txt	solar2997s	solar2997t	2017/2018	strokovna šola	slovenščina	3. letnik	esej ali spis	Slovenj Gradec
KUS-SI-slo-2-NM-E-2009_2010-21616-0.txt	solar2998s	solar2998t	2009/2010	strokovna šola	slovenščina	2. letnik	esej ali spis	Novo mesto
S20-SI-slo-4-LJ-PB-2016_2017-21941-0.txt	solar2999s	solar2999t	2016/2017	strokovna šola	slovenščina	4. letnik	praktično besedilo	Ljubljana
KUS-SI-slo-4-KK-T-2009_2010-21702-0.txt	solar3000s	solar3000t	2009/2010	strokovna šola	slovenščina	4. letnik	praktično besedilo	Krško
KUS-PI-slo-2-NM-R-2009_2010-30260-0.txt	solar3001s	solar3001t	2009/2010	poklicna šola	slovenščina	2. letnik	delo v razredu	Novo mesto
S20-OS-slo-9-CE-D-2016_2017-40878-0.txt	solar3002s	solar3002t	2016/2017	osnovna šola	slovenščina	9. razred	praktično besedilo	Celje
S20-OS-slo-9-CE-D-2016_2017-40877-0.txt	solar3003s	solar3003t	2016/2017	osnovna šola	slovenščina	9. razred	praktično besedilo	Celje
S20-G-slo-1-LJ-PB-2016_2017-11776-0.txt	solar3004s	solar3004t	2016/2017	gimnazija	slovenščina	1. letnik	praktično besedilo	Ljubljana
KUS-OS-slo-9-GO-R-2009_2010-40726-0.txt	solar3005s	solar3005t	2009/2010	osnovna šola	slovenščina	9. razred	delo v razredu	Gorica
KUS-SI-slo-4-NM-R-2009_2010-21412-0.txt	solar3006s	solar3006t	2009/2010	strokovna šola	slovenščina	4. letnik	delo v razredu	Novo mesto
S20-SI-slo-1-SG-D-2016_2017-22528-0.txt	solar3007s	solar3007t	2016/2017	strokovna šola	slovenščina	1. letnik	test	Slovenj Gradec
S20-G-slo-1-LJ-PB-2016_2017-11767-0.txt	solar3008s	solar3008t	2016/2017	gimnazija	slovenščina	1. letnik	praktično besedilo	Ljubljana
S20-PI-slo-4-KK-E-2016_2017-30384-0.txt	solar3009s	solar3009t	2016/2017	poklicna šola	slovenščina	4. letnik	esej ali spis	Krško
S20-SI-slo-2-KR-PB-2016_2017-22411-0.txt	solar3010s	solar3010t	2016/2017	strokovna šola	slovenščina	2. letnik	praktično besedilo	Kranj
S20-SI-slo-4-LJ-PB-2016_2017-22083-0.txt	solar3011s	solar3011t	2016/2017	strokovna šola	slovenščina	4. letnik	praktično besedilo	Ljubljana
S20-SI-slo-1-SG-D-2016_2017-22530-0.txt	solar3012s	solar3012t	2016/2017	strokovna šola	slovenščina	1. letnik	test	Slovenj Gradec
KUS-OS-slo-8-NM-E-2009_2010-40745-12.txt	solar3013s	solar3013t	2009/2010	osnovna šola	slovenščina	8. razred	esej ali spis	Novo mesto
KUS-SI-slo-2-NM-R-2009_2010-21374-0.txt	solar3014s	solar3014t	2009/2010	strokovna šola	slovenščina	2. letnik	delo v razredu	Novo mesto
KUS-SI-slo-4-KK-T-2009_2010-21690-0.txt	solar3015s	solar3015t	2009/2010	strokovna šola	slovenščina	4. letnik	praktično besedilo	Krško
S20-OS-slo-8-LJ-E-2016_2017-41164-12.txt	solar3016s	solar3016t	2016/2017	osnovna šola	slovenščina	8. razred	esej ali spis	Ljubljana
S20-SI-slo-4-LJ-E-2016_2017-22103-123.txt	solar3017s	solar3017t	2016/2017	strokovna šola	slovenščina	4. letnik	esej ali spis	Ljubljana
S20-SI-slo-4-LJ-PB-2016_2017-21922-0.txt	solar3018s	solar3018t	2016/2017	strokovna šola	slovenščina	4. letnik	praktično besedilo	Ljubljana
S20-PI-slo-4-KK-E-2016_2017-30409-0.txt	solar3019s	solar3019t	2016/2017	poklicna šola	slovenščina	4. letnik	esej ali spis	Krško
S20-OS-slo-6-LJ-E-2017_2018-41201-12.txt	solar3020s	solar3020t	2017/2018	osnovna šola	slovenščina	6. razred	esej ali spis	Ljubljana
S20-PI-slo-4-SG-E-2016_2017-30501-12.txt	solar3021s	solar3021t	2016/2017	poklicna šola	slovenščina	4. letnik	esej ali spis	Slovenj Gradec
S20-SI-slo-3-KK-E-2016_2017-22340-0.txt	solar3022s	solar3022t	2016/2017	strokovna šola	slovenščina	3. letnik	esej ali spis	Krško
KUS-SI-soc-2-NM-T-2009_2010-21862-0.txt	solar3023s	solar3023t	2009/2010	strokovna šola	sociologija	2. letnik	test	Novo mesto
KUS-SI-slo-4-KK-T-2009_2010-21694-0.txt	solar3024s	solar3024t	2009/2010	strokovna šola	slovenščina	4. letnik	praktično besedilo	Krško
S20-OS-slo-9-LJ-E-2017_2018-41265-12.txt	solar3025s	solar3025t	2017/2018	osnovna šola	slovenščina	9. razred	esej ali spis	Ljubljana
S20-OS-slo-6-LJ-E-2017_2018-41182-12.txt	solar3026s	solar3026t	2017/2018	osnovna šola	slovenščina	6. razred	esej ali spis	Ljubljana
S20-G-slo-1-LJ-PB-2016_2017-11781-12.txt	solar3027s	solar3027t	2016/2017	gimnazija	slovenščina	1. letnik	praktično besedilo	Ljubljana
KUS-OS-slo-7-GO-R-2009_2010-40693-12.txt	solar3028s	solar3028t	2009/2010	osnovna šola	slovenščina	7. razred	delo v razredu	Gorica
S20-SI-slo-4-LJ-PB-2016_2017-21918-0.txt	solar3029s	solar3029t	2016/2017	strokovna šola	slovenščina	4. letnik	praktično besedilo	Ljubljana
S20-OS-slo-7-LJ-E-2016_2017-41158-0.txt	solar3030s	solar3030t	2016/2017	osnovna šola	slovenščina	7. razred	esej ali spis	Ljubljana
S20-SI-slo-3-KK-E-2016_2017-22275-0.txt	solar3031s	solar3031t	2016/2017	strokovna šola	slovenščina	3. letnik	esej ali spis	Krško
S20-SI-slo-3-KK-E-2016_2017-22231-12.txt	solar3032s	solar3032t	2016/2017	strokovna šola	slovenščina	3. letnik	esej ali spis	Krško
S20-PI-slo-4-KR-E-2016_2017-30445-0.txt	solar3033s	solar3033t	2016/2017	poklicna šola	slovenščina	4. letnik	esej ali spis	Kranj
S20-SI-slo-4-LJ-PB-2016_2017-21984-0.txt	solar3034s	solar3034t	2016/2017	strokovna šola	slovenščina	4. letnik	praktično besedilo	Ljubljana
KUS-SI-slo-2-NM-E-2009_2010-21627-0.txt	solar3035s	solar3035t	2009/2010	strokovna šola	slovenščina	2. letnik	esej ali spis	Novo mesto
S20-SI-slo-3-KK-E-2017_2018-22667-0.txt	solar3036s	solar3036t	2017/2018	strokovna šola	slovenščina	3. letnik	esej ali spis	Krško
S20-SI-slo-3-KK-E-2016_2017-22316-0.txt	solar3037s	solar3037t	2016/2017	strokovna šola	slovenščina	3. letnik	esej ali spis	Krško
S20-OS-slo-6-LJ-E-2016_2017-40951-0.txt	solar3038s	solar3038t	2016/2017	osnovna šola	slovenščina	6. razred	esej ali spis	Ljubljana
KUS-SI-slo-3-NM-R-2009_2010-21400-12.txt	solar3039s	solar3039t	2009/2010	strokovna šola	slovenščina	3. letnik	delo v razredu	Novo mesto
KUS-SI-soc-2-NM-T-2009_2010-21836-0.txt	solar3040s	solar3040t	2009/2010	strokovna šola	sociologija	2. letnik	test	Novo mesto
KUS-OS-slo-9-GO-R-2009_2010-40717-0.txt	solar3041s	solar3041t	2009/2010	osnovna šola	slovenščina	9. razred	delo v razredu	Gorica
S20-SI-slo-4-KR-E-2016_2017-22447-0.txt	solar3042s	solar3042t	2016/2017	strokovna šola	slovenščina	4. letnik	esej ali spis	Kranj
S20-SI-slo-4-LJ-E-2016_2017-22142-12.txt	solar3043s	solar3043t	2016/2017	strokovna šola	slovenščina	4. letnik	esej ali spis	Ljubljana
KUS-OS-slo-6-LJ-R-2009_2010-40770-0.txt	solar3044s	solar3044t	2009/2010	osnovna šola	slovenščina	6. razred	delo v razredu	Ljubljana
S20-SI-slo-4-SG-E-2017_2018-22744-12.txt	solar3045s	solar3045t	2017/2018	strokovna šola	slovenščina	4. letnik	esej ali spis	Slovenj Gradec
KUS-SI-slo-2-NM-E-2009_2010-21563-0.txt	solar3046s	solar3046t	2009/2010	strokovna šola	slovenščina	2. letnik	esej ali spis	Novo mesto
S20-OS-slo-8-LJ-E-2016_2017-41166-12.txt	solar3047s	solar3047t	2016/2017	osnovna šola	slovenščina	8. razred	esej ali spis	Ljubljana
KUS-PI-slo-2-NM-E-2009_2010-30282-12.txt	solar3048s	solar3048t	2009/2010	poklicna šola	slovenščina	2. letnik	esej ali spis	Novo mesto
S20-SI-slo-4-LJ-PB-2016_2017-21919-0.txt	solar3049s	solar3049t	2016/2017	strokovna šola	slovenščina	4. letnik	praktično besedilo	Ljubljana
KUS-SI-slo-4-NM-T-2009_2010-21456-0.txt	solar3050s	solar3050t	2009/2010	strokovna šola	slovenščina	4. letnik	praktično besedilo	Novo mesto
KUS-SI-soc-2-NM-T-2009_2010-21771-0.txt	solar3051s	solar3051t	2009/2010	strokovna šola	sociologija	2. letnik	test	Novo mesto
S20-NN-slo-4-KK-E-2016_2017-50033-12.txt	solar3052s	solar3052t	2016/2017	neznano	slovenščina	4. letnik	esej ali spis	Krško
S20-OS-slo-6-KR-PB-2016_2017-41039-0.txt	solar3053s	solar3053t	2016/2017	osnovna šola	slovenščina	6. razred	praktično besedilo	Kranj
S20-NN-slo-4-KK-E-2016_2017-50029-0.txt	solar3054s	solar3054t	2016/2017	neznano	slovenščina	4. letnik	esej ali spis	Krško
S20-OS-slo-6-LJ-E-2017_2018-41184-12.txt	solar3055s	solar3055t	2017/2018	osnovna šola	slovenščina	6. razred	esej ali spis	Ljubljana
S20-PI-slo-5-KR-R-2017_2018-30533-0.txt	solar3056s	solar3056t	2017/2018	poklicna šola	slovenščina	5. letnik	delo v razredu	Kranj
S20-PI-slo-4-KR-E-2016_2017-30447-0.txt	solar3057s	solar3057t	2016/2017	poklicna šola	slovenščina	4. letnik	esej ali spis	Kranj
S20-OS-slo-9-CE-D-2016_2017-40902-0.txt	solar3058s	solar3058t	2016/2017	osnovna šola	slovenščina	9. razred	esej ali spis	Celje
KUS-SI-slo-4-NM-R-2009_2010-21425-0.txt	solar3059s	solar3059t	2009/2010	strokovna šola	slovenščina	4. letnik	delo v razredu	Novo mesto
KUS-G-zgo-1-LJ-T-2009_2010-11710-12.txt	solar3060s	solar3060t	2009/2010	gimnazija	zgodovina	1. letnik	test	Ljubljana
S20-SI-slo-4-KR-E-2016_2017-22451-0.txt	solar3061s	solar3061t	2016/2017	strokovna šola	slovenščina	4. letnik	esej ali spis	Kranj
S20-OS-slo-8-LJ-E-2016_2017-41165-12.txt	solar3062s	solar3062t	2016/2017	osnovna šola	slovenščina	8. razred	esej ali spis	Ljubljana
KUS-SI-soc-2-NM-T-2009_2010-21765-0.txt	solar3063s	solar3063t	2009/2010	strokovna šola	sociologija	2. letnik	test	Novo mesto
S20-SI-slo-3-KK-E-2016_2017-22260-0.txt	solar3064s	solar3064t	2016/2017	strokovna šola	slovenščina	3. letnik	esej ali spis	Krško
S20-OS-slo-6-LJ-E-2017_2018-41204-12.txt	solar3065s	solar3065t	2017/2018	osnovna šola	slovenščina	6. razred	esej ali spis	Ljubljana
KUS-PI-slo-2-NM-E-2009_2010-30292-12.txt	solar3066s	solar3066t	2009/2010	poklicna šola	slovenščina	2. letnik	esej ali spis	Novo mesto
S20-NN-slo-3-KK-E-2016_2017-50004-0.txt	solar3067s	solar3067t	2016/2017	neznano	slovenščina	3. letnik	esej ali spis	Krško
KUS-SI-slo-4-KK-T-2009_2010-21713-0.txt	solar3068s	solar3068t	2009/2010	strokovna šola	slovenščina	4. letnik	praktično besedilo	Krško
KUS-OS-slo-7-KR-R-2009_2010-40624-0.txt	solar3069s	solar3069t	2009/2010	osnovna šola	slovenščina	7. razred	delo v razredu	Kranj
S20-OS-slo-8-PO-T-2016_2017-40953-0.txt	solar3070s	solar3070t	2016/2017	osnovna šola	slovenščina	8. razred	praktično besedilo	Postojna
S20-SI-slo-4-SG-E-2016_2017-22603-12.txt	solar3071s	solar3071t	2016/2017	strokovna šola	slovenščina	4. letnik	esej ali spis	Slovenj Gradec
S20-OS-slo-6-KR-D-2016_2017-41071-123.txt	solar3072s	solar3072t	2016/2017	osnovna šola	slovenščina	6. razred	praktično besedilo	Kranj
S20-SI-slo-1-SG-E-2017_2018-22550-12.txt	solar3073s	solar3073t	2017/2018	strokovna šola	slovenščina	1. letnik	esej ali spis	Slovenj Gradec
KUS-G-slo-2-GO-T-2009_2010-11639-0.txt	solar3074s	solar3074t	2009/2010	gimnazija	slovenščina	2. letnik	praktično besedilo	Gorica
KUS-PI-slo-1-NM-R-2009_2010-30231-0.txt	solar3075s	solar3075t	2009/2010	poklicna šola	slovenščina	1. letnik	delo v razredu	Novo mesto
KUS-PI-slo-2-KK-T-2009_2010-30321-0.txt	solar3076s	solar3076t	2009/2010	poklicna šola	slovenščina	2. letnik	praktično besedilo	Krško
S20-PI-slo-5-SG-E-2017_2018-30535-12.txt	solar3077s	solar3077t	2017/2018	poklicna šola	slovenščina	5. letnik	esej ali spis	Slovenj Gradec
S20-SI-slo-3-KK-E-2016_2017-22337-0.txt	solar3078s	solar3078t	2016/2017	strokovna šola	slovenščina	3. letnik	esej ali spis	Krško
S20-OS-ods-6-LJ-E-2016_2017-40929-0.txt	solar3079s	solar3079t	2016/2017	osnovna šola	drugo	6. razred	esej ali spis	Ljubljana
S20-SI-slo-1-LJ-E-2016_2017-21889-12.txt	solar3080s	solar3080t	2016/2017	strokovna šola	slovenščina	1. letnik	esej ali spis	Ljubljana
S20-OS-slo-6-KR-PB-2016_2017-41031-0.txt	solar3081s	solar3081t	2016/2017	osnovna šola	slovenščina	6. razred	praktično besedilo	Kranj
S20-SI-slo-4-KK-E-2017_2018-22627-0.txt	solar3082s	solar3082t	2017/2018	strokovna šola	slovenščina	4. letnik	esej ali spis	Krško
S20-SI-slo-4-KK-E-2017_2018-22625-0.txt	solar3083s	solar3083t	2017/2018	strokovna šola	slovenščina	4. letnik	esej ali spis	Krško
KUS-G-slo-4-LJ-E-2009_2010-11546-1234.txt	solar3084s	solar3084t	2009/2010	gimnazija	slovenščina	4. letnik	esej ali spis	Ljubljana
KUS-SI-slo-1-NM-E-2009_2010-21593-0.txt	solar3085s	solar3085t	2009/2010	strokovna šola	slovenščina	1. letnik	esej ali spis	Novo mesto
KUS-OS-slo-9-LJ-R-2009_2010-40757-0.txt	solar3086s	solar3086t	2009/2010	osnovna šola	slovenščina	9. razred	delo v razredu	Ljubljana
S20-SI-slo-3-KK-E-2016_2017-22314-12.txt	solar3087s	solar3087t	2016/2017	strokovna šola	slovenščina	3. letnik	esej ali spis	Krško
S20-PI-slo-2-SG-E-2016_2017-30478-0.txt	solar3088s	solar3088t	2016/2017	poklicna šola	slovenščina	2. letnik	esej ali spis	Slovenj Gradec
S20-SI-slo-3-SG-E-2016_2017-22595-12.txt	solar3089s	solar3089t	2016/2017	strokovna šola	slovenščina	3. letnik	esej ali spis	Slovenj Gradec
KUS-SI-slo-4-KK-T-2009_2010-21674-0.txt	solar3090s	solar3090t	2009/2010	strokovna šola	slovenščina	4. letnik	praktično besedilo	Krško
S20-G-slo-1-LJ-PB-2016_2017-11753-0.txt	solar3091s	solar3091t	2016/2017	gimnazija	slovenščina	1. letnik	praktično besedilo	Ljubljana
KUS-SI-slo-4-KK-T-2009_2010-21672-0.txt	solar3092s	solar3092t	2009/2010	strokovna šola	slovenščina	4. letnik	praktično besedilo	Krško
S20-SI-slo-3-KK-D-2016_2017-22208-0.txt	solar3093s	solar3093t	2016/2017	strokovna šola	slovenščina	3. letnik	praktično besedilo	Krško
S20-PI-slo-1-SG-E-2017_2018-30464-0.txt	solar3094s	solar3094t	2017/2018	poklicna šola	slovenščina	1. letnik	esej ali spis	Slovenj Gradec
S20-SI-slo-3-KR-E-2016_2017-22474-0.txt	solar3095s	solar3095t	2016/2017	strokovna šola	slovenščina	3. letnik	esej ali spis	Kranj
S20-G-slo-4-LJ-PB-2017_2018-11835-0.txt	solar3096s	solar3096t	2017/2018	gimnazija	slovenščina	4. letnik	praktično besedilo	Ljubljana
S20-OS-slo-6-LJ-E-2016_2017-41139-12.txt	solar3097s	solar3097t	2016/2017	osnovna šola	slovenščina	6. razred	esej ali spis	Ljubljana
KUS-G-zgo-1-LJ-T-2009_2010-11691-12.txt	solar3098s	solar3098t	2009/2010	gimnazija	zgodovina	1. letnik	test	Ljubljana
KUS-SI-slo-4-NM-T-2009_2010-21449-0.txt	solar3099s	solar3099t	2009/2010	strokovna šola	slovenščina	4. letnik	praktično besedilo	Novo mesto
S20-OS-slo-8-PO-T-2017_2018-41109-0.txt	solar3100s	solar3100t	2017/2018	osnovna šola	slovenščina	8. razred	praktično besedilo	Postojna
S20-SI-slo-3-SG-E-2017_2018-22724-123.txt	solar3101s	solar3101t	2017/2018	strokovna šola	slovenščina	3. letnik	esej ali spis	Slovenj Gradec
S20-PI-slo-4-KK-E-2016_2017-30402-0.txt	solar3102s	solar3102t	2016/2017	poklicna šola	slovenščina	4. letnik	esej ali spis	Krško
S20-OS-slo-6-LJ-E-2016_2017-41143-12.txt	solar3103s	solar3103t	2016/2017	osnovna šola	slovenščina	6. razred	esej ali spis	Ljubljana
S20-SI-slo-4-LJ-PB-2016_2017-21944-0.txt	solar3104s	solar3104t	2016/2017	strokovna šola	slovenščina	4. letnik	praktično besedilo	Ljubljana
KUS-SI-soc-2-NM-T-2009_2010-21855-0.txt	solar3105s	solar3105t	2009/2010	strokovna šola	sociologija	2. letnik	test	Novo mesto
S20-OS-ods-6-LJ-E-2016_2017-40923-0.txt	solar3106s	solar3106t	2016/2017	osnovna šola	drugo	6. razred	esej ali spis	Ljubljana
S20-OS-slo-6-KR-PB-2016_2017-41038-0.txt	solar3107s	solar3107t	2016/2017	osnovna šola	slovenščina	6. razred	praktično besedilo	Kranj
S20-SI-slo-4-LJ-E-2016_2017-22008-12.txt	solar3108s	solar3108t	2016/2017	strokovna šola	slovenščina	4. letnik	esej ali spis	Ljubljana
S20-OS-slo-6-KR-D-2016_2017-41051-0.txt	solar3109s	solar3109t	2016/2017	osnovna šola	slovenščina	6. razred	praktično besedilo	Kranj
KUS-PI-slo-1-NM-R-2009_2010-30244-12.txt	solar3110s	solar3110t	2009/2010	poklicna šola	slovenščina	1. letnik	delo v razredu	Novo mesto
KUS-OS-slo-9-KR-T-2009_2010-40650-0.txt	solar3111s	solar3111t	2009/2010	osnovna šola	slovenščina	9. razred	test	Kranj
KUS-OS-slo-8-KP-E-2009_2010-40687-12.txt	solar3112s	solar3112t	2009/2010	osnovna šola	slovenščina	8. razred	esej ali spis	Koper
S20-SI-slo-3-KK-E-2016_2017-22248-0.txt	solar3113s	solar3113t	2016/2017	strokovna šola	slovenščina	3. letnik	esej ali spis	Krško
S20-PI-slo-1-SG-E-2017_2018-30468-12.txt	solar3114s	solar3114t	2017/2018	poklicna šola	slovenščina	1. letnik	esej ali spis	Slovenj Gradec
KUS-G-zgo-1-LJ-T-2009_2010-11698-12.txt	solar3115s	solar3115t	2009/2010	gimnazija	zgodovina	1. letnik	test	Ljubljana
S20-SI-slo-4-LJ-E-2016_2017-22165-12.txt	solar3116s	solar3116t	2016/2017	strokovna šola	slovenščina	4. letnik	esej ali spis	Ljubljana
KUS-SI-soc-2-NM-T-2009_2010-21762-0.txt	solar3117s	solar3117t	2009/2010	strokovna šola	sociologija	2. letnik	test	Novo mesto
S20-SI-geo-2-KR-T-2016_2017-22399-0.txt	solar3118s	solar3118t	2016/2017	strokovna šola	geografija	2. letnik	test	Kranj
KUS-G-zgo-2-LJ-T-2009_2010-11721-12.txt	solar3119s	solar3119t	2009/2010	gimnazija	zgodovina	2. letnik	test	Ljubljana
KUS-OS-slo-9-NM-E-2009_2010-40796-12.txt	solar3120s	solar3120t	2009/2010	osnovna šola	slovenščina	9. razred	esej ali spis	Novo mesto
S20-SI-slo-3-KR-E-2017_2018-22425-0.txt	solar3121s	solar3121t	2017/2018	strokovna šola	slovenščina	3. letnik	esej ali spis	Kranj
S20-SI-slo-3-KK-D-2016_2017-22201-0.txt	solar3122s	solar3122t	2016/2017	strokovna šola	slovenščina	3. letnik	praktično besedilo	Krško
S20-SI-slo-3-KK-E-2016_2017-22327-0.txt	solar3123s	solar3123t	2016/2017	strokovna šola	slovenščina	3. letnik	esej ali spis	Krško
KUS-SI-slo-4-KK-E-2009_2010-21728-123.txt	solar3124s	solar3124t	2009/2010	strokovna šola	slovenščina	4. letnik	esej ali spis	Krško
S20-SI-slo-2-KK-E-2016_2017-22182-12.txt	solar3125s	solar3125t	2016/2017	strokovna šola	slovenščina	2. letnik	esej ali spis	Krško
KUS-OS-slo-8-KR-E-2009_2010-40640-0.txt	solar3126s	solar3126t	2009/2010	osnovna šola	slovenščina	8. razred	esej ali spis	Kranj
KUS-SI-slo-2-NM-R-2009_2010-21379-0.txt	solar3127s	solar3127t	2009/2010	strokovna šola	slovenščina	2. letnik	delo v razredu	Novo mesto
S20-SI-slo-3-KK-D-2016_2017-22205-0.txt	solar3128s	solar3128t	2016/2017	strokovna šola	slovenščina	3. letnik	praktično besedilo	Krško
S20-PI-slo-4-KR-E-2016_2017-30455-0.txt	solar3129s	solar3129t	2016/2017	poklicna šola	slovenščina	4. letnik	esej ali spis	Kranj
S20-SI-slo-4-KR-E-2017_2018-22702-0.txt	solar3130s	solar3130t	2017/2018	strokovna šola	slovenščina	4. letnik	esej ali spis	Kranj
S20-SI-slo-2-KK-E-2016_2017-22174-0.txt	solar3131s	solar3131t	2016/2017	strokovna šola	slovenščina	2. letnik	esej ali spis	Krško
KUS-OS-slo-9-LJ-E-2009_2010-40751-0.txt	solar3132s	solar3132t	2009/2010	osnovna šola	slovenščina	9. razred	esej ali spis	Ljubljana
KUS-SI-slo-1-NM-R-2009_2010-21348-0.txt	solar3133s	solar3133t	2009/2010	strokovna šola	slovenščina	1. letnik	delo v razredu	Novo mesto
S20-SI-slo-4-LJ-PB-2016_2017-22042-0.txt	solar3134s	solar3134t	2016/2017	strokovna šola	slovenščina	4. letnik	praktično besedilo	Ljubljana
S20-SI-slo-3-KK-E-2016_2017-22218-0.txt	solar3135s	solar3135t	2016/2017	strokovna šola	slovenščina	3. letnik	esej ali spis	Krško
KUS-G-slo-4-LJ-E-2009_2010-11551-123.txt	solar3136s	solar3136t	2009/2010	gimnazija	slovenščina	4. letnik	esej ali spis	Ljubljana
S20-SI-slo-3-KK-E-2016_2017-22250-0.txt	solar3137s	solar3137t	2016/2017	strokovna šola	slovenščina	3. letnik	esej ali spis	Krško
KUS-OS-slo-7-KR-R-2009_2010-40627-0.txt	solar3138s	solar3138t	2009/2010	osnovna šola	slovenščina	7. razred	delo v razredu	Kranj
S20-OS-slo-8-LJ-E-2016_2017-40983-12.txt	solar3139s	solar3139t	2016/2017	osnovna šola	slovenščina	8. razred	esej ali spis	Ljubljana
KUS-SI-slo-4-KK-T-2009_2010-21697-0.txt	solar3140s	solar3140t	2009/2010	strokovna šola	slovenščina	4. letnik	praktično besedilo	Krško
KUS-PI-slo-1-NM-R-2009_2010-30201-0.txt	solar3141s	solar3141t	2009/2010	poklicna šola	slovenščina	1. letnik	delo v razredu	Novo mesto
KUS-SI-slo-2-NM-E-2009_2010-21612-0.txt	solar3142s	solar3142t	2009/2010	strokovna šola	slovenščina	2. letnik	esej ali spis	Novo mesto
KUS-SI-slo-4-KK-T-2009_2010-21664-0.txt	solar3143s	solar3143t	2009/2010	strokovna šola	slovenščina	4. letnik	praktično besedilo	Krško
S20-OS-slo-8-LJ-E-2017_2018-41236-12.txt	solar3144s	solar3144t	2017/2018	osnovna šola	slovenščina	8. razred	esej ali spis	Ljubljana
KUS-SI-slo-4-NM-E-2009_2010-21520-12.txt	solar3145s	solar3145t	2009/2010	strokovna šola	slovenščina	4. letnik	esej ali spis	Novo mesto
S20-SI-gnp-2-KR-T-2016_2017-22397-0.txt	solar3146s	solar3146t	2016/2017	strokovna šola	gostinsko poslovanje	2. letnik	test	Kranj
KUS-G-slo-2-LJ-R-2009_2010-11596-0.txt	solar3147s	solar3147t	2009/2010	gimnazija	slovenščina	2. letnik	delo v razredu	Ljubljana
S20-SI-slo-4-LJ-PB-2016_2017-21968-12.txt	solar3148s	solar3148t	2016/2017	strokovna šola	slovenščina	4. letnik	praktično besedilo	Ljubljana
S20-OS-slo-7-LJ-E-2017_2018-41222-0.txt	solar3149s	solar3149t	2017/2018	osnovna šola	slovenščina	7. razred	esej ali spis	Ljubljana
S20-SI-slo-2-SG-E-2016_2017-22561-12.txt	solar3150s	solar3150t	2016/2017	strokovna šola	slovenščina	2. letnik	esej ali spis	Slovenj Gradec
KUS-PI-slo-2-NM-R-2009_2010-30250-0.txt	solar3151s	solar3151t	2009/2010	poklicna šola	slovenščina	2. letnik	delo v razredu	Novo mesto
S20-SI-gnp-2-KR-T-2016_2017-22398-0.txt	solar3152s	solar3152t	2016/2017	strokovna šola	gostinsko poslovanje	2. letnik	test	Kranj
S20-SI-slo-3-KK-E-2017_2018-22664-12.txt	solar3153s	solar3153t	2017/2018	strokovna šola	slovenščina	3. letnik	esej ali spis	Krško
S20-SI-slo-3-KR-E-2017_2018-22684-0.txt	solar3154s	solar3154t	2017/2018	strokovna šola	slovenščina	3. letnik	esej ali spis	Kranj
KUS-PI-slo-1-NM-R-2009_2010-30229-0.txt	solar3155s	solar3155t	2009/2010	poklicna šola	slovenščina	1. letnik	delo v razredu	Novo mesto
S20-OS-slo-9-KR-D-2016_2017-41081-0.txt	solar3156s	solar3156t	2016/2017	osnovna šola	slovenščina	9. razred	praktično besedilo	Kranj
KUS-OS-slo-6-KR-R-2009_2010-40620-0.txt	solar3157s	solar3157t	2009/2010	osnovna šola	slovenščina	6. razred	delo v razredu	Kranj
S20-SI-slo-3-KR-E-2017_2018-22693-0.txt	solar3158s	solar3158t	2017/2018	strokovna šola	slovenščina	3. letnik	esej ali spis	Kranj
S20-SI-slo-4-LJ-PB-2016_2017-22077-0.txt	solar3159s	solar3159t	2016/2017	strokovna šola	slovenščina	4. letnik	praktično besedilo	Ljubljana
S20-OS-ods-6-LJ-E-2016_2017-40927-0.txt	solar3160s	solar3160t	2016/2017	osnovna šola	drugo	6. razred	esej ali spis	Ljubljana
KUS-G-slo-4-LJ-E-2009_2010-11548-123.txt	solar3161s	solar3161t	2009/2010	gimnazija	slovenščina	4. letnik	esej ali spis	Ljubljana
S20-PI-slo-1-KK-E-2016_2017-30367-0.txt	solar3162s	solar3162t	2016/2017	poklicna šola	slovenščina	1. letnik	esej ali spis	Krško
KUS-OS-slo-7-KR-R-2009_2010-40635-0.txt	solar3163s	solar3163t	2009/2010	osnovna šola	slovenščina	7. razred	delo v razredu	Kranj
S20-SI-slo-4-LJ-E-2016_2017-22107-12.txt	solar3164s	solar3164t	2016/2017	strokovna šola	slovenščina	4. letnik	esej ali spis	Ljubljana
S20-OS-slo-8-LJ-E-2016_2017-40992-123.txt	solar3165s	solar3165t	2016/2017	osnovna šola	slovenščina	8. razred	esej ali spis	Ljubljana
S20-G-slo-1-KK-E-2017_2018-11869-12.txt	solar3166s	solar3166t	2017/2018	gimnazija	slovenščina	1. letnik	esej ali spis	Krško
KUS-G-slo-4-LJ-T-2009_2010-11526-0.txt	solar3167s	solar3167t	2009/2010	gimnazija	slovenščina	4. letnik	praktično besedilo	Ljubljana
KUS-SI-slo-1-NM-E-2009_2010-21584-0.txt	solar3168s	solar3168t	2009/2010	strokovna šola	slovenščina	1. letnik	esej ali spis	Novo mesto
KUS-G-slo-4-LJ-E-2009_2010-11572-12.txt	solar3169s	solar3169t	2009/2010	gimnazija	slovenščina	4. letnik	esej ali spis	Ljubljana
KUS-SI-slo-3-NM-R-2009_2010-21404-12.txt	solar3170s	solar3170t	2009/2010	strokovna šola	slovenščina	3. letnik	delo v razredu	Novo mesto
S20-G-slo-4-LJ-PB-2017_2018-11844-0.txt	solar3171s	solar3171t	2017/2018	gimnazija	slovenščina	4. letnik	praktično besedilo	Ljubljana
KUS-OS-slo-7-KR-R-2009_2010-40636-0.txt	solar3172s	solar3172t	2009/2010	osnovna šola	slovenščina	7. razred	delo v razredu	Kranj
KUS-G-slo-4-LJ-E-2009_2010-11557-12.txt	solar3173s	solar3173t	2009/2010	gimnazija	slovenščina	4. letnik	esej ali spis	Ljubljana
KUS-SI-slo-2-NM-E-2009_2010-21634-12.txt	solar3174s	solar3174t	2009/2010	strokovna šola	slovenščina	2. letnik	esej ali spis	Novo mesto
S20-SI-slo-3-KK-E-2016_2017-22282-0.txt	solar3175s	solar3175t	2016/2017	strokovna šola	slovenščina	3. letnik	esej ali spis	Krško
S20-SI-slo-4-LJ-PB-2016_2017-22056-0.txt	solar3176s	solar3176t	2016/2017	strokovna šola	slovenščina	4. letnik	praktično besedilo	Ljubljana
KUS-SI-slo-4-KK-T-2009_2010-21688-0.txt	solar3177s	solar3177t	2009/2010	strokovna šola	slovenščina	4. letnik	praktično besedilo	Krško
S20-G-slo-4-LJ-PB-2017_2018-11840-0.txt	solar3178s	solar3178t	2017/2018	gimnazija	slovenščina	4. letnik	praktično besedilo	Ljubljana
S20-OS-slo-7-LJ-E-2017_2018-41227-0.txt	solar3179s	solar3179t	2017/2018	osnovna šola	slovenščina	7. razred	esej ali spis	Ljubljana
KUS-SI-slo-1-NM-R-2009_2010-21356-12.txt	solar3180s	solar3180t	2009/2010	strokovna šola	slovenščina	1. letnik	delo v razredu	Novo mesto
S20-OS-slo-7-LJ-E-2017_2018-41216-12.txt	solar3181s	solar3181t	2017/2018	osnovna šola	slovenščina	7. razred	esej ali spis	Ljubljana
S20-OS-slo-8-PO-E-2017_2018-41126-123.txt	solar3182s	solar3182t	2017/2018	osnovna šola	slovenščina	8. razred	esej ali spis	Postojna
KUS-SI-slo-2-NM-E-2009_2010-21605-0.txt	solar3183s	solar3183t	2009/2010	strokovna šola	slovenščina	2. letnik	esej ali spis	Novo mesto
KUS-SI-slo-1-NM-R-2009_2010-21341-0.txt	solar3184s	solar3184t	2009/2010	strokovna šola	slovenščina	1. letnik	delo v razredu	Novo mesto
KUS-OS-slo-7-KP-E-2009_2010-40662-12.txt	solar3185s	solar3185t	2009/2010	osnovna šola	slovenščina	7. razred	esej ali spis	Koper
S20-NN-slo-4-KK-E-2016_2017-50045-12.txt	solar3186s	solar3186t	2016/2017	neznano	slovenščina	4. letnik	esej ali spis	Krško
KUS-PI-slo-1-NM-R-2009_2010-30226-0.txt	solar3187s	solar3187t	2009/2010	poklicna šola	slovenščina	1. letnik	delo v razredu	Novo mesto
S20-OS-slo-8-PO-T-2017_2018-41107-0.txt	solar3188s	solar3188t	2017/2018	osnovna šola	slovenščina	8. razred	praktično besedilo	Postojna
KUS-SI-slo-4-KK-T-2009_2010-21709-0.txt	solar3189s	solar3189t	2009/2010	strokovna šola	slovenščina	4. letnik	praktično besedilo	Krško
S20-SI-slo-3-KK-E-2016_2017-22244-0.txt	solar3190s	solar3190t	2016/2017	strokovna šola	slovenščina	3. letnik	esej ali spis	Krško
KUS-PI-slo-2-KK-T-2009_2010-30320-0.txt	solar3191s	solar3191t	2009/2010	poklicna šola	slovenščina	2. letnik	praktično besedilo	Krško
S20-OS-slo-6-LJ-E-2016_2017-41137-12.txt	solar3192s	solar3192t	2016/2017	osnovna šola	slovenščina	6. razred	esej ali spis	Ljubljana
KUS-SI-soc-2-NM-T-2009_2010-21816-0.txt	solar3193s	solar3193t	2009/2010	strokovna šola	sociologija	2. letnik	test	Novo mesto
S20-OS-slo-6-LJ-E-2016_2017-41140-123.txt	solar3194s	solar3194t	2016/2017	osnovna šola	slovenščina	6. razred	esej ali spis	Ljubljana
S20-PI-slo-2-SG-E-2016_2017-30475-0.txt	solar3195s	solar3195t	2016/2017	poklicna šola	slovenščina	2. letnik	esej ali spis	Slovenj Gradec
S20-SI-slo-4-LJ-PB-2016_2017-21915-0.txt	solar3196s	solar3196t	2016/2017	strokovna šola	slovenščina	4. letnik	praktično besedilo	Ljubljana
KUS-SI-slo-4-NM-R-2009_2010-21419-0.txt	solar3197s	solar3197t	2009/2010	strokovna šola	slovenščina	4. letnik	delo v razredu	Novo mesto
KUS-SI-slo-2-NM-E-2009_2010-21554-0.txt	solar3198s	solar3198t	2009/2010	strokovna šola	slovenščina	2. letnik	esej ali spis	Novo mesto
S20-PI-slo-4-KK-E-2016_2017-30415-0.txt	solar3199s	solar3199t	2016/2017	poklicna šola	slovenščina	4. letnik	esej ali spis	Krško
KUS-PI-slo-1-NM-R-2009_2010-30210-12.txt	solar3200s	solar3200t	2009/2010	poklicna šola	slovenščina	1. letnik	delo v razredu	Novo mesto
S20-SI-slo-4-LJ-PB-2016_2017-21961-0.txt	solar3201s	solar3201t	2016/2017	strokovna šola	slovenščina	4. letnik	praktično besedilo	Ljubljana
S20-SI-slo-3-KR-E-2017_2018-22692-0.txt	solar3202s	solar3202t	2017/2018	strokovna šola	slovenščina	3. letnik	esej ali spis	Kranj
KUS-PI-slo-1-NM-R-2009_2010-30197-0.txt	solar3203s	solar3203t	2009/2010	poklicna šola	slovenščina	1. letnik	delo v razredu	Novo mesto
S20-PI-slo-4-KK-E-2016_2017-30426-0.txt	solar3204s	solar3204t	2016/2017	poklicna šola	slovenščina	4. letnik	esej ali spis	Krško
S20-SI-slo-3-KK-E-2016_2017-22339-0.txt	solar3205s	solar3205t	2016/2017	strokovna šola	slovenščina	3. letnik	esej ali spis	Krško
KUS-G-slo-4-LJ-T-2009_2010-11522-0.txt	solar3206s	solar3206t	2009/2010	gimnazija	slovenščina	4. letnik	praktično besedilo	Ljubljana
KUS-SI-slo-4-KK-T-2009_2010-21712-0.txt	solar3207s	solar3207t	2009/2010	strokovna šola	slovenščina	4. letnik	praktično besedilo	Krško
S20-G-slo-2-LJ-PB-2017_2018-11849-0.txt	solar3208s	solar3208t	2017/2018	gimnazija	slovenščina	2. letnik	praktično besedilo	Ljubljana
KUS-SI-soc-2-NM-T-2009_2010-21854-0.txt	solar3209s	solar3209t	2009/2010	strokovna šola	sociologija	2. letnik	test	Novo mesto
S20-SI-slo-3-KK-E-2016_2017-22310-12.txt	solar3210s	solar3210t	2016/2017	strokovna šola	slovenščina	3. letnik	esej ali spis	Krško
S20-OS-slo-7-LJ-E-2017_2018-41233-12.txt	solar3211s	solar3211t	2017/2018	osnovna šola	slovenščina	7. razred	esej ali spis	Ljubljana
S20-SI-slo-3-KK-E-2016_2017-22305-0.txt	solar3212s	solar3212t	2016/2017	strokovna šola	slovenščina	3. letnik	esej ali spis	Krško
S20-SI-slo-3-KK-E-2016_2017-22290-0.txt	solar3213s	solar3213t	2016/2017	strokovna šola	slovenščina	3. letnik	esej ali spis	Krško
S20-SI-slo-4-KR-E-2016_2017-22483-0.txt	solar3214s	solar3214t	2016/2017	strokovna šola	slovenščina	4. letnik	esej ali spis	Kranj
S20-SI-slo-3-KK-E-2016_2017-22255-0.txt	solar3215s	solar3215t	2016/2017	strokovna šola	slovenščina	3. letnik	esej ali spis	Krško
S20-SI-slo-4-LJ-PB-2016_2017-21972-12.txt	solar3216s	solar3216t	2016/2017	strokovna šola	slovenščina	4. letnik	praktično besedilo	Ljubljana
S20-OS-slo-6-LJ-E-2016_2017-41148-12.txt	solar3217s	solar3217t	2016/2017	osnovna šola	slovenščina	6. razred	esej ali spis	Ljubljana
S20-SI-slo-2-KR-E-2017_2018-22672-0.txt	solar3218s	solar3218t	2017/2018	strokovna šola	slovenščina	2. letnik	esej ali spis	Kranj
S20-OS-slo-6-KR-D-2016_2017-41058-12.txt	solar3219s	solar3219t	2016/2017	osnovna šola	slovenščina	6. razred	praktično besedilo	Kranj
KUS-OS-slo-9-LJ-E-2009_2010-40754-0.txt	solar3220s	solar3220t	2009/2010	osnovna šola	slovenščina	9. razred	esej ali spis	Ljubljana
S20-SI-slo-4-KK-E-2017_2018-22641-0.txt	solar3221s	solar3221t	2017/2018	strokovna šola	slovenščina	4. letnik	esej ali spis	Krško
S20-SI-slo-1-SG-E-2017_2018-22537-0.txt	solar3222s	solar3222t	2017/2018	strokovna šola	slovenščina	1. letnik	esej ali spis	Slovenj Gradec
S20-G-slo-1-LJ-PB-2016_2017-11755-12.txt	solar3223s	solar3223t	2016/2017	gimnazija	slovenščina	1. letnik	praktično besedilo	Ljubljana
KUS-OS-slo-7-KP-E-2009_2010-40667-123.txt	solar3224s	solar3224t	2009/2010	osnovna šola	slovenščina	7. razred	esej ali spis	Koper
S20-PI-slo-5-KR-R-2017_2018-30528-0.txt	solar3225s	solar3225t	2017/2018	poklicna šola	slovenščina	5. letnik	delo v razredu	Kranj
S20-G-slo-1-LJ-E-2016_2017-11800-0.txt	solar3226s	solar3226t	2016/2017	gimnazija	slovenščina	1. letnik	esej ali spis	Ljubljana
S20-SI-slo-4-SG-E-2017_2018-22751-12.txt	solar3227s	solar3227t	2017/2018	strokovna šola	slovenščina	4. letnik	esej ali spis	Slovenj Gradec
KUS-SI-slo-4-NM-E-2009_2010-21535-123.txt	solar3228s	solar3228t	2009/2010	strokovna šola	slovenščina	4. letnik	esej ali spis	Novo mesto
KUS-OS-slo-6-LJ-R-2009_2010-40763-0.txt	solar3229s	solar3229t	2009/2010	osnovna šola	slovenščina	6. razred	delo v razredu	Ljubljana
S20-OS-slo-9-CE-D-2016_2017-40883-0.txt	solar3230s	solar3230t	2016/2017	osnovna šola	slovenščina	9. razred	praktično besedilo	Celje
S20-PI-slo-5-SG-E-2017_2018-30545-12.txt	solar3231s	solar3231t	2017/2018	poklicna šola	slovenščina	5. letnik	esej ali spis	Slovenj Gradec
S20-OS-slo-6-KR-D-2016_2017-41009-0.txt	solar3232s	solar3232t	2016/2017	osnovna šola	slovenščina	6. razred	praktično besedilo	Kranj
S20-OS-slo-8-PO-E-2016_2017-40960-12.txt	solar3233s	solar3233t	2016/2017	osnovna šola	slovenščina	8. razred	esej ali spis	Postojna
KUS-OS-slo-6-KR-R-2009_2010-40622-0.txt	solar3234s	solar3234t	2009/2010	osnovna šola	slovenščina	6. razred	delo v razredu	Kranj
S20-SI-slo-2-SG-E-2017_2018-22553-12.txt	solar3235s	solar3235t	2017/2018	strokovna šola	slovenščina	2. letnik	esej ali spis	Slovenj Gradec
KUS-G-zgo-3-LJ-T-2009_2010-11728-123.txt	solar3236s	solar3236t	2009/2010	gimnazija	zgodovina	3. letnik	test	Ljubljana
KUS-PI-slo-2-KK-T-2009_2010-30318-0.txt	solar3237s	solar3237t	2009/2010	poklicna šola	slovenščina	2. letnik	praktično besedilo	Krško
S20-PI-slo-4-KK-E-2016_2017-30378-0.txt	solar3238s	solar3238t	2016/2017	poklicna šola	slovenščina	4. letnik	esej ali spis	Krško
S20-PI-slo-2-SG-D-2016_2017-30486-0.txt	solar3239s	solar3239t	2016/2017	poklicna šola	slovenščina	2. letnik	test	Slovenj Gradec
KUS-OS-slo-7-GO-R-2009_2010-40699-12.txt	solar3240s	solar3240t	2009/2010	osnovna šola	slovenščina	7. razred	delo v razredu	Gorica
S20-OS-slo-9-CE-D-2016_2017-40894-N.txt	solar3241s	solar3241t	2016/2017	osnovna šola	slovenščina	9. razred	esej ali spis	Celje
KUS-G-slo-2-LJ-R-2009_2010-11598-0.txt	solar3242s	solar3242t	2009/2010	gimnazija	slovenščina	2. letnik	delo v razredu	Ljubljana
S20-OS-slo-6-KR-D-2016_2017-41015-0.txt	solar3243s	solar3243t	2016/2017	osnovna šola	slovenščina	6. razred	praktično besedilo	Kranj
S20-SI-slo-4-KR-D-2016_2017-22501-0.txt	solar3244s	solar3244t	2016/2017	strokovna šola	slovenščina	4. letnik	praktično besedilo	Kranj
KUS-G-zgo-2-LJ-T-2009_2010-11717-12.txt	solar3245s	solar3245t	2009/2010	gimnazija	zgodovina	2. letnik	test	Ljubljana
S20-SI-slo-4-KR-E-2016_2017-22485-0.txt	solar3246s	solar3246t	2016/2017	strokovna šola	slovenščina	4. letnik	esej ali spis	Kranj
S20-NN-slo-4-KK-E-2016_2017-50039-0.txt	solar3247s	solar3247t	2016/2017	neznano	slovenščina	4. letnik	esej ali spis	Krško
S20-SI-slo-3-SG-E-2017_2018-22730-0.txt	solar3248s	solar3248t	2017/2018	strokovna šola	slovenščina	3. letnik	esej ali spis	Slovenj Gradec
KUS-SI-slo-2-NM-R-2009_2010-21377-0.txt	solar3249s	solar3249t	2009/2010	strokovna šola	slovenščina	2. letnik	delo v razredu	Novo mesto
S20-G-slo-4-LJ-PB-2017_2018-11842-0.txt	solar3250s	solar3250t	2017/2018	gimnazija	slovenščina	4. letnik	praktično besedilo	Ljubljana
S20-OS-slo-8-LJ-E-2017_2018-41250-12.txt	solar3251s	solar3251t	2017/2018	osnovna šola	slovenščina	8. razred	esej ali spis	Ljubljana
KUS-G-zgo-1-LJ-T-2009_2010-11709-12.txt	solar3252s	solar3252t	2009/2010	gimnazija	zgodovina	1. letnik	test	Ljubljana
KUS-PI-slo-2-NM-E-2009_2010-30278-0.txt	solar3253s	solar3253t	2009/2010	poklicna šola	slovenščina	2. letnik	esej ali spis	Novo mesto
S20-PI-slo-4-SG-E-2016_2017-30497-12.txt	solar3254s	solar3254t	2016/2017	poklicna šola	slovenščina	4. letnik	esej ali spis	Slovenj Gradec
KUS-SI-slo-4-NM-E-2009_2010-21511-0.txt	solar3255s	solar3255t	2009/2010	strokovna šola	slovenščina	4. letnik	esej ali spis	Novo mesto
KUS-OS-slo-9-NM-E-2009_2010-40805-12.txt	solar3256s	solar3256t	2009/2010	osnovna šola	slovenščina	9. razred	esej ali spis	Novo mesto
KUS-G-slo-2-GO-T-2009_2010-11628-0.txt	solar3257s	solar3257t	2009/2010	gimnazija	slovenščina	2. letnik	praktično besedilo	Gorica
S20-G-slo-4-KK-E-2016_2017-11823-12.txt	solar3258s	solar3258t	2016/2017	gimnazija	slovenščina	4. letnik	esej ali spis	Krško
S20-NN-slo-3-KK-E-2016_2017-50007-0.txt	solar3259s	solar3259t	2016/2017	neznano	slovenščina	3. letnik	esej ali spis	Krško
KUS-SI-soc-2-NM-T-2009_2010-21859-0.txt	solar3260s	solar3260t	2009/2010	strokovna šola	sociologija	2. letnik	test	Novo mesto
S20-SI-slo-2-LJ-PB-2017_2018-22610-0.txt	solar3261s	solar3261t	2017/2018	strokovna šola	slovenščina	2. letnik	praktično besedilo	Ljubljana
S20-SI-slo-4-LJ-PB-2016_2017-21908-0.txt	solar3262s	solar3262t	2016/2017	strokovna šola	slovenščina	4. letnik	praktično besedilo	Ljubljana
KUS-SI-slo-4-NM-E-2009_2010-21519-12.txt	solar3263s	solar3263t	2009/2010	strokovna šola	slovenščina	4. letnik	esej ali spis	Novo mesto
KUS-PI-slo-1-KK-T-2009_2010-30351-12.txt	solar3264s	solar3264t	2009/2010	poklicna šola	slovenščina	1. letnik	test	Krško
KUS-OS-slo-7-KR-R-2009_2010-40634-0.txt	solar3265s	solar3265t	2009/2010	osnovna šola	slovenščina	7. razred	delo v razredu	Kranj
KUS-G-zgo-3-LJ-T-2009_2010-11731-123.txt	solar3266s	solar3266t	2009/2010	gimnazija	zgodovina	3. letnik	test	Ljubljana
S20-SI-slo-2-KK-E-2016_2017-22176-12.txt	solar3267s	solar3267t	2016/2017	strokovna šola	slovenščina	2. letnik	esej ali spis	Krško
S20-PI-slo-2-KR-E-2017_2018-30432-0.txt	solar3268s	solar3268t	2017/2018	poklicna šola	slovenščina	2. letnik	esej ali spis	Kranj
KUS-SI-slo-1-NM-R-2009_2010-21353-12.txt	solar3269s	solar3269t	2009/2010	strokovna šola	slovenščina	1. letnik	delo v razredu	Novo mesto
KUS-G-zgo-1-LJ-T-2009_2010-11692-12.txt	solar3270s	solar3270t	2009/2010	gimnazija	zgodovina	1. letnik	test	Ljubljana
S20-OS-slo-9-LJ-E-2017_2018-41267-12.txt	solar3271s	solar3271t	2017/2018	osnovna šola	slovenščina	9. razred	esej ali spis	Ljubljana
S20-SI-zgo-2-KR-T-2016_2017-22390-0.txt	solar3272s	solar3272t	2016/2017	strokovna šola	zgodovina	2. letnik	test	Kranj
S20-SI-slo-4-LJ-PB-2016_2017-21923-0.txt	solar3273s	solar3273t	2016/2017	strokovna šola	slovenščina	4. letnik	praktično besedilo	Ljubljana
S20-G-slo-1-LJ-E-2016_2017-11738-12.txt	solar3274s	solar3274t	2016/2017	gimnazija	slovenščina	1. letnik	esej ali spis	Ljubljana
S20-G-slo-2-LJ-PB-2017_2018-11859-0.txt	solar3275s	solar3275t	2017/2018	gimnazija	slovenščina	2. letnik	praktično besedilo	Ljubljana
S20-SI-slo-2-SG-E-2016_2017-22568-12.txt	solar3276s	solar3276t	2016/2017	strokovna šola	slovenščina	2. letnik	esej ali spis	Slovenj Gradec
S20-G-slo-2-KK-E-2017_2018-11880-12.txt	solar3277s	solar3277t	2017/2018	gimnazija	slovenščina	2. letnik	esej ali spis	Krško
S20-SI-gnp-3-KR-T-2016_2017-22417-0.txt	solar3278s	solar3278t	2016/2017	strokovna šola	gostinsko poslovanje	3. letnik	test	Kranj
KUS-OS-slo-9-KR-T-2009_2010-40645-0.txt	solar3279s	solar3279t	2009/2010	osnovna šola	slovenščina	9. razred	test	Kranj
S20-SI-slo-4-KR-E-2016_2017-22448-0.txt	solar3280s	solar3280t	2016/2017	strokovna šola	slovenščina	4. letnik	esej ali spis	Kranj
KUS-G-slo-4-LJ-T-2009_2010-11537-0.txt	solar3281s	solar3281t	2009/2010	gimnazija	slovenščina	4. letnik	praktično besedilo	Ljubljana
KUS-PI-slo-1-NM-R-2009_2010-30243-12.txt	solar3282s	solar3282t	2009/2010	poklicna šola	slovenščina	1. letnik	delo v razredu	Novo mesto
S20-SI-slo-3-KK-E-2016_2017-22277-0.txt	solar3283s	solar3283t	2016/2017	strokovna šola	slovenščina	3. letnik	esej ali spis	Krško
S20-OS-slo-9-CE-E-2016_2017-40889-123.txt	solar3284s	solar3284t	2016/2017	osnovna šola	slovenščina	9. razred	esej ali spis	Celje
KUS-G-slo-2-GO-T-2009_2010-11665-0.txt	solar3285s	solar3285t	2009/2010	gimnazija	slovenščina	2. letnik	praktično besedilo	Gorica
S20-PI-slo-2-SG-D-2016_2017-30487-0.txt	solar3286s	solar3286t	2016/2017	poklicna šola	slovenščina	2. letnik	test	Slovenj Gradec
KUS-PI-slo-2-KK-T-2009_2010-30337-0.txt	solar3287s	solar3287t	2009/2010	poklicna šola	slovenščina	2. letnik	praktično besedilo	Krško
KUS-PI-slo-2-NM-R-2009_2010-30269-0.txt	solar3288s	solar3288t	2009/2010	poklicna šola	slovenščina	2. letnik	delo v razredu	Novo mesto
KUS-PI-slo-2-NM-E-2009_2010-30285-12.txt	solar3289s	solar3289t	2009/2010	poklicna šola	slovenščina	2. letnik	esej ali spis	Novo mesto
S20-PI-slo-5-KR-R-2017_2018-30530-0.txt	solar3290s	solar3290t	2017/2018	poklicna šola	slovenščina	5. letnik	delo v razredu	Kranj
S20-OS-slo-6-KR-D-2016_2017-41054-0.txt	solar3291s	solar3291t	2016/2017	osnovna šola	slovenščina	6. razred	praktično besedilo	Kranj
S20-OS-slo-9-PO-T-2016_2017-40965-0.txt	solar3292s	solar3292t	2016/2017	osnovna šola	slovenščina	9. razred	praktično besedilo	Postojna
S20-PI-slo-4-KK-E-2016_2017-30400-0.txt	solar3293s	solar3293t	2016/2017	poklicna šola	slovenščina	4. letnik	esej ali spis	Krško
S20-OS-slo-7-LJ-E-2016_2017-41159-0.txt	solar3294s	solar3294t	2016/2017	osnovna šola	slovenščina	7. razred	esej ali spis	Ljubljana
KUS-PI-slo-2-KK-T-2009_2010-30317-0.txt	solar3295s	solar3295t	2009/2010	poklicna šola	slovenščina	2. letnik	praktično besedilo	Krško
S20-G-slo-1-KK-E-2017_2018-11870-0.txt	solar3296s	solar3296t	2017/2018	gimnazija	slovenščina	1. letnik	esej ali spis	Krško
KUS-PI-slo-2-NM-E-2009_2010-30276-0.txt	solar3297s	solar3297t	2009/2010	poklicna šola	slovenščina	2. letnik	esej ali spis	Novo mesto
KUS-G-zgo-MT-CE-T-2009_2010-11677-1234.txt	solar3298s	solar3298t	2009/2010	gimnazija	zgodovina	maturitetni tečaj	test	Celje
S20-PI-slo-2-SG-D-2016_2017-30485-0.txt	solar3299s	solar3299t	2016/2017	poklicna šola	slovenščina	2. letnik	test	Slovenj Gradec
S20-OS-slo-6-LJ-E-2017_2018-41192-0.txt	solar3300s	solar3300t	2017/2018	osnovna šola	slovenščina	6. razred	esej ali spis	Ljubljana
KUS-SI-slo-2-NM-E-2009_2010-21547-0.txt	solar3301s	solar3301t	2009/2010	strokovna šola	slovenščina	2. letnik	esej ali spis	Novo mesto
KUS-SI-slo-4-NM-E-2009_2010-21600-0.txt	solar3302s	solar3302t	2009/2010	strokovna šola	slovenščina	4. letnik	esej ali spis	Novo mesto
S20-NN-slo-4-KK-E-2016_2017-50015-0.txt	solar3303s	solar3303t	2016/2017	neznano	slovenščina	4. letnik	esej ali spis	Krško
S20-OS-slo-8-PO-T-2016_2017-40955-0.txt	solar3304s	solar3304t	2016/2017	osnovna šola	slovenščina	8. razred	praktično besedilo	Postojna
S20-SI-slo-4-LJ-PB-2016_2017-22058-0.txt	solar3305s	solar3305t	2016/2017	strokovna šola	slovenščina	4. letnik	praktično besedilo	Ljubljana
S20-NN-slo-4-KK-E-2016_2017-50022-12.txt	solar3306s	solar3306t	2016/2017	neznano	slovenščina	4. letnik	esej ali spis	Krško
S20-SI-slo-4-LJ-PB-2016_2017-22080-0.txt	solar3307s	solar3307t	2016/2017	strokovna šola	slovenščina	4. letnik	praktično besedilo	Ljubljana
KUS-SI-slo-4-KK-T-2009_2010-21704-0.txt	solar3308s	solar3308t	2009/2010	strokovna šola	slovenščina	4. letnik	praktično besedilo	Krško
KUS-OS-slo-8-KP-E-2009_2010-40686-12.txt	solar3309s	solar3309t	2009/2010	osnovna šola	slovenščina	8. razred	esej ali spis	Koper
S20-SI-gnp-3-KR-T-2016_2017-22416-0.txt	solar3310s	solar3310t	2016/2017	strokovna šola	gostinsko poslovanje	3. letnik	test	Kranj
KUS-SI-soc-2-NM-T-2009_2010-21751-0.txt	solar3311s	solar3311t	2009/2010	strokovna šola	sociologija	2. letnik	test	Novo mesto
S20-SI-slo-4-SG-E-2016_2017-22606-0.txt	solar3312s	solar3312t	2016/2017	strokovna šola	slovenščina	4. letnik	esej ali spis	Slovenj Gradec
KUS-G-slo-2-GO-T-2009_2010-11655-0.txt	solar3313s	solar3313t	2009/2010	gimnazija	slovenščina	2. letnik	praktično besedilo	Gorica
S20-SI-slo-4-KR-E-2016_2017-22488-0.txt	solar3314s	solar3314t	2016/2017	strokovna šola	slovenščina	4. letnik	esej ali spis	Kranj
KUS-OS-slo-9-GO-R-2009_2010-40723-0.txt	solar3315s	solar3315t	2009/2010	osnovna šola	slovenščina	9. razred	delo v razredu	Gorica
S20-OS-slo-6-LJ-E-2017_2018-41174-12.txt	solar3316s	solar3316t	2017/2018	osnovna šola	slovenščina	6. razred	esej ali spis	Ljubljana
S20-OS-slo-9-LJ-E-2017_2018-41268-12.txt	solar3317s	solar3317t	2017/2018	osnovna šola	slovenščina	9. razred	esej ali spis	Ljubljana
S20-PI-slo-5-KR-R-2017_2018-30525-0.txt	solar3318s	solar3318t	2017/2018	poklicna šola	slovenščina	5. letnik	delo v razredu	Kranj
S20-PI-slo-2-SG-D-2016_2017-30481-0.txt	solar3319s	solar3319t	2016/2017	poklicna šola	slovenščina	2. letnik	test	Slovenj Gradec
S20-OS-slo-6-LJ-E-2017_2018-41180-12.txt	solar3320s	solar3320t	2017/2018	osnovna šola	slovenščina	6. razred	esej ali spis	Ljubljana
KUS-OS-slo-6-LJ-R-2009_2010-40769-12.txt	solar3321s	solar3321t	2009/2010	osnovna šola	slovenščina	6. razred	delo v razredu	Ljubljana
S20-SI-slo-4-LJ-PB-2016_2017-21973-12.txt	solar3322s	solar3322t	2016/2017	strokovna šola	slovenščina	4. letnik	praktično besedilo	Ljubljana
KUS-SI-slo-1-NM-E-2009_2010-21587-0.txt	solar3323s	solar3323t	2009/2010	strokovna šola	slovenščina	1. letnik	esej ali spis	Novo mesto
KUS-G-slo-2-LJ-R-2009_2010-11599-0.txt	solar3324s	solar3324t	2009/2010	gimnazija	slovenščina	2. letnik	delo v razredu	Ljubljana
KUS-OS-slo-7-GO-R-2009_2010-40701-12.txt	solar3325s	solar3325t	2009/2010	osnovna šola	slovenščina	7. razred	delo v razredu	Gorica
KUS-G-zgo-1-LJ-T-2009_2010-11700-12.txt	solar3326s	solar3326t	2009/2010	gimnazija	zgodovina	1. letnik	test	Ljubljana
S20-SI-slo-4-LJ-PB-2016_2017-22035-0.txt	solar3327s	solar3327t	2016/2017	strokovna šola	slovenščina	4. letnik	praktično besedilo	Ljubljana
S20-OS-slo-6-KR-PB-2016_2017-41037-0.txt	solar3328s	solar3328t	2016/2017	osnovna šola	slovenščina	6. razred	praktično besedilo	Kranj
KUS-PI-slo-1-NM-R-2009_2010-30211-0.txt	solar3329s	solar3329t	2009/2010	poklicna šola	slovenščina	1. letnik	delo v razredu	Novo mesto
KUS-SI-slo-4-KK-E-2009_2010-21720-12.txt	solar3330s	solar3330t	2009/2010	strokovna šola	slovenščina	4. letnik	esej ali spis	Krško
S20-OS-slo-6-KR-D-2016_2017-41053-12.txt	solar3331s	solar3331t	2016/2017	osnovna šola	slovenščina	6. razred	praktično besedilo	Kranj
S20-SI-slo-2-SG-E-2017_2018-22552-12.txt	solar3332s	solar3332t	2017/2018	strokovna šola	slovenščina	2. letnik	esej ali spis	Slovenj Gradec
KUS-SI-slo-4-NM-T-2009_2010-21452-0.txt	solar3333s	solar3333t	2009/2010	strokovna šola	slovenščina	4. letnik	praktično besedilo	Novo mesto
S20-OS-slo-7-LJ-E-2017_2018-41226-12.txt	solar3334s	solar3334t	2017/2018	osnovna šola	slovenščina	7. razred	esej ali spis	Ljubljana
KUS-SI-slo-4-NM-R-2009_2010-21501-0.txt	solar3335s	solar3335t	2009/2010	strokovna šola	slovenščina	4. letnik	delo v razredu	Novo mesto
KUS-G-slo-4-LJ-E-2009_2010-11560-1234.txt	solar3336s	solar3336t	2009/2010	gimnazija	slovenščina	4. letnik	esej ali spis	Ljubljana
KUS-PI-slo-2-NM-R-2009_2010-30261-0.txt	solar3337s	solar3337t	2009/2010	poklicna šola	slovenščina	2. letnik	delo v razredu	Novo mesto
KUS-SI-slo-1-NM-R-2009_2010-21338-0.txt	solar3338s	solar3338t	2009/2010	strokovna šola	slovenščina	1. letnik	delo v razredu	Novo mesto
S20-SI-slo-4-LJ-E-2016_2017-22151-12.txt	solar3339s	solar3339t	2016/2017	strokovna šola	slovenščina	4. letnik	esej ali spis	Ljubljana
S20-G-slo-1-KK-E-2017_2018-11867-12.txt	solar3340s	solar3340t	2017/2018	gimnazija	slovenščina	1. letnik	esej ali spis	Krško
KUS-G-slo-2-GO-T-2009_2010-11648-0.txt	solar3341s	solar3341t	2009/2010	gimnazija	slovenščina	2. letnik	praktično besedilo	Gorica
S20-OS-slo-6-LJ-E-2016_2017-41144-12.txt	solar3342s	solar3342t	2016/2017	osnovna šola	slovenščina	6. razred	esej ali spis	Ljubljana
S20-SI-slo-4-LJ-PB-2016_2017-22046-0.txt	solar3343s	solar3343t	2016/2017	strokovna šola	slovenščina	4. letnik	praktično besedilo	Ljubljana
S20-G-slo-1-LJ-E-2016_2017-11744-12.txt	solar3344s	solar3344t	2016/2017	gimnazija	slovenščina	1. letnik	esej ali spis	Ljubljana
S20-G-slo-1-LJ-PB-2016_2017-11761-0.txt	solar3345s	solar3345t	2016/2017	gimnazija	slovenščina	1. letnik	praktično besedilo	Ljubljana
S20-SI-slo-2-SG-E-2017_2018-22755-0.txt	solar3346s	solar3346t	2017/2018	strokovna šola	slovenščina	2. letnik	esej ali spis	Slovenj Gradec
KUS-SI-slo-4-NM-E-2009_2010-21537-123.txt	solar3347s	solar3347t	2009/2010	strokovna šola	slovenščina	4. letnik	esej ali spis	Novo mesto
S20-SI-slo-3-KR-E-2016_2017-22471-0.txt	solar3348s	solar3348t	2016/2017	strokovna šola	slovenščina	3. letnik	esej ali spis	Kranj
KUS-SI-soc-2-NM-T-2009_2010-21740-0.txt	solar3349s	solar3349t	2009/2010	strokovna šola	sociologija	2. letnik	test	Novo mesto
KUS-G-slo-2-GO-T-2009_2010-11646-0.txt	solar3350s	solar3350t	2009/2010	gimnazija	slovenščina	2. letnik	praktično besedilo	Gorica
KUS-SI-soc-2-NM-T-2009_2010-21781-0.txt	solar3351s	solar3351t	2009/2010	strokovna šola	sociologija	2. letnik	test	Novo mesto
S20-SI-slo-4-LJ-PB-2016_2017-22068-0.txt	solar3352s	solar3352t	2016/2017	strokovna šola	slovenščina	4. letnik	praktično besedilo	Ljubljana
S20-SI-slo-4-SG-E-2017_2018-22746-12.txt	solar3353s	solar3353t	2017/2018	strokovna šola	slovenščina	4. letnik	esej ali spis	Slovenj Gradec
S20-G-slo-1-LJ-E-2016_2017-11750-12.txt	solar3354s	solar3354t	2016/2017	gimnazija	slovenščina	1. letnik	esej ali spis	Ljubljana
KUS-G-slo-2-GO-T-2009_2010-11644-0.txt	solar3355s	solar3355t	2009/2010	gimnazija	slovenščina	2. letnik	praktično besedilo	Gorica
KUS-OS-slo-8-NM-E-2009_2010-40744-12.txt	solar3356s	solar3356t	2009/2010	osnovna šola	slovenščina	8. razred	esej ali spis	Novo mesto
KUS-SI-slo-2-NM-E-2009_2010-21633-0.txt	solar3357s	solar3357t	2009/2010	strokovna šola	slovenščina	2. letnik	esej ali spis	Novo mesto
KUS-PI-slo-2-NM-E-2009_2010-30283-12.txt	solar3358s	solar3358t	2009/2010	poklicna šola	slovenščina	2. letnik	esej ali spis	Novo mesto
KUS-PI-slo-1-KK-T-2009_2010-30339-0.txt	solar3359s	solar3359t	2009/2010	poklicna šola	slovenščina	1. letnik	test	Krško
KUS-OS-slo-8-GO-R-2009_2010-40711-0.txt	solar3360s	solar3360t	2009/2010	osnovna šola	slovenščina	8. razred	delo v razredu	Gorica
KUS-SI-slo-4-NM-R-2009_2010-21499-0.txt	solar3361s	solar3361t	2009/2010	strokovna šola	slovenščina	4. letnik	delo v razredu	Novo mesto
KUS-G-slo-4-LJ-T-2009_2010-11525-0.txt	solar3362s	solar3362t	2009/2010	gimnazija	slovenščina	4. letnik	praktično besedilo	Ljubljana
S20-SI-slo-4-LJ-PB-2016_2017-21958-0.txt	solar3363s	solar3363t	2016/2017	strokovna šola	slovenščina	4. letnik	praktično besedilo	Ljubljana
KUS-SI-slo-4-NM-R-2009_2010-21406-0.txt	solar3364s	solar3364t	2009/2010	strokovna šola	slovenščina	4. letnik	delo v razredu	Novo mesto
S20-SI-slo-3-SG-E-2017_2018-22727-0.txt	solar3365s	solar3365t	2017/2018	strokovna šola	slovenščina	3. letnik	esej ali spis	Slovenj Gradec
KUS-G-slo-2-LJ-R-2009_2010-11610-12.txt	solar3366s	solar3366t	2009/2010	gimnazija	slovenščina	2. letnik	delo v razredu	Ljubljana
KUS-G-zgo-MT-CE-T-2009_2010-11680-1234.txt	solar3367s	solar3367t	2009/2010	gimnazija	zgodovina	maturitetni tečaj	test	Celje
KUS-SI-slo-4-KK-T-2009_2010-21678-0.txt	solar3368s	solar3368t	2009/2010	strokovna šola	slovenščina	4. letnik	praktično besedilo	Krško
S20-SI-slo-4-LJ-E-2016_2017-22140-12.txt	solar3369s	solar3369t	2016/2017	strokovna šola	slovenščina	4. letnik	esej ali spis	Ljubljana
S20-SI-slo-4-LJ-PB-2016_2017-21995-0.txt	solar3370s	solar3370t	2016/2017	strokovna šola	slovenščina	4. letnik	praktično besedilo	Ljubljana
KUS-OS-slo-8-KP-E-2009_2010-40673-0.txt	solar3371s	solar3371t	2009/2010	osnovna šola	slovenščina	8. razred	esej ali spis	Koper
S20-SI-slo-4-LJ-PB-2016_2017-21983-0.txt	solar3372s	solar3372t	2016/2017	strokovna šola	slovenščina	4. letnik	praktično besedilo	Ljubljana
S20-OS-slo-6-LJ-E-2017_2018-41178-12.txt	solar3373s	solar3373t	2017/2018	osnovna šola	slovenščina	6. razred	esej ali spis	Ljubljana
KUS-G-slo-4-LJ-E-2009_2010-11577-12.txt	solar3374s	solar3374t	2009/2010	gimnazija	slovenščina	4. letnik	esej ali spis	Ljubljana
S20-SI-slo-4-LJ-E-2016_2017-22167-123.txt	solar3375s	solar3375t	2016/2017	strokovna šola	slovenščina	4. letnik	esej ali spis	Ljubljana
S20-OS-slo-8-LJ-E-2016_2017-40976-123.txt	solar3376s	solar3376t	2016/2017	osnovna šola	slovenščina	8. razred	esej ali spis	Ljubljana
S20-SI-slo-3-SG-E-2017_2018-22722-12.txt	solar3377s	solar3377t	2017/2018	strokovna šola	slovenščina	3. letnik	esej ali spis	Slovenj Gradec
KUS-SI-slo-4-KK-T-2009_2010-21699-0.txt	solar3378s	solar3378t	2009/2010	strokovna šola	slovenščina	4. letnik	praktično besedilo	Krško
KUS-SI-slo-4-NM-R-2009_2010-21502-0.txt	solar3379s	solar3379t	2009/2010	strokovna šola	slovenščina	4. letnik	delo v razredu	Novo mesto
S20-OS-ods-6-LJ-E-2016_2017-40907-0.txt	solar3380s	solar3380t	2016/2017	osnovna šola	drugo	6. razred	esej ali spis	Ljubljana
S20-OS-slo-6-KR-PB-2016_2017-41034-0.txt	solar3381s	solar3381t	2016/2017	osnovna šola	slovenščina	6. razred	praktično besedilo	Kranj
KUS-SI-slo-1-NM-E-2009_2010-21578-0.txt	solar3382s	solar3382t	2009/2010	strokovna šola	slovenščina	1. letnik	esej ali spis	Novo mesto
S20-SI-slo-4-LJ-PB-2016_2017-22028-0.txt	solar3383s	solar3383t	2016/2017	strokovna šola	slovenščina	4. letnik	praktično besedilo	Ljubljana
S20-SI-gnp-2-KR-T-2016_2017-22386-0.txt	solar3384s	solar3384t	2016/2017	strokovna šola	gostinsko poslovanje	2. letnik	test	Kranj
KUS-SI-soc-2-NM-T-2009_2010-21827-0.txt	solar3385s	solar3385t	2009/2010	strokovna šola	sociologija	2. letnik	test	Novo mesto
KUS-SI-soc-2-NM-T-2009_2010-21780-0.txt	solar3386s	solar3386t	2009/2010	strokovna šola	sociologija	2. letnik	test	Novo mesto
KUS-G-zgo-1-LJ-T-2009_2010-11690-12.txt	solar3387s	solar3387t	2009/2010	gimnazija	zgodovina	1. letnik	test	Ljubljana
KUS-OS-slo-9-GO-R-2009_2010-40722-0.txt	solar3388s	solar3388t	2009/2010	osnovna šola	slovenščina	9. razred	delo v razredu	Gorica
S20-SI-slo-2-KK-E-2016_2017-22188-0.txt	solar3389s	solar3389t	2016/2017	strokovna šola	slovenščina	2. letnik	esej ali spis	Krško
S20-OS-slo-8-LJ-E-2016_2017-41170-12.txt	solar3390s	solar3390t	2016/2017	osnovna šola	slovenščina	8. razred	esej ali spis	Ljubljana
KUS-OS-slo-8-KP-E-2009_2010-40677-12.txt	solar3391s	solar3391t	2009/2010	osnovna šola	slovenščina	8. razred	esej ali spis	Koper
KUS-SI-slo-4-NM-E-2009_2010-21532-12.txt	solar3392s	solar3392t	2009/2010	strokovna šola	slovenščina	4. letnik	esej ali spis	Novo mesto
KUS-PI-slo-1-KK-T-2009_2010-30340-0.txt	solar3393s	solar3393t	2009/2010	poklicna šola	slovenščina	1. letnik	test	Krško
S20-OS-slo-8-LJ-PB-2016_2017-40998-0.txt	solar3394s	solar3394t	2016/2017	osnovna šola	slovenščina	8. razred	praktično besedilo	Ljubljana
KUS-OS-slo-8-GO-R-2009_2010-40712-0.txt	solar3395s	solar3395t	2009/2010	osnovna šola	slovenščina	8. razred	delo v razredu	Gorica
S20-SI-slo-2-KR-E-2016_2017-22358-0.txt	solar3396s	solar3396t	2016/2017	strokovna šola	slovenščina	2. letnik	esej ali spis	Kranj
S20-OS-ods-6-LJ-E-2016_2017-40906-0.txt	solar3397s	solar3397t	2016/2017	osnovna šola	drugo	6. razred	esej ali spis	Ljubljana
KUS-SI-slo-4-NM-T-2009_2010-21454-0.txt	solar3398s	solar3398t	2009/2010	strokovna šola	slovenščina	4. letnik	praktično besedilo	Novo mesto
KUS-SI-slo-2-NM-E-2009_2010-21639-12.txt	solar3399s	solar3399t	2009/2010	strokovna šola	slovenščina	2. letnik	esej ali spis	Novo mesto
S20-SI-slo-3-KK-E-2017_2018-22665-0.txt	solar3400s	solar3400t	2017/2018	strokovna šola	slovenščina	3. letnik	esej ali spis	Krško
S20-SI-slo-3-SG-E-2017_2018-22767-123.txt	solar3401s	solar3401t	2017/2018	strokovna šola	slovenščina	3. letnik	esej ali spis	Slovenj Gradec
KUS-SI-slo-4-KK-T-2009_2010-21686-0.txt	solar3402s	solar3402t	2009/2010	strokovna šola	slovenščina	4. letnik	praktično besedilo	Krško
S20-SI-slo-4-LJ-PB-2016_2017-22032-0.txt	solar3403s	solar3403t	2016/2017	strokovna šola	slovenščina	4. letnik	praktično besedilo	Ljubljana
S20-OS-slo-6-KR-D-2016_2017-41070-0.txt	solar3404s	solar3404t	2016/2017	osnovna šola	slovenščina	6. razred	praktično besedilo	Kranj
KUS-G-slo-2-LJ-R-2009_2010-11585-0.txt	solar3405s	solar3405t	2009/2010	gimnazija	slovenščina	2. letnik	delo v razredu	Ljubljana
S20-PI-slo-1-KR-E-2016_2017-30429-0.txt	solar3406s	solar3406t	2016/2017	poklicna šola	slovenščina	1. letnik	esej ali spis	Kranj
S20-PI-slo-2-SG-E-2016_2017-30491-0.txt	solar3407s	solar3407t	2016/2017	poklicna šola	slovenščina	2. letnik	esej ali spis	Slovenj Gradec
KUS-SI-slo-1-NM-E-2009_2010-21581-0.txt	solar3408s	solar3408t	2009/2010	strokovna šola	slovenščina	1. letnik	esej ali spis	Novo mesto
S20-SI-slo-3-KK-E-2017_2018-22662-0.txt	solar3409s	solar3409t	2017/2018	strokovna šola	slovenščina	3. letnik	esej ali spis	Krško
KUS-G-zgo-MT-CE-T-2009_2010-11679-1234.txt	solar3410s	solar3410t	2009/2010	gimnazija	zgodovina	maturitetni tečaj	test	Celje
KUS-G-zgo-3-LJ-T-2009_2010-11733-1234.txt	solar3411s	solar3411t	2009/2010	gimnazija	zgodovina	3. letnik	test	Ljubljana
KUS-G-slo-4-LJ-T-2009_2010-11516-0.txt	solar3412s	solar3412t	2009/2010	gimnazija	slovenščina	4. letnik	praktično besedilo	Ljubljana
KUS-PI-slo-1-NM-R-2009_2010-30206-0.txt	solar3413s	solar3413t	2009/2010	poklicna šola	slovenščina	1. letnik	delo v razredu	Novo mesto
S20-SI-slo-4-LJ-E-2016_2017-22134-12.txt	solar3414s	solar3414t	2016/2017	strokovna šola	slovenščina	4. letnik	esej ali spis	Ljubljana
S20-SI-slo-3-KK-E-2016_2017-22303-0.txt	solar3415s	solar3415t	2016/2017	strokovna šola	slovenščina	3. letnik	esej ali spis	Krško
KUS-SI-slo-4-KK-E-2009_2010-21735-123.txt	solar3416s	solar3416t	2009/2010	strokovna šola	slovenščina	4. letnik	esej ali spis	Krško
S20-OS-slo-9-PO-T-2016_2017-40968-0.txt	solar3417s	solar3417t	2016/2017	osnovna šola	slovenščina	9. razred	praktično besedilo	Postojna
S20-SI-slo-2-KR-E-2016_2017-22346-0.txt	solar3418s	solar3418t	2016/2017	strokovna šola	slovenščina	2. letnik	esej ali spis	Kranj
S20-SI-slo-4-LJ-E-2016_2017-22170-12.txt	solar3419s	solar3419t	2016/2017	strokovna šola	slovenščina	4. letnik	esej ali spis	Ljubljana
S20-PI-slo-4-KK-E-2016_2017-30410-0.txt	solar3420s	solar3420t	2016/2017	poklicna šola	slovenščina	4. letnik	esej ali spis	Krško
S20-SI-slo-4-KK-E-2017_2018-22636-0.txt	solar3421s	solar3421t	2017/2018	strokovna šola	slovenščina	4. letnik	esej ali spis	Krško
S20-SI-slo-3-KK-E-2016_2017-22216-0.txt	solar3422s	solar3422t	2016/2017	strokovna šola	slovenščina	3. letnik	esej ali spis	Krško
S20-SI-slo-1-LJ-E-2016_2017-21885-12.txt	solar3423s	solar3423t	2016/2017	strokovna šola	slovenščina	1. letnik	esej ali spis	Ljubljana
S20-OS-slo-6-KR-D-2016_2017-41018-0.txt	solar3424s	solar3424t	2016/2017	osnovna šola	slovenščina	6. razred	praktično besedilo	Kranj
S20-PI-slo-4-KK-E-2016_2017-30421-0.txt	solar3425s	solar3425t	2016/2017	poklicna šola	slovenščina	4. letnik	esej ali spis	Krško
S20-SI-slo-3-KK-D-2016_2017-22207-0.txt	solar3426s	solar3426t	2016/2017	strokovna šola	slovenščina	3. letnik	praktično besedilo	Krško
S20-OS-slo-9-LJ-E-2017_2018-41256-12.txt	solar3427s	solar3427t	2017/2018	osnovna šola	slovenščina	9. razred	esej ali spis	Ljubljana
KUS-SI-slo-1-NM-E-2009_2010-21594-N.txt	solar3428s	solar3428t	2009/2010	strokovna šola	slovenščina	1. letnik	esej ali spis	Novo mesto
S20-OS-slo-7-PO-E-2017_2018-41102-0.txt	solar3429s	solar3429t	2017/2018	osnovna šola	slovenščina	7. razred	esej ali spis	Postojna
S20-OS-slo-9-PO-T-2016_2017-40967-0.txt	solar3430s	solar3430t	2016/2017	osnovna šola	slovenščina	9. razred	praktično besedilo	Postojna
S20-OS-slo-8-LJ-E-2017_2018-41248-12.txt	solar3431s	solar3431t	2017/2018	osnovna šola	slovenščina	8. razred	esej ali spis	Ljubljana
S20-SI-slo-4-LJ-PB-2016_2017-22041-0.txt	solar3432s	solar3432t	2016/2017	strokovna šola	slovenščina	4. letnik	praktično besedilo	Ljubljana
KUS-G-slo-2-GO-T-2009_2010-11654-0.txt	solar3433s	solar3433t	2009/2010	gimnazija	slovenščina	2. letnik	praktično besedilo	Gorica
S20-SI-slo-3-SG-E-2017_2018-22725-0.txt	solar3434s	solar3434t	2017/2018	strokovna šola	slovenščina	3. letnik	esej ali spis	Slovenj Gradec
S20-SI-slo-2-KR-PB-2016_2017-22410-0.txt	solar3435s	solar3435t	2016/2017	strokovna šola	slovenščina	2. letnik	praktično besedilo	Kranj
KUS-G-slo-4-LJ-T-2009_2010-11524-0.txt	solar3436s	solar3436t	2009/2010	gimnazija	slovenščina	4. letnik	praktično besedilo	Ljubljana
S20-SI-slo-1-LJ-E-2016_2017-21897-0.txt	solar3437s	solar3437t	2016/2017	strokovna šola	slovenščina	1. letnik	esej ali spis	Ljubljana
KUS-SI-slo-4-NM-T-2009_2010-21470-0.txt	solar3438s	solar3438t	2009/2010	strokovna šola	slovenščina	4. letnik	praktično besedilo	Novo mesto
S20-NN-slo-3-KK-E-2016_2017-50001-0.txt	solar3439s	solar3439t	2016/2017	neznano	slovenščina	3. letnik	esej ali spis	Krško
S20-OS-slo-8-PO-E-2017_2018-41121-0.txt	solar3440s	solar3440t	2017/2018	osnovna šola	slovenščina	8. razred	esej ali spis	Postojna
S20-G-slo-1-LJ-PB-2016_2017-11758-0.txt	solar3441s	solar3441t	2016/2017	gimnazija	slovenščina	1. letnik	praktično besedilo	Ljubljana
S20-PI-slo-5-SG-E-2016_2017-30517-12.txt	solar3442s	solar3442t	2016/2017	poklicna šola	slovenščina	5. letnik	esej ali spis	Slovenj Gradec
KUS-G-slo-2-LJ-R-2009_2010-11586-0.txt	solar3443s	solar3443t	2009/2010	gimnazija	slovenščina	2. letnik	delo v razredu	Ljubljana
KUS-SI-slo-4-KK-T-2009_2010-21670-0.txt	solar3444s	solar3444t	2009/2010	strokovna šola	slovenščina	4. letnik	praktično besedilo	Krško
S20-SI-slo-1-LJ-E-2016_2017-21894-12.txt	solar3445s	solar3445t	2016/2017	strokovna šola	slovenščina	1. letnik	esej ali spis	Ljubljana
S20-PI-slo-2-SG-E-2016_2017-30477-0.txt	solar3446s	solar3446t	2016/2017	poklicna šola	slovenščina	2. letnik	esej ali spis	Slovenj Gradec
KUS-OS-slo-9-KR-T-2009_2010-40647-0.txt	solar3447s	solar3447t	2009/2010	osnovna šola	slovenščina	9. razred	test	Kranj
KUS-G-slo-2-GO-T-2009_2010-11629-0.txt	solar3448s	solar3448t	2009/2010	gimnazija	slovenščina	2. letnik	praktično besedilo	Gorica
KUS-OS-slo-7-KP-E-2009_2010-40668-N.txt	solar3449s	solar3449t	2009/2010	osnovna šola	slovenščina	7. razred	esej ali spis	Koper
S20-SI-slo-4-KR-D-2016_2017-22497-0.txt	solar3450s	solar3450t	2016/2017	strokovna šola	slovenščina	4. letnik	praktično besedilo	Kranj
S20-PI-slo-2-SG-D-2016_2017-30484-0.txt	solar3451s	solar3451t	2016/2017	poklicna šola	slovenščina	2. letnik	test	Slovenj Gradec
S20-OS-slo-8-LJ-E-2017_2018-41238-12.txt	solar3452s	solar3452t	2017/2018	osnovna šola	slovenščina	8. razred	esej ali spis	Ljubljana
S20-SI-slo-2-KR-E-2016_2017-22349-0.txt	solar3453s	solar3453t	2016/2017	strokovna šola	slovenščina	2. letnik	esej ali spis	Kranj
S20-OS-slo-6-LJ-E-2017_2018-41181-12.txt	solar3454s	solar3454t	2017/2018	osnovna šola	slovenščina	6. razred	esej ali spis	Ljubljana
KUS-G-zgo-MT-CE-T-2009_2010-11671-1234.txt	solar3455s	solar3455t	2009/2010	gimnazija	zgodovina	maturitetni tečaj	test	Celje
KUS-SI-slo-4-NM-T-2009_2010-21463-0.txt	solar3456s	solar3456t	2009/2010	strokovna šola	slovenščina	4. letnik	praktično besedilo	Novo mesto
S20-SI-slo-2-SG-E-2016_2017-22559-0.txt	solar3457s	solar3457t	2016/2017	strokovna šola	slovenščina	2. letnik	esej ali spis	Slovenj Gradec
KUS-OS-slo-6-LJ-R-2009_2010-40768-12.txt	solar3458s	solar3458t	2009/2010	osnovna šola	slovenščina	6. razred	delo v razredu	Ljubljana
S20-OS-slo-9-LJ-E-2017_2018-41273-12.txt	solar3459s	solar3459t	2017/2018	osnovna šola	slovenščina	9. razred	esej ali spis	Ljubljana
S20-PI-slo-1-KK-E-2016_2017-30369-0.txt	solar3460s	solar3460t	2016/2017	poklicna šola	slovenščina	1. letnik	esej ali spis	Krško
KUS-OS-slo-9-LJ-R-2009_2010-40762-12.txt	solar3461s	solar3461t	2009/2010	osnovna šola	slovenščina	9. razred	delo v razredu	Ljubljana
KUS-G-slo-2-LJ-R-2009_2010-11590-0.txt	solar3462s	solar3462t	2009/2010	gimnazija	slovenščina	2. letnik	delo v razredu	Ljubljana
S20-SI-slo-3-KK-E-2016_2017-22273-0.txt	solar3463s	solar3463t	2016/2017	strokovna šola	slovenščina	3. letnik	esej ali spis	Krško
S20-SI-slo-1-LJ-E-2016_2017-21872-12.txt	solar3464s	solar3464t	2016/2017	strokovna šola	slovenščina	1. letnik	esej ali spis	Ljubljana
KUS-SI-slo-3-NM-R-2009_2010-21392-0.txt	solar3465s	solar3465t	2009/2010	strokovna šola	slovenščina	3. letnik	delo v razredu	Novo mesto
KUS-OS-slo-9-NM-E-2009_2010-40794-12.txt	solar3466s	solar3466t	2009/2010	osnovna šola	slovenščina	9. razred	esej ali spis	Novo mesto
S20-SI-slo-3-KK-E-2016_2017-22225-12.txt	solar3467s	solar3467t	2016/2017	strokovna šola	slovenščina	3. letnik	esej ali spis	Krško
S20-SI-gnp-2-KR-T-2016_2017-22383-0.txt	solar3468s	solar3468t	2016/2017	strokovna šola	gostinsko poslovanje	2. letnik	test	Kranj
S20-SI-slo-3-KK-E-2016_2017-22309-0.txt	solar3469s	solar3469t	2016/2017	strokovna šola	slovenščina	3. letnik	esej ali spis	Krško
S20-SI-kzn-4-KR-T-2016_2017-22511-12.txt	solar3470s	solar3470t	2016/2017	strokovna šola	kakovost v zdravstveni negi	4. letnik	test	Kranj
S20-G-slo-1-LJ-PB-2016_2017-11773-0.txt	solar3471s	solar3471t	2016/2017	gimnazija	slovenščina	1. letnik	praktično besedilo	Ljubljana
S20-OS-slo-6-KR-PB-2016_2017-41040-12.txt	solar3472s	solar3472t	2016/2017	osnovna šola	slovenščina	6. razred	praktično besedilo	Kranj
KUS-G-zgo-1-LJ-T-2009_2010-11705-12.txt	solar3473s	solar3473t	2009/2010	gimnazija	zgodovina	1. letnik	test	Ljubljana
S20-SI-slo-4-KK-E-2017_2018-22632-12.txt	solar3474s	solar3474t	2017/2018	strokovna šola	slovenščina	4. letnik	esej ali spis	Krško
S20-SI-oti-2-KR-T-2016_2017-22365-0.txt	solar3475s	solar3475t	2016/2017	strokovna šola	obdelava turističnih informacij	2. letnik	test	Kranj
S20-OS-gos-6-CE-E-2016_2017-40868-0.txt	solar3476s	solar3476t	2016/2017	osnovna šola	gospodinjstvo	6. razred	esej ali spis	Celje
S20-SI-slo-4-LJ-E-2016_2017-22011-12.txt	solar3477s	solar3477t	2016/2017	strokovna šola	slovenščina	4. letnik	esej ali spis	Ljubljana
S20-SI-slo-2-KR-PB-2016_2017-22409-0.txt	solar3478s	solar3478t	2016/2017	strokovna šola	slovenščina	2. letnik	praktično besedilo	Kranj
KUS-PI-slo-1-NM-R-2009_2010-30189-0.txt	solar3479s	solar3479t	2009/2010	poklicna šola	slovenščina	1. letnik	delo v razredu	Novo mesto
S20-NN-slo-4-KK-E-2016_2017-50028-12.txt	solar3480s	solar3480t	2016/2017	neznano	slovenščina	4. letnik	esej ali spis	Krško
KUS-SI-slo-2-NM-E-2009_2010-21571-0.txt	solar3481s	solar3481t	2009/2010	strokovna šola	slovenščina	2. letnik	esej ali spis	Novo mesto
KUS-OS-slo-9-LJ-E-2009_2010-40752-0.txt	solar3482s	solar3482t	2009/2010	osnovna šola	slovenščina	9. razred	esej ali spis	Ljubljana
KUS-SI-slo-2-NM-E-2009_2010-21615-0.txt	solar3483s	solar3483t	2009/2010	strokovna šola	slovenščina	2. letnik	esej ali spis	Novo mesto
S20-SI-slo-3-KK-E-2016_2017-22286-0.txt	solar3484s	solar3484t	2016/2017	strokovna šola	slovenščina	3. letnik	esej ali spis	Krško
S20-SI-slo-1-SG-D-2016_2017-22529-0.txt	solar3485s	solar3485t	2016/2017	strokovna šola	slovenščina	1. letnik	test	Slovenj Gradec
S20-OS-slo-8-LJ-E-2016_2017-41161-0.txt	solar3486s	solar3486t	2016/2017	osnovna šola	slovenščina	8. razred	esej ali spis	Ljubljana
S20-OS-slo-6-KR-PB-2016_2017-41030-0.txt	solar3487s	solar3487t	2016/2017	osnovna šola	slovenščina	6. razred	praktično besedilo	Kranj
S20-SI-slo-3-SG-E-2016_2017-22588-12.txt	solar3488s	solar3488t	2016/2017	strokovna šola	slovenščina	3. letnik	esej ali spis	Slovenj Gradec
KUS-PI-slo-2-NM-R-2009_2010-30253-0.txt	solar3489s	solar3489t	2009/2010	poklicna šola	slovenščina	2. letnik	delo v razredu	Novo mesto
KUS-OS-slo-7-KR-R-2009_2010-40625-0.txt	solar3490s	solar3490t	2009/2010	osnovna šola	slovenščina	7. razred	delo v razredu	Kranj
KUS-PI-slo-2-NM-R-2009_2010-30246-0.txt	solar3491s	solar3491t	2009/2010	poklicna šola	slovenščina	2. letnik	delo v razredu	Novo mesto
S20-G-slo-2-LJ-PB-2017_2018-11854-0.txt	solar3492s	solar3492t	2017/2018	gimnazija	slovenščina	2. letnik	praktično besedilo	Ljubljana
S20-G-slo-1-LJ-E-2016_2017-11741-12.txt	solar3493s	solar3493t	2016/2017	gimnazija	slovenščina	1. letnik	esej ali spis	Ljubljana
KUS-OS-slo-9-KR-T-2009_2010-40654-0.txt	solar3494s	solar3494t	2009/2010	osnovna šola	slovenščina	9. razred	test	Kranj
S20-OS-slo-8-LJ-E-2016_2017-41168-12.txt	solar3495s	solar3495t	2016/2017	osnovna šola	slovenščina	8. razred	esej ali spis	Ljubljana
S20-OS-slo-8-PO-E-2017_2018-41128-0.txt	solar3496s	solar3496t	2017/2018	osnovna šola	slovenščina	8. razred	esej ali spis	Postojna
KUS-SI-slo-4-NM-R-2009_2010-21410-0.txt	solar3497s	solar3497t	2009/2010	strokovna šola	slovenščina	4. letnik	delo v razredu	Novo mesto
S20-SI-slo-1-SG-E-2017_2018-22547-12.txt	solar3498s	solar3498t	2017/2018	strokovna šola	slovenščina	1. letnik	esej ali spis	Slovenj Gradec
S20-OS-slo-6-KR-PB-2016_2017-41033-12.txt	solar3499s	solar3499t	2016/2017	osnovna šola	slovenščina	6. razred	praktično besedilo	Kranj
KUS-SI-slo-2-NM-E-2009_2010-21545-0.txt	solar3500s	solar3500t	2009/2010	strokovna šola	slovenščina	2. letnik	esej ali spis	Novo mesto
S20-SI-slo-4-LJ-PB-2016_2017-21990-0.txt	solar3501s	solar3501t	2016/2017	strokovna šola	slovenščina	4. letnik	praktično besedilo	Ljubljana
KUS-SI-soc-2-NM-T-2009_2010-21822-0.txt	solar3502s	solar3502t	2009/2010	strokovna šola	sociologija	2. letnik	test	Novo mesto
KUS-G-slo-2-GO-T-2009_2010-11638-0.txt	solar3503s	solar3503t	2009/2010	gimnazija	slovenščina	2. letnik	praktično besedilo	Gorica
KUS-SI-soc-2-NM-T-2009_2010-21750-0.txt	solar3504s	solar3504t	2009/2010	strokovna šola	sociologija	2. letnik	test	Novo mesto
KUS-OS-slo-8-KP-E-2009_2010-40681-12.txt	solar3505s	solar3505t	2009/2010	osnovna šola	slovenščina	8. razred	esej ali spis	Koper
KUS-PI-slo-1-NM-R-2009_2010-30190-0.txt	solar3506s	solar3506t	2009/2010	poklicna šola	slovenščina	1. letnik	delo v razredu	Novo mesto
KUS-SI-slo-1-NM-R-2009_2010-21361-0.txt	solar3507s	solar3507t	2009/2010	strokovna šola	slovenščina	1. letnik	delo v razredu	Novo mesto
S20-SI-slo-3-KR-E-2017_2018-22433-0.txt	solar3508s	solar3508t	2017/2018	strokovna šola	slovenščina	3. letnik	esej ali spis	Kranj
KUS-OS-slo-8-GO-T-2009_2010-40709-12.txt	solar3509s	solar3509t	2009/2010	osnovna šola	slovenščina	8. razred	praktično besedilo	Gorica
S20-SI-slo-3-KK-E-2017_2018-22651-0.txt	solar3510s	solar3510t	2017/2018	strokovna šola	slovenščina	3. letnik	esej ali spis	Krško
S20-PI-slo-4-SG-E-2016_2017-30496-123.txt	solar3511s	solar3511t	2016/2017	poklicna šola	slovenščina	4. letnik	esej ali spis	Slovenj Gradec
KUS-SI-slo-3-LJ-E-2009_2010-21646-0.txt	solar3512s	solar3512t	2009/2010	strokovna šola	slovenščina	3. letnik	esej ali spis	Ljubljana
KUS-SI-soc-2-NM-T-2009_2010-21739-0.txt	solar3513s	solar3513t	2009/2010	strokovna šola	sociologija	2. letnik	test	Novo mesto
S20-PI-slo-2-SG-E-2016_2017-30494-0.txt	solar3514s	solar3514t	2016/2017	poklicna šola	slovenščina	2. letnik	esej ali spis	Slovenj Gradec
S20-OS-slo-7-LJ-E-2017_2018-41225-12.txt	solar3515s	solar3515t	2017/2018	osnovna šola	slovenščina	7. razred	esej ali spis	Ljubljana
S20-OS-slo-6-KR-D-2016_2017-41063-0.txt	solar3516s	solar3516t	2016/2017	osnovna šola	slovenščina	6. razred	praktično besedilo	Kranj
KUS-G-slo-2-GO-T-2009_2010-11649-0.txt	solar3517s	solar3517t	2009/2010	gimnazija	slovenščina	2. letnik	praktično besedilo	Gorica
KUS-SI-slo-4-NM-T-2009_2010-21450-0.txt	solar3518s	solar3518t	2009/2010	strokovna šola	slovenščina	4. letnik	praktično besedilo	Novo mesto
S20-OS-slo-7-LJ-E-2017_2018-41211-12.txt	solar3519s	solar3519t	2017/2018	osnovna šola	slovenščina	7. razred	esej ali spis	Ljubljana
S20-SI-slo-2-LJ-PB-2017_2018-22612-0.txt	solar3520s	solar3520t	2017/2018	strokovna šola	slovenščina	2. letnik	praktično besedilo	Ljubljana
KUS-G-slo-4-GO-E-2009_2010-11615-12345.txt	solar3521s	solar3521t	2009/2010	gimnazija	slovenščina	4. letnik	esej ali spis	Gorica
KUS-SI-soc-2-NM-T-2009_2010-21769-0.txt	solar3522s	solar3522t	2009/2010	strokovna šola	sociologija	2. letnik	test	Novo mesto
S20-SI-slo-4-LJ-E-2016_2017-22010-12.txt	solar3523s	solar3523t	2016/2017	strokovna šola	slovenščina	4. letnik	esej ali spis	Ljubljana
S20-SI-slo-3-KK-E-2016_2017-22320-0.txt	solar3524s	solar3524t	2016/2017	strokovna šola	slovenščina	3. letnik	esej ali spis	Krško
KUS-SI-slo-4-KK-T-2009_2010-21667-0.txt	solar3525s	solar3525t	2009/2010	strokovna šola	slovenščina	4. letnik	praktično besedilo	Krško
S20-SI-slo-4-SG-E-2017_2018-22734-0.txt	solar3526s	solar3526t	2017/2018	strokovna šola	slovenščina	4. letnik	esej ali spis	Slovenj Gradec
KUS-G-slo-2-LJ-R-2009_2010-11603-0.txt	solar3527s	solar3527t	2009/2010	gimnazija	slovenščina	2. letnik	delo v razredu	Ljubljana
S20-OS-slo-6-LJ-E-2017_2018-41189-12.txt	solar3528s	solar3528t	2017/2018	osnovna šola	slovenščina	6. razred	esej ali spis	Ljubljana
KUS-SI-slo-1-NM-R-2009_2010-21345-0.txt	solar3529s	solar3529t	2009/2010	strokovna šola	slovenščina	1. letnik	delo v razredu	Novo mesto
S20-SI-slo-3-SG-E-2017_2018-22714-12.txt	solar3530s	solar3530t	2017/2018	strokovna šola	slovenščina	3. letnik	esej ali spis	Slovenj Gradec
KUS-OS-slo-8-GO-R-2009_2010-40713-0.txt	solar3531s	solar3531t	2009/2010	osnovna šola	slovenščina	8. razred	delo v razredu	Gorica
S20-SI-slo-3-KK-E-2016_2017-22220-0.txt	solar3532s	solar3532t	2016/2017	strokovna šola	slovenščina	3. letnik	esej ali spis	Krško
S20-NN-slo-4-KK-E-2016_2017-50049-0.txt	solar3533s	solar3533t	2016/2017	neznano	slovenščina	4. letnik	esej ali spis	Krško
S20-SI-slo-4-LJ-PB-2016_2017-22070-0.txt	solar3534s	solar3534t	2016/2017	strokovna šola	slovenščina	4. letnik	praktično besedilo	Ljubljana
S20-SI-slo-3-KR-E-2017_2018-22695-0.txt	solar3535s	solar3535t	2017/2018	strokovna šola	slovenščina	3. letnik	esej ali spis	Kranj
S20-SI-oti-2-KR-T-2016_2017-22359-0.txt	solar3536s	solar3536t	2016/2017	strokovna šola	obdelava turističnih informacij	2. letnik	test	Kranj
S20-OS-slo-7-LJ-PB-2017_2018-41091-0.txt	solar3537s	solar3537t	2017/2018	osnovna šola	slovenščina	7. razred	praktično besedilo	Ljubljana
S20-OS-slo-6-LJ-E-2016_2017-41141-0.txt	solar3538s	solar3538t	2016/2017	osnovna šola	slovenščina	6. razred	esej ali spis	Ljubljana
S20-PI-slo-1-SG-E-2017_2018-30461-12.txt	solar3539s	solar3539t	2017/2018	poklicna šola	slovenščina	1. letnik	esej ali spis	Slovenj Gradec
S20-SI-slo-3-KK-E-2016_2017-22241-0.txt	solar3540s	solar3540t	2016/2017	strokovna šola	slovenščina	3. letnik	esej ali spis	Krško
S20-G-slo-1-LJ-PB-2016_2017-11772-0.txt	solar3541s	solar3541t	2016/2017	gimnazija	slovenščina	1. letnik	praktično besedilo	Ljubljana
S20-SI-oti-2-KR-T-2016_2017-22363-0.txt	solar3542s	solar3542t	2016/2017	strokovna šola	obdelava turističnih informacij	2. letnik	test	Kranj
KUS-OS-slo-7-GO-R-2009_2010-40690-0.txt	solar3543s	solar3543t	2009/2010	osnovna šola	slovenščina	7. razred	delo v razredu	Gorica
KUS-OS-slo-8-NM-E-2009_2010-40736-0.txt	solar3544s	solar3544t	2009/2010	osnovna šola	slovenščina	8. razred	esej ali spis	Novo mesto
KUS-G-slo-2-GO-T-2009_2010-11647-0.txt	solar3545s	solar3545t	2009/2010	gimnazija	slovenščina	2. letnik	praktično besedilo	Gorica
KUS-SI-slo-4-NM-T-2009_2010-21446-0.txt	solar3546s	solar3546t	2009/2010	strokovna šola	slovenščina	4. letnik	praktično besedilo	Novo mesto
S20-SI-slo-4-LJ-PB-2016_2017-22052-0.txt	solar3547s	solar3547t	2016/2017	strokovna šola	slovenščina	4. letnik	praktično besedilo	Ljubljana
S20-PI-slo-5-KR-R-2017_2018-30529-0.txt	solar3548s	solar3548t	2017/2018	poklicna šola	slovenščina	5. letnik	delo v razredu	Kranj
S20-PI-slo-4-KR-E-2016_2017-30454-0.txt	solar3549s	solar3549t	2016/2017	poklicna šola	slovenščina	4. letnik	esej ali spis	Kranj
S20-PI-slo-4-KR-E-2016_2017-30458-0.txt	solar3550s	solar3550t	2016/2017	poklicna šola	slovenščina	4. letnik	esej ali spis	Kranj
S20-OS-slo-6-LJ-E-2017_2018-41187-12.txt	solar3551s	solar3551t	2017/2018	osnovna šola	slovenščina	6. razred	esej ali spis	Ljubljana
KUS-SI-slo-4-NM-T-2009_2010-21433-0.txt	solar3552s	solar3552t	2009/2010	strokovna šola	slovenščina	4. letnik	praktično besedilo	Novo mesto
KUS-PI-slo-2-NM-E-2009_2010-30280-0.txt	solar3553s	solar3553t	2009/2010	poklicna šola	slovenščina	2. letnik	esej ali spis	Novo mesto
S20-OS-slo-6-KR-PB-2016_2017-41041-0.txt	solar3554s	solar3554t	2016/2017	osnovna šola	slovenščina	6. razred	praktično besedilo	Kranj
S20-OS-slo-7-LJ-E-2017_2018-41212-12.txt	solar3555s	solar3555t	2017/2018	osnovna šola	slovenščina	7. razred	esej ali spis	Ljubljana
S20-SI-slo-4-LJ-E-2016_2017-22146-123.txt	solar3556s	solar3556t	2016/2017	strokovna šola	slovenščina	4. letnik	esej ali spis	Ljubljana
KUS-SI-slo-3-LJ-E-2009_2010-21645-0.txt	solar3557s	solar3557t	2009/2010	strokovna šola	slovenščina	3. letnik	esej ali spis	Ljubljana
S20-G-slo-2-LJ-PB-2017_2018-11852-0.txt	solar3558s	solar3558t	2017/2018	gimnazija	slovenščina	2. letnik	praktično besedilo	Ljubljana
S20-SI-slo-4-LJ-E-2016_2017-22162-12.txt	solar3559s	solar3559t	2016/2017	strokovna šola	slovenščina	4. letnik	esej ali spis	Ljubljana
S20-G-slo-1-LJ-PB-2016_2017-11785-0.txt	solar3560s	solar3560t	2016/2017	gimnazija	slovenščina	1. letnik	praktično besedilo	Ljubljana
S20-SI-slo-4-LJ-E-2016_2017-22003-12.txt	solar3561s	solar3561t	2016/2017	strokovna šola	slovenščina	4. letnik	esej ali spis	Ljubljana
KUS-SI-slo-2-NM-E-2009_2010-21553-0.txt	solar3562s	solar3562t	2009/2010	strokovna šola	slovenščina	2. letnik	esej ali spis	Novo mesto
KUS-SI-slo-4-KK-E-2009_2010-21717-12.txt	solar3563s	solar3563t	2009/2010	strokovna šola	slovenščina	4. letnik	esej ali spis	Krško
S20-G-slo-1-LJ-E-2016_2017-11805-12.txt	solar3564s	solar3564t	2016/2017	gimnazija	slovenščina	1. letnik	esej ali spis	Ljubljana
KUS-SI-slo-4-NM-E-2009_2010-21514-0.txt	solar3565s	solar3565t	2009/2010	strokovna šola	slovenščina	4. letnik	esej ali spis	Novo mesto
S20-SI-ekt-4-KR-T-2016_2017-22440-0.txt	solar3566s	solar3566t	2016/2017	strokovna šola	ekonomija in turizem	4. letnik	test	Kranj
S20-SI-slo-4-KR-E-2017_2018-22703-0.txt	solar3567s	solar3567t	2017/2018	strokovna šola	slovenščina	4. letnik	esej ali spis	Kranj
S20-SI-slo-4-LJ-PB-2016_2017-21910-0.txt	solar3568s	solar3568t	2016/2017	strokovna šola	slovenščina	4. letnik	praktično besedilo	Ljubljana
KUS-SI-soc-2-NM-T-2009_2010-21799-0.txt	solar3569s	solar3569t	2009/2010	strokovna šola	sociologija	2. letnik	test	Novo mesto
S20-SI-slo-3-KK-E-2017_2018-22650-0.txt	solar3570s	solar3570t	2017/2018	strokovna šola	slovenščina	3. letnik	esej ali spis	Krško
KUS-SI-slo-4-NM-E-2009_2010-21513-0.txt	solar3571s	solar3571t	2009/2010	strokovna šola	slovenščina	4. letnik	esej ali spis	Novo mesto
S20-SI-slo-4-LJ-PB-2016_2017-21955-0.txt	solar3572s	solar3572t	2016/2017	strokovna šola	slovenščina	4. letnik	praktično besedilo	Ljubljana
S20-OS-slo-9-CE-D-2016_2017-40893-12.txt	solar3573s	solar3573t	2016/2017	osnovna šola	slovenščina	9. razred	esej ali spis	Celje
S20-SI-slo-2-KR-PB-2016_2017-22406-0.txt	solar3574s	solar3574t	2016/2017	strokovna šola	slovenščina	2. letnik	praktično besedilo	Kranj
S20-SI-slo-4-LJ-E-2016_2017-22018-12.txt	solar3575s	solar3575t	2016/2017	strokovna šola	slovenščina	4. letnik	esej ali spis	Ljubljana
S20-NN-slo-4-KK-E-2016_2017-50016-0.txt	solar3576s	solar3576t	2016/2017	neznano	slovenščina	4. letnik	esej ali spis	Krško
KUS-G-slo-4-LJ-E-2009_2010-11540-1234.txt	solar3577s	solar3577t	2009/2010	gimnazija	slovenščina	4. letnik	esej ali spis	Ljubljana
KUS-SI-slo-4-NM-E-2009_2010-21510-0.txt	solar3578s	solar3578t	2009/2010	strokovna šola	slovenščina	4. letnik	esej ali spis	Novo mesto
S20-OS-slo-7-PO-R-2017_2018-41103-0.txt	solar3579s	solar3579t	2017/2018	osnovna šola	slovenščina	7. razred	delo v razredu	Postojna
S20-SI-slo-1-LJ-E-2016_2017-21900-0.txt	solar3580s	solar3580t	2016/2017	strokovna šola	slovenščina	1. letnik	esej ali spis	Ljubljana
S20-SI-slo-2-KR-E-2016_2017-22344-0.txt	solar3581s	solar3581t	2016/2017	strokovna šola	slovenščina	2. letnik	esej ali spis	Kranj
KUS-SI-slo-4-NM-T-2009_2010-21488-0.txt	solar3582s	solar3582t	2009/2010	strokovna šola	slovenščina	4. letnik	praktično besedilo	Novo mesto
S20-SI-slo-4-LJ-E-2016_2017-22156-12.txt	solar3583s	solar3583t	2016/2017	strokovna šola	slovenščina	4. letnik	esej ali spis	Ljubljana
S20-SI-slo-3-SG-E-2016_2017-22585-12.txt	solar3584s	solar3584t	2016/2017	strokovna šola	slovenščina	3. letnik	esej ali spis	Slovenj Gradec
KUS-SI-slo-1-NM-R-2009_2010-21342-0.txt	solar3585s	solar3585t	2009/2010	strokovna šola	slovenščina	1. letnik	delo v razredu	Novo mesto
KUS-SI-soc-2-NM-T-2009_2010-21763-0.txt	solar3586s	solar3586t	2009/2010	strokovna šola	sociologija	2. letnik	test	Novo mesto
S20-G-slo-4-LJ-PB-2017_2018-11839-0.txt	solar3587s	solar3587t	2017/2018	gimnazija	slovenščina	4. letnik	praktično besedilo	Ljubljana
KUS-G-slo-2-GO-T-2009_2010-11620-0.txt	solar3588s	solar3588t	2009/2010	gimnazija	slovenščina	2. letnik	praktično besedilo	Gorica
S20-OS-slo-8-LJ-E-2016_2017-40974-12.txt	solar3589s	solar3589t	2016/2017	osnovna šola	slovenščina	8. razred	esej ali spis	Ljubljana
S20-SI-slo-3-KK-E-2016_2017-22263-0.txt	solar3590s	solar3590t	2016/2017	strokovna šola	slovenščina	3. letnik	esej ali spis	Krško
S20-SI-slo-4-LJ-E-2016_2017-22128-123.txt	solar3591s	solar3591t	2016/2017	strokovna šola	slovenščina	4. letnik	esej ali spis	Ljubljana
KUS-SI-slo-2-NM-E-2009_2010-21628-0.txt	solar3592s	solar3592t	2009/2010	strokovna šola	slovenščina	2. letnik	esej ali spis	Novo mesto
KUS-PI-slo-1-NM-R-2009_2010-30220-0.txt	solar3593s	solar3593t	2009/2010	poklicna šola	slovenščina	1. letnik	delo v razredu	Novo mesto
S20-SI-piz-4-KR-T-2017_2018-22710-0.txt	solar3594s	solar3594t	2017/2018	strokovna šola	podjetništvo in zakonodaja	4. letnik	test	Kranj
S20-OS-slo-8-PO-E-2017_2018-41119-0.txt	solar3595s	solar3595t	2017/2018	osnovna šola	slovenščina	8. razred	esej ali spis	Postojna
KUS-SI-slo-4-KK-T-2009_2010-21673-0.txt	solar3596s	solar3596t	2009/2010	strokovna šola	slovenščina	4. letnik	praktično besedilo	Krško
S20-OS-slo-7-LJ-PB-2017_2018-41090-0.txt	solar3597s	solar3597t	2017/2018	osnovna šola	slovenščina	7. razred	praktično besedilo	Ljubljana
S20-OS-slo-8-LJ-PB-2016_2017-40996-0.txt	solar3598s	solar3598t	2016/2017	osnovna šola	slovenščina	8. razred	praktično besedilo	Ljubljana
KUS-PI-slo-1-KK-T-2009_2010-30342-0.txt	solar3599s	solar3599t	2009/2010	poklicna šola	slovenščina	1. letnik	test	Krško
S20-OS-slo-9-LJ-E-2017_2018-41270-12.txt	solar3600s	solar3600t	2017/2018	osnovna šola	slovenščina	9. razred	esej ali spis	Ljubljana
S20-PI-slo-4-SG-E-2016_2017-30502-12.txt	solar3601s	solar3601t	2016/2017	poklicna šola	slovenščina	4. letnik	esej ali spis	Slovenj Gradec
S20-SI-slo-4-LJ-E-2016_2017-22108-12.txt	solar3602s	solar3602t	2016/2017	strokovna šola	slovenščina	4. letnik	esej ali spis	Ljubljana
KUS-G-zgo-MT-CE-T-2009_2010-11678-1234.txt	solar3603s	solar3603t	2009/2010	gimnazija	zgodovina	maturitetni tečaj	test	Celje
KUS-SI-slo-4-NM-R-2009_2010-21500-0.txt	solar3604s	solar3604t	2009/2010	strokovna šola	slovenščina	4. letnik	delo v razredu	Novo mesto
S20-OS-slo-6-LJ-E-2017_2018-41183-12.txt	solar3605s	solar3605t	2017/2018	osnovna šola	slovenščina	6. razred	esej ali spis	Ljubljana
S20-SI-slo-3-KK-E-2016_2017-22266-0.txt	solar3606s	solar3606t	2016/2017	strokovna šola	slovenščina	3. letnik	esej ali spis	Krško
KUS-SI-soc-2-NM-T-2009_2010-21821-0.txt	solar3607s	solar3607t	2009/2010	strokovna šola	sociologija	2. letnik	test	Novo mesto
S20-OS-slo-8-PO-T-2017_2018-41114-0.txt	solar3608s	solar3608t	2017/2018	osnovna šola	slovenščina	8. razred	praktično besedilo	Postojna
S20-NN-slo-4-KK-E-2016_2017-50052-0.txt	solar3609s	solar3609t	2016/2017	neznano	slovenščina	4. letnik	esej ali spis	Krško
S20-SI-slo-4-KR-D-2016_2017-22500-0.txt	solar3610s	solar3610t	2016/2017	strokovna šola	slovenščina	4. letnik	praktično besedilo	Kranj
KUS-OS-slo-7-KP-E-2009_2010-40666-12.txt	solar3611s	solar3611t	2009/2010	osnovna šola	slovenščina	7. razred	esej ali spis	Koper
KUS-OS-slo-9-NM-E-2009_2010-40806-123.txt	solar3612s	solar3612t	2009/2010	osnovna šola	slovenščina	9. razred	esej ali spis	Novo mesto
KUS-OS-slo-9-GO-R-2009_2010-40728-0.txt	solar3613s	solar3613t	2009/2010	osnovna šola	slovenščina	9. razred	delo v razredu	Gorica
S20-SI-slo-1-LJ-E-2016_2017-21877-12.txt	solar3614s	solar3614t	2016/2017	strokovna šola	slovenščina	1. letnik	esej ali spis	Ljubljana
S20-SI-slo-4-LJ-PB-2016_2017-22093-0.txt	solar3615s	solar3615t	2016/2017	strokovna šola	slovenščina	4. letnik	praktično besedilo	Ljubljana
S20-SI-slo-4-LJ-E-2016_2017-21933-12.txt	solar3616s	solar3616t	2016/2017	strokovna šola	slovenščina	4. letnik	esej ali spis	Ljubljana
S20-G-slo-2-LJ-PB-2017_2018-11853-0.txt	solar3617s	solar3617t	2017/2018	gimnazija	slovenščina	2. letnik	praktično besedilo	Ljubljana
S20-PI-slo-1-KK-E-2016_2017-30361-0.txt	solar3618s	solar3618t	2016/2017	poklicna šola	slovenščina	1. letnik	esej ali spis	Krško
KUS-SI-slo-1-NM-R-2009_2010-21352-12.txt	solar3619s	solar3619t	2009/2010	strokovna šola	slovenščina	1. letnik	delo v razredu	Novo mesto
KUS-G-slo-2-GO-T-2009_2010-11651-0.txt	solar3620s	solar3620t	2009/2010	gimnazija	slovenščina	2. letnik	praktično besedilo	Gorica
S20-G-slo-1-LJ-PB-2016_2017-11780-0.txt	solar3621s	solar3621t	2016/2017	gimnazija	slovenščina	1. letnik	praktično besedilo	Ljubljana
S20-SI-slo-4-LJ-PB-2016_2017-22045-0.txt	solar3622s	solar3622t	2016/2017	strokovna šola	slovenščina	4. letnik	praktično besedilo	Ljubljana
S20-G-slo-2-KK-E-2017_2018-11878-0.txt	solar3623s	solar3623t	2017/2018	gimnazija	slovenščina	2. letnik	esej ali spis	Krško
KUS-PI-slo-2-KK-T-2009_2010-30316-0.txt	solar3624s	solar3624t	2009/2010	poklicna šola	slovenščina	2. letnik	praktično besedilo	Krško
KUS-G-slo-4-LJ-E-2009_2010-11543-1234.txt	solar3625s	solar3625t	2009/2010	gimnazija	slovenščina	4. letnik	esej ali spis	Ljubljana
S20-G-slo-1-LJ-E-2016_2017-11794-12.txt	solar3626s	solar3626t	2016/2017	gimnazija	slovenščina	1. letnik	esej ali spis	Ljubljana
S20-SI-slo-4-LJ-PB-2016_2017-22084-0.txt	solar3627s	solar3627t	2016/2017	strokovna šola	slovenščina	4. letnik	praktično besedilo	Ljubljana
S20-OS-slo-6-KR-D-2016_2017-41045-N.txt	solar3628s	solar3628t	2016/2017	osnovna šola	slovenščina	6. razred	praktično besedilo	Kranj
KUS-G-slo-2-GO-T-2009_2010-11623-0.txt	solar3629s	solar3629t	2009/2010	gimnazija	slovenščina	2. letnik	praktično besedilo	Gorica
S20-SI-oti-2-KR-T-2016_2017-22367-0.txt	solar3630s	solar3630t	2016/2017	strokovna šola	obdelava turističnih informacij	2. letnik	test	Kranj
KUS-PI-slo-1-NM-E-2009_2010-30304-0.txt	solar3631s	solar3631t	2009/2010	poklicna šola	slovenščina	1. letnik	esej ali spis	Novo mesto
S20-SI-slo-4-SG-E-2016_2017-22608-12.txt	solar3632s	solar3632t	2016/2017	strokovna šola	slovenščina	4. letnik	esej ali spis	Slovenj Gradec
S20-SI-slo-4-LJ-PB-2016_2017-21916-0.txt	solar3633s	solar3633t	2016/2017	strokovna šola	slovenščina	4. letnik	praktično besedilo	Ljubljana
S20-SI-slo-4-LJ-PB-2016_2017-22044-0.txt	solar3634s	solar3634t	2016/2017	strokovna šola	slovenščina	4. letnik	praktično besedilo	Ljubljana
KUS-SI-slo-1-NM-E-2009_2010-21574-0.txt	solar3635s	solar3635t	2009/2010	strokovna šola	slovenščina	1. letnik	esej ali spis	Novo mesto
KUS-SI-slo-4-NM-R-2009_2010-21489-0.txt	solar3636s	solar3636t	2009/2010	strokovna šola	slovenščina	4. letnik	delo v razredu	Novo mesto
KUS-OS-slo-7-KP-E-2009_2010-40658-12.txt	solar3637s	solar3637t	2009/2010	osnovna šola	slovenščina	7. razred	esej ali spis	Koper
S20-OS-slo-7-LJ-E-2017_2018-41221-12.txt	solar3638s	solar3638t	2017/2018	osnovna šola	slovenščina	7. razred	esej ali spis	Ljubljana
KUS-SI-slo-1-NM-R-2009_2010-21354-12.txt	solar3639s	solar3639t	2009/2010	strokovna šola	slovenščina	1. letnik	delo v razredu	Novo mesto
S20-SI-slo-4-LJ-E-2016_2017-22145-12.txt	solar3640s	solar3640t	2016/2017	strokovna šola	slovenščina	4. letnik	esej ali spis	Ljubljana
KUS-SI-slo-4-NM-R-2009_2010-21422-0.txt	solar3641s	solar3641t	2009/2010	strokovna šola	slovenščina	4. letnik	delo v razredu	Novo mesto
KUS-OS-slo-8-NM-E-2009_2010-40746-12.txt	solar3642s	solar3642t	2009/2010	osnovna šola	slovenščina	8. razred	esej ali spis	Novo mesto
KUS-SI-slo-2-NM-E-2009_2010-21567-12.txt	solar3643s	solar3643t	2009/2010	strokovna šola	slovenščina	2. letnik	esej ali spis	Novo mesto
S20-PI-slo-2-SG-E-2016_2017-30493-0.txt	solar3644s	solar3644t	2016/2017	poklicna šola	slovenščina	2. letnik	esej ali spis	Slovenj Gradec
S20-SI-slo-3-KK-E-2016_2017-22221-0.txt	solar3645s	solar3645t	2016/2017	strokovna šola	slovenščina	3. letnik	esej ali spis	Krško
S20-OS-slo-8-LJ-E-2017_2018-41255-12.txt	solar3646s	solar3646t	2017/2018	osnovna šola	slovenščina	8. razred	esej ali spis	Ljubljana
S20-SI-slo-2-SG-E-2017_2018-22551-12.txt	solar3647s	solar3647t	2017/2018	strokovna šola	slovenščina	2. letnik	esej ali spis	Slovenj Gradec
S20-SI-slo-1-SG-E-2017_2018-22544-12.txt	solar3648s	solar3648t	2017/2018	strokovna šola	slovenščina	1. letnik	esej ali spis	Slovenj Gradec
S20-OS-slo-6-LJ-E-2016_2017-41142-12.txt	solar3649s	solar3649t	2016/2017	osnovna šola	slovenščina	6. razred	esej ali spis	Ljubljana
S20-SI-slo-3-SG-E-2017_2018-22772-12.txt	solar3650s	solar3650t	2017/2018	strokovna šola	slovenščina	3. letnik	esej ali spis	Slovenj Gradec
KUS-PI-slo-2-KK-T-2009_2010-30327-0.txt	solar3651s	solar3651t	2009/2010	poklicna šola	slovenščina	2. letnik	praktično besedilo	Krško
KUS-SI-soc-2-NM-T-2009_2010-21865-0.txt	solar3652s	solar3652t	2009/2010	strokovna šola	sociologija	2. letnik	test	Novo mesto
KUS-SI-slo-4-KK-T-2009_2010-21705-0.txt	solar3653s	solar3653t	2009/2010	strokovna šola	slovenščina	4. letnik	praktično besedilo	Krško
KUS-G-slo-2-GO-T-2009_2010-11659-0.txt	solar3654s	solar3654t	2009/2010	gimnazija	slovenščina	2. letnik	praktično besedilo	Gorica
S20-OS-slo-9-CE-E-2016_2017-40885-12.txt	solar3655s	solar3655t	2016/2017	osnovna šola	slovenščina	9. razred	esej ali spis	Celje
S20-PI-slo-1-SG-E-2017_2018-30463-12.txt	solar3656s	solar3656t	2017/2018	poklicna šola	slovenščina	1. letnik	esej ali spis	Slovenj Gradec
S20-SI-slo-4-SG-E-2017_2018-22741-0.txt	solar3657s	solar3657t	2017/2018	strokovna šola	slovenščina	4. letnik	esej ali spis	Slovenj Gradec
S20-SI-slo-3-KR-E-2017_2018-22694-0.txt	solar3658s	solar3658t	2017/2018	strokovna šola	slovenščina	3. letnik	esej ali spis	Kranj
S20-G-slo-2-LJ-PB-2017_2018-11855-0.txt	solar3659s	solar3659t	2017/2018	gimnazija	slovenščina	2. letnik	praktično besedilo	Ljubljana
KUS-SI-slo-3-LJ-E-2009_2010-21648-0.txt	solar3660s	solar3660t	2009/2010	strokovna šola	slovenščina	3. letnik	esej ali spis	Ljubljana
S20-OS-slo-6-KR-D-2016_2017-41022-0.txt	solar3661s	solar3661t	2016/2017	osnovna šola	slovenščina	6. razred	praktično besedilo	Kranj
KUS-SI-slo-4-KK-T-2009_2010-21707-0.txt	solar3662s	solar3662t	2009/2010	strokovna šola	slovenščina	4. letnik	praktično besedilo	Krško
KUS-SI-slo-4-NM-E-2009_2010-21507-0.txt	solar3663s	solar3663t	2009/2010	strokovna šola	slovenščina	4. letnik	esej ali spis	Novo mesto
S20-SI-slo-4-LJ-PB-2016_2017-21967-0.txt	solar3664s	solar3664t	2016/2017	strokovna šola	slovenščina	4. letnik	praktično besedilo	Ljubljana
KUS-G-zgo-MT-CE-T-2009_2010-11682-1234.txt	solar3665s	solar3665t	2009/2010	gimnazija	zgodovina	maturitetni tečaj	test	Celje
S20-SI-slo-4-LJ-PB-2016_2017-22065-0.txt	solar3666s	solar3666t	2016/2017	strokovna šola	slovenščina	4. letnik	praktično besedilo	Ljubljana
S20-PI-slo-4-SG-E-2016_2017-30507-12.txt	solar3667s	solar3667t	2016/2017	poklicna šola	slovenščina	4. letnik	esej ali spis	Slovenj Gradec
S20-PI-slo-1-KK-E-2016_2017-30362-0.txt	solar3668s	solar3668t	2016/2017	poklicna šola	slovenščina	1. letnik	esej ali spis	Krško
KUS-PI-slo-1-NM-E-2009_2010-30303-0.txt	solar3669s	solar3669t	2009/2010	poklicna šola	slovenščina	1. letnik	esej ali spis	Novo mesto
S20-SI-gnp-2-KR-T-2016_2017-22385-0.txt	solar3670s	solar3670t	2016/2017	strokovna šola	gostinsko poslovanje	2. letnik	test	Kranj
KUS-SI-slo-4-NM-E-2009_2010-21523-12.txt	solar3671s	solar3671t	2009/2010	strokovna šola	slovenščina	4. letnik	esej ali spis	Novo mesto
KUS-SI-slo-2-NM-E-2009_2010-21606-0.txt	solar3672s	solar3672t	2009/2010	strokovna šola	slovenščina	2. letnik	esej ali spis	Novo mesto
S20-SI-slo-2-SG-E-2017_2018-22556-12.txt	solar3673s	solar3673t	2017/2018	strokovna šola	slovenščina	2. letnik	esej ali spis	Slovenj Gradec
S20-NN-slo-4-KK-E-2016_2017-50038-0.txt	solar3674s	solar3674t	2016/2017	neznano	slovenščina	4. letnik	esej ali spis	Krško
S20-SI-slo-3-SG-E-2016_2017-22597-12.txt	solar3675s	solar3675t	2016/2017	strokovna šola	slovenščina	3. letnik	esej ali spis	Slovenj Gradec
KUS-OS-slo-8-KP-E-2009_2010-40685-12.txt	solar3676s	solar3676t	2009/2010	osnovna šola	slovenščina	8. razred	esej ali spis	Koper
KUS-SI-slo-1-NM-E-2009_2010-21573-0.txt	solar3677s	solar3677t	2009/2010	strokovna šola	slovenščina	1. letnik	esej ali spis	Novo mesto
S20-NN-slo-3-KK-E-2016_2017-50013-0.txt	solar3678s	solar3678t	2016/2017	neznano	slovenščina	3. letnik	esej ali spis	Krško
S20-PI-slo-4-KK-E-2016_2017-30392-0.txt	solar3679s	solar3679t	2016/2017	poklicna šola	slovenščina	4. letnik	esej ali spis	Krško
S20-SI-slo-4-LJ-PB-2016_2017-22062-0.txt	solar3680s	solar3680t	2016/2017	strokovna šola	slovenščina	4. letnik	praktično besedilo	Ljubljana
KUS-SI-slo-4-NM-T-2009_2010-21478-0.txt	solar3681s	solar3681t	2009/2010	strokovna šola	slovenščina	4. letnik	praktično besedilo	Novo mesto
S20-SI-slo-1-SG-D-2016_2017-22527-0.txt	solar3682s	solar3682t	2016/2017	strokovna šola	slovenščina	1. letnik	test	Slovenj Gradec
S20-OS-slo-8-LJ-E-2016_2017-40979-123.txt	solar3683s	solar3683t	2016/2017	osnovna šola	slovenščina	8. razred	esej ali spis	Ljubljana
KUS-OS-slo-6-KR-R-2009_2010-40621-0.txt	solar3684s	solar3684t	2009/2010	osnovna šola	slovenščina	6. razred	delo v razredu	Kranj
S20-OS-ods-6-LJ-E-2016_2017-40937-0.txt	solar3685s	solar3685t	2016/2017	osnovna šola	drugo	6. razred	esej ali spis	Ljubljana
KUS-PI-slo-1-KK-T-2009_2010-30346-12.txt	solar3686s	solar3686t	2009/2010	poklicna šola	slovenščina	1. letnik	test	Krško
S20-SI-oti-2-KR-T-2016_2017-22369-0.txt	solar3687s	solar3687t	2016/2017	strokovna šola	obdelava turističnih informacij	2. letnik	test	Kranj
S20-SI-slo-4-LJ-PB-2016_2017-22001-0.txt	solar3688s	solar3688t	2016/2017	strokovna šola	slovenščina	4. letnik	praktično besedilo	Ljubljana
KUS-OS-slo-8-NM-E-2009_2010-40740-12.txt	solar3689s	solar3689t	2009/2010	osnovna šola	slovenščina	8. razred	esej ali spis	Novo mesto
KUS-SI-slo-1-NM-E-2009_2010-21589-0.txt	solar3690s	solar3690t	2009/2010	strokovna šola	slovenščina	1. letnik	esej ali spis	Novo mesto
S20-OS-slo-7-LJ-E-2017_2018-41232-12.txt	solar3691s	solar3691t	2017/2018	osnovna šola	slovenščina	7. razred	esej ali spis	Ljubljana
S20-G-slo-1-LJ-E-2016_2017-11802-12.txt	solar3692s	solar3692t	2016/2017	gimnazija	slovenščina	1. letnik	esej ali spis	Ljubljana
KUS-SI-slo-4-NM-R-2009_2010-21426-0.txt	solar3693s	solar3693t	2009/2010	strokovna šola	slovenščina	4. letnik	delo v razredu	Novo mesto
KUS-OS-slo-8-NM-E-2009_2010-40738-0.txt	solar3694s	solar3694t	2009/2010	osnovna šola	slovenščina	8. razred	esej ali spis	Novo mesto
S20-SI-slo-4-LJ-PB-2016_2017-22091-0.txt	solar3695s	solar3695t	2016/2017	strokovna šola	slovenščina	4. letnik	praktično besedilo	Ljubljana
KUS-SI-slo-4-KK-T-2009_2010-21680-0.txt	solar3696s	solar3696t	2009/2010	strokovna šola	slovenščina	4. letnik	praktično besedilo	Krško
S20-SI-zgo-2-KR-T-2016_2017-22387-0.txt	solar3697s	solar3697t	2016/2017	strokovna šola	zgodovina	2. letnik	test	Kranj
S20-SI-slo-3-SG-E-2016_2017-22583-123.txt	solar3698s	solar3698t	2016/2017	strokovna šola	slovenščina	3. letnik	esej ali spis	Slovenj Gradec
KUS-SI-soc-2-NM-T-2009_2010-21752-0.txt	solar3699s	solar3699t	2009/2010	strokovna šola	sociologija	2. letnik	test	Novo mesto
S20-SI-slo-4-SG-E-2017_2018-22752-12.txt	solar3700s	solar3700t	2017/2018	strokovna šola	slovenščina	4. letnik	esej ali spis	Slovenj Gradec
S20-SI-slo-3-KK-E-2016_2017-22331-0.txt	solar3701s	solar3701t	2016/2017	strokovna šola	slovenščina	3. letnik	esej ali spis	Krško
S20-OS-bio-9-LJ-E-2016_2017-40950-0.txt	solar3702s	solar3702t	2016/2017	osnovna šola	biologija	9. razred	esej ali spis	Ljubljana
S20-SI-slo-2-KR-PB-2016_2017-22404-0.txt	solar3703s	solar3703t	2016/2017	strokovna šola	slovenščina	2. letnik	praktično besedilo	Kranj
S20-SI-slo-3-KK-E-2016_2017-22296-0.txt	solar3704s	solar3704t	2016/2017	strokovna šola	slovenščina	3. letnik	esej ali spis	Krško
S20-SI-slo-4-SG-E-2017_2018-22748-0.txt	solar3705s	solar3705t	2017/2018	strokovna šola	slovenščina	4. letnik	esej ali spis	Slovenj Gradec
S20-PI-slo-4-KR-E-2016_2017-30435-0.txt	solar3706s	solar3706t	2016/2017	poklicna šola	slovenščina	4. letnik	esej ali spis	Kranj
S20-PI-slo-4-KR-E-2016_2017-30443-0.txt	solar3707s	solar3707t	2016/2017	poklicna šola	slovenščina	4. letnik	esej ali spis	Kranj
KUS-OS-slo-9-LJ-R-2009_2010-40756-0.txt	solar3708s	solar3708t	2009/2010	osnovna šola	slovenščina	9. razred	delo v razredu	Ljubljana
S20-OS-slo-6-LJ-E-2017_2018-41177-12.txt	solar3709s	solar3709t	2017/2018	osnovna šola	slovenščina	6. razred	esej ali spis	Ljubljana
S20-G-slo-2-LJ-PB-2017_2018-11861-0.txt	solar3710s	solar3710t	2017/2018	gimnazija	slovenščina	2. letnik	praktično besedilo	Ljubljana
S20-SI-slo-3-SG-E-2017_2018-22712-0.txt	solar3711s	solar3711t	2017/2018	strokovna šola	slovenščina	3. letnik	esej ali spis	Slovenj Gradec
KUS-G-slo-4-LJ-T-2009_2010-11538-12.txt	solar3712s	solar3712t	2009/2010	gimnazija	slovenščina	4. letnik	praktično besedilo	Ljubljana
KUS-PI-slo-1-NM-R-2009_2010-30242-0.txt	solar3713s	solar3713t	2009/2010	poklicna šola	slovenščina	1. letnik	delo v razredu	Novo mesto
S20-OS-slo-7-LJ-E-2017_2018-41207-12.txt	solar3714s	solar3714t	2017/2018	osnovna šola	slovenščina	7. razred	esej ali spis	Ljubljana
S20-G-slo-1-LJ-PB-2016_2017-11783-0.txt	solar3715s	solar3715t	2016/2017	gimnazija	slovenščina	1. letnik	praktično besedilo	Ljubljana
S20-SI-slo-4-LJ-PB-2016_2017-21951-0.txt	solar3716s	solar3716t	2016/2017	strokovna šola	slovenščina	4. letnik	praktično besedilo	Ljubljana
S20-SI-slo-3-KK-D-2016_2017-22214-0.txt	solar3717s	solar3717t	2016/2017	strokovna šola	slovenščina	3. letnik	praktično besedilo	Krško
S20-SI-slo-2-KK-E-2016_2017-22181-0.txt	solar3718s	solar3718t	2016/2017	strokovna šola	slovenščina	2. letnik	esej ali spis	Krško
KUS-PI-slo-2-NM-R-2009_2010-30252-0.txt	solar3719s	solar3719t	2009/2010	poklicna šola	slovenščina	2. letnik	delo v razredu	Novo mesto
S20-OS-slo-8-PO-E-2017_2018-41124-12.txt	solar3720s	solar3720t	2017/2018	osnovna šola	slovenščina	8. razred	esej ali spis	Postojna
KUS-G-zgo-3-LJ-T-2009_2010-11725-123.txt	solar3721s	solar3721t	2009/2010	gimnazija	zgodovina	3. letnik	test	Ljubljana
KUS-SI-slo-4-KK-T-2009_2010-21671-0.txt	solar3722s	solar3722t	2009/2010	strokovna šola	slovenščina	4. letnik	praktično besedilo	Krško
S20-SI-slo-3-SG-E-2017_2018-22733-0.txt	solar3723s	solar3723t	2017/2018	strokovna šola	slovenščina	3. letnik	esej ali spis	Slovenj Gradec
KUS-OS-slo-6-LJ-R-2009_2010-40771-12.txt	solar3724s	solar3724t	2009/2010	osnovna šola	slovenščina	6. razred	delo v razredu	Ljubljana
S20-SI-slo-4-KR-PB-2016_2017-22458-0.txt	solar3725s	solar3725t	2016/2017	strokovna šola	slovenščina	4. letnik	praktično besedilo	Kranj
KUS-G-zgo-2-LJ-T-2009_2010-11716-12.txt	solar3726s	solar3726t	2009/2010	gimnazija	zgodovina	2. letnik	test	Ljubljana
KUS-PI-slo-2-KK-T-2009_2010-30330-0.txt	solar3727s	solar3727t	2009/2010	poklicna šola	slovenščina	2. letnik	praktično besedilo	Krško
S20-SI-slo-2-LJ-PB-2017_2018-22616-0.txt	solar3728s	solar3728t	2017/2018	strokovna šola	slovenščina	2. letnik	praktično besedilo	Ljubljana
KUS-OS-slo-9-NM-E-2009_2010-40802-12.txt	solar3729s	solar3729t	2009/2010	osnovna šola	slovenščina	9. razred	esej ali spis	Novo mesto
KUS-SI-soc-2-NM-T-2009_2010-21795-0.txt	solar3730s	solar3730t	2009/2010	strokovna šola	sociologija	2. letnik	test	Novo mesto
KUS-SI-soc-2-NM-T-2009_2010-21754-0.txt	solar3731s	solar3731t	2009/2010	strokovna šola	sociologija	2. letnik	test	Novo mesto
S20-G-slo-4-KK-E-2016_2017-11812-12.txt	solar3732s	solar3732t	2016/2017	gimnazija	slovenščina	4. letnik	esej ali spis	Krško
S20-SI-slo-4-SG-E-2017_2018-22753-123.txt	solar3733s	solar3733t	2017/2018	strokovna šola	slovenščina	4. letnik	esej ali spis	Slovenj Gradec
KUS-G-zgo-MT-CE-T-2009_2010-11667-1234.txt	solar3734s	solar3734t	2009/2010	gimnazija	zgodovina	maturitetni tečaj	test	Celje
S20-OS-slo-9-CE-D-2016_2017-40899-12.txt	solar3735s	solar3735t	2016/2017	osnovna šola	slovenščina	9. razred	esej ali spis	Celje
S20-SI-slo-3-KR-E-2017_2018-22685-0.txt	solar3736s	solar3736t	2017/2018	strokovna šola	slovenščina	3. letnik	esej ali spis	Kranj
S20-NN-slo-4-KK-E-2016_2017-50047-0.txt	solar3737s	solar3737t	2016/2017	neznano	slovenščina	4. letnik	esej ali spis	Krško
S20-SI-slo-2-SG-E-2017_2018-22757-0.txt	solar3738s	solar3738t	2017/2018	strokovna šola	slovenščina	2. letnik	esej ali spis	Slovenj Gradec
KUS-OS-slo-9-GO-R-2009_2010-40720-0.txt	solar3739s	solar3739t	2009/2010	osnovna šola	slovenščina	9. razred	delo v razredu	Gorica
S20-SI-slo-4-LJ-E-2016_2017-22017-12.txt	solar3740s	solar3740t	2016/2017	strokovna šola	slovenščina	4. letnik	esej ali spis	Ljubljana
KUS-OS-slo-9-GO-R-2009_2010-40732-0.txt	solar3741s	solar3741t	2009/2010	osnovna šola	slovenščina	9. razred	delo v razredu	Gorica
KUS-SI-slo-4-NM-T-2009_2010-21461-0.txt	solar3742s	solar3742t	2009/2010	strokovna šola	slovenščina	4. letnik	praktično besedilo	Novo mesto
S20-G-slo-2-LJ-PB-2017_2018-11863-0.txt	solar3743s	solar3743t	2017/2018	gimnazija	slovenščina	2. letnik	praktično besedilo	Ljubljana
S20-SI-zgo-2-KR-T-2016_2017-22391-0.txt	solar3744s	solar3744t	2016/2017	strokovna šola	zgodovina	2. letnik	test	Kranj
S20-SI-slo-4-LJ-PB-2016_2017-22067-0.txt	solar3745s	solar3745t	2016/2017	strokovna šola	slovenščina	4. letnik	praktično besedilo	Ljubljana
S20-OS-slo-6-LJ-E-2017_2018-41195-0.txt	solar3746s	solar3746t	2017/2018	osnovna šola	slovenščina	6. razred	esej ali spis	Ljubljana
KUS-G-zgo-MT-CE-T-2009_2010-11672-1234.txt	solar3747s	solar3747t	2009/2010	gimnazija	zgodovina	maturitetni tečaj	test	Celje
S20-SI-slo-3-KK-E-2016_2017-22253-12.txt	solar3748s	solar3748t	2016/2017	strokovna šola	slovenščina	3. letnik	esej ali spis	Krško
KUS-SI-slo-4-NM-T-2009_2010-21438-0.txt	solar3749s	solar3749t	2009/2010	strokovna šola	slovenščina	4. letnik	praktično besedilo	Novo mesto
S20-OS-slo-7-KR-D-2016_2017-41076-0.txt	solar3750s	solar3750t	2016/2017	osnovna šola	slovenščina	7. razred	praktično besedilo	Kranj
KUS-OS-slo-6-LJ-R-2009_2010-40764-0.txt	solar3751s	solar3751t	2009/2010	osnovna šola	slovenščina	6. razred	delo v razredu	Ljubljana
S20-SI-slo-4-LJ-PB-2016_2017-21979-12.txt	solar3752s	solar3752t	2016/2017	strokovna šola	slovenščina	4. letnik	praktično besedilo	Ljubljana
S20-PI-slo-1-KK-E-2016_2017-30365-0.txt	solar3753s	solar3753t	2016/2017	poklicna šola	slovenščina	1. letnik	esej ali spis	Krško
S20-SI-slo-4-LJ-PB-2016_2017-21911-0.txt	solar3754s	solar3754t	2016/2017	strokovna šola	slovenščina	4. letnik	praktično besedilo	Ljubljana
S20-G-slo-1-LJ-E-2016_2017-11743-12.txt	solar3755s	solar3755t	2016/2017	gimnazija	slovenščina	1. letnik	esej ali spis	Ljubljana
S20-SI-oti-2-KR-T-2016_2017-22361-0.txt	solar3756s	solar3756t	2016/2017	strokovna šola	obdelava turističnih informacij	2. letnik	test	Kranj
S20-PI-slo-1-SG-E-2017_2018-30474-0.txt	solar3757s	solar3757t	2017/2018	poklicna šola	slovenščina	1. letnik	esej ali spis	Slovenj Gradec
S20-G-slo-1-LJ-E-2016_2017-11797-12.txt	solar3758s	solar3758t	2016/2017	gimnazija	slovenščina	1. letnik	esej ali spis	Ljubljana
S20-SI-slo-4-LJ-PB-2016_2017-22026-0.txt	solar3759s	solar3759t	2016/2017	strokovna šola	slovenščina	4. letnik	praktično besedilo	Ljubljana
S20-SI-slo-4-KR-D-2016_2017-22503-0.txt	solar3760s	solar3760t	2016/2017	strokovna šola	slovenščina	4. letnik	praktično besedilo	Kranj
S20-SI-slo-4-LJ-PB-2016_2017-21978-0.txt	solar3761s	solar3761t	2016/2017	strokovna šola	slovenščina	4. letnik	praktično besedilo	Ljubljana
S20-SI-slo-4-KR-E-2016_2017-22465-0.txt	solar3762s	solar3762t	2016/2017	strokovna šola	slovenščina	4. letnik	esej ali spis	Kranj
S20-OS-slo-7-LJ-E-2017_2018-41219-12.txt	solar3763s	solar3763t	2017/2018	osnovna šola	slovenščina	7. razred	esej ali spis	Ljubljana
KUS-SI-slo-3-LJ-E-2009_2010-21653-0.txt	solar3764s	solar3764t	2009/2010	strokovna šola	slovenščina	3. letnik	esej ali spis	Ljubljana
S20-OS-slo-9-CE-D-2016_2017-40898-12.txt	solar3765s	solar3765t	2016/2017	osnovna šola	slovenščina	9. razred	esej ali spis	Celje
S20-SI-slo-4-LJ-PB-2016_2017-21945-0.txt	solar3766s	solar3766t	2016/2017	strokovna šola	slovenščina	4. letnik	praktično besedilo	Ljubljana
S20-SI-slo-3-KK-E-2016_2017-22313-12.txt	solar3767s	solar3767t	2016/2017	strokovna šola	slovenščina	3. letnik	esej ali spis	Krško
S20-G-slo-2-KK-E-2017_2018-11884-0.txt	solar3768s	solar3768t	2017/2018	gimnazija	slovenščina	2. letnik	esej ali spis	Krško
S20-SI-slo-2-SG-E-2016_2017-22558-123.txt	solar3769s	solar3769t	2016/2017	strokovna šola	slovenščina	2. letnik	esej ali spis	Slovenj Gradec
S20-SI-slo-4-KR-E-2016_2017-22453-0.txt	solar3770s	solar3770t	2016/2017	strokovna šola	slovenščina	4. letnik	esej ali spis	Kranj
S20-OS-slo-7-PO-R-2016_2017-41097-0.txt	solar3771s	solar3771t	2016/2017	osnovna šola	slovenščina	7. razred	delo v razredu	Postojna
KUS-SI-soc-2-NM-T-2009_2010-21839-0.txt	solar3772s	solar3772t	2009/2010	strokovna šola	sociologija	2. letnik	test	Novo mesto
S20-PI-slo-5-SG-E-2017_2018-30536-12.txt	solar3773s	solar3773t	2017/2018	poklicna šola	slovenščina	5. letnik	esej ali spis	Slovenj Gradec
KUS-G-zgo-2-LJ-T-2009_2010-11715-12.txt	solar3774s	solar3774t	2009/2010	gimnazija	zgodovina	2. letnik	test	Ljubljana
KUS-G-zgo-1-LJ-T-2009_2010-11706-12.txt	solar3775s	solar3775t	2009/2010	gimnazija	zgodovina	1. letnik	test	Ljubljana
S20-PI-slo-1-KK-E-2016_2017-30375-0.txt	solar3776s	solar3776t	2016/2017	poklicna šola	slovenščina	1. letnik	esej ali spis	Krško
S20-SI-slo-4-LJ-PB-2016_2017-21942-0.txt	solar3777s	solar3777t	2016/2017	strokovna šola	slovenščina	4. letnik	praktično besedilo	Ljubljana
S20-SI-slo-4-LJ-PB-2016_2017-21974-12.txt	solar3778s	solar3778t	2016/2017	strokovna šola	slovenščina	4. letnik	praktično besedilo	Ljubljana
S20-SI-piz-4-KR-T-2017_2018-22706-0.txt	solar3779s	solar3779t	2017/2018	strokovna šola	podjetništvo in zakonodaja	4. letnik	test	Kranj
S20-SI-slo-2-KR-E-2016_2017-22352-0.txt	solar3780s	solar3780t	2016/2017	strokovna šola	slovenščina	2. letnik	esej ali spis	Kranj
S20-SI-piz-4-KR-T-2017_2018-22709-0.txt	solar3781s	solar3781t	2017/2018	strokovna šola	podjetništvo in zakonodaja	4. letnik	test	Kranj
S20-SI-slo-3-KK-E-2016_2017-22289-0.txt	solar3782s	solar3782t	2016/2017	strokovna šola	slovenščina	3. letnik	esej ali spis	Krško
S20-SI-slo-4-KR-E-2016_2017-22466-0.txt	solar3783s	solar3783t	2016/2017	strokovna šola	slovenščina	4. letnik	esej ali spis	Kranj
S20-SI-slo-4-LJ-PB-2016_2017-22040-0.txt	solar3784s	solar3784t	2016/2017	strokovna šola	slovenščina	4. letnik	praktično besedilo	Ljubljana
KUS-SI-slo-4-NM-R-2009_2010-21411-0.txt	solar3785s	solar3785t	2009/2010	strokovna šola	slovenščina	4. letnik	delo v razredu	Novo mesto
S20-OS-slo-8-LJ-E-2016_2017-41162-12.txt	solar3786s	solar3786t	2016/2017	osnovna šola	slovenščina	8. razred	esej ali spis	Ljubljana
S20-SI-slo-3-KR-E-2017_2018-22696-0.txt	solar3787s	solar3787t	2017/2018	strokovna šola	slovenščina	3. letnik	esej ali spis	Kranj
KUS-SI-slo-4-KK-T-2009_2010-21696-0.txt	solar3788s	solar3788t	2009/2010	strokovna šola	slovenščina	4. letnik	praktično besedilo	Krško
KUS-PI-slo-2-NM-E-2009_2010-30291-12.txt	solar3789s	solar3789t	2009/2010	poklicna šola	slovenščina	2. letnik	esej ali spis	Novo mesto
S20-SI-slo-4-SG-E-2017_2018-22745-123.txt	solar3790s	solar3790t	2017/2018	strokovna šola	slovenščina	4. letnik	esej ali spis	Slovenj Gradec
S20-PI-slo-5-KR-R-2017_2018-30532-0.txt	solar3791s	solar3791t	2017/2018	poklicna šola	slovenščina	5. letnik	delo v razredu	Kranj
S20-PI-slo-5-SG-E-2017_2018-30548-12.txt	solar3792s	solar3792t	2017/2018	poklicna šola	slovenščina	5. letnik	esej ali spis	Slovenj Gradec
S20-OS-slo-9-CE-E-2016_2017-40884-12.txt	solar3793s	solar3793t	2016/2017	osnovna šola	slovenščina	9. razred	esej ali spis	Celje
S20-SI-slo-4-LJ-PB-2016_2017-21960-0.txt	solar3794s	solar3794t	2016/2017	strokovna šola	slovenščina	4. letnik	praktično besedilo	Ljubljana
KUS-SI-slo-2-NM-E-2009_2010-21636-12.txt	solar3795s	solar3795t	2009/2010	strokovna šola	slovenščina	2. letnik	esej ali spis	Novo mesto
S20-OS-slo-8-LJ-E-2016_2017-40985-12.txt	solar3796s	solar3796t	2016/2017	osnovna šola	slovenščina	8. razred	esej ali spis	Ljubljana
S20-SI-slo-2-KR-E-2016_2017-22355-0.txt	solar3797s	solar3797t	2016/2017	strokovna šola	slovenščina	2. letnik	esej ali spis	Kranj
KUS-PI-slo-2-NM-R-2009_2010-30273-0.txt	solar3798s	solar3798t	2009/2010	poklicna šola	slovenščina	2. letnik	delo v razredu	Novo mesto
KUS-G-slo-4-LJ-T-2009_2010-11511-0.txt	solar3799s	solar3799t	2009/2010	gimnazija	slovenščina	4. letnik	praktično besedilo	Ljubljana
S20-SI-slo-3-SG-E-2017_2018-22764-12.txt	solar3800s	solar3800t	2017/2018	strokovna šola	slovenščina	3. letnik	esej ali spis	Slovenj Gradec
S20-SI-slo-4-KR-PB-2016_2017-22460-0.txt	solar3801s	solar3801t	2016/2017	strokovna šola	slovenščina	4. letnik	praktično besedilo	Kranj
S20-SI-slo-4-LJ-PB-2016_2017-21965-0.txt	solar3802s	solar3802t	2016/2017	strokovna šola	slovenščina	4. letnik	praktično besedilo	Ljubljana
KUS-SI-slo-2-NM-E-2009_2010-21551-0.txt	solar3803s	solar3803t	2009/2010	strokovna šola	slovenščina	2. letnik	esej ali spis	Novo mesto
KUS-SI-slo-2-NM-E-2009_2010-21557-0.txt	solar3804s	solar3804t	2009/2010	strokovna šola	slovenščina	2. letnik	esej ali spis	Novo mesto
S20-SI-slo-3-KR-E-2017_2018-22423-0.txt	solar3805s	solar3805t	2017/2018	strokovna šola	slovenščina	3. letnik	esej ali spis	Kranj
S20-OS-ods-6-LJ-E-2016_2017-40940-0.txt	solar3806s	solar3806t	2016/2017	osnovna šola	drugo	6. razred	esej ali spis	Ljubljana
KUS-SI-slo-4-NM-T-2009_2010-21439-0.txt	solar3807s	solar3807t	2009/2010	strokovna šola	slovenščina	4. letnik	praktično besedilo	Novo mesto
S20-SI-slo-1-SG-E-2016_2017-22516-0.txt	solar3808s	solar3808t	2016/2017	strokovna šola	slovenščina	1. letnik	esej ali spis	Slovenj Gradec
S20-SI-slo-4-LJ-PB-2016_2017-21976-0.txt	solar3809s	solar3809t	2016/2017	strokovna šola	slovenščina	4. letnik	praktično besedilo	Ljubljana
KUS-PI-slo-2-KK-T-2009_2010-30319-0.txt	solar3810s	solar3810t	2009/2010	poklicna šola	slovenščina	2. letnik	praktično besedilo	Krško
KUS-SI-slo-2-NM-E-2009_2010-21638-12.txt	solar3811s	solar3811t	2009/2010	strokovna šola	slovenščina	2. letnik	esej ali spis	Novo mesto
S20-SI-slo-1-SG-E-2016_2017-22518-12.txt	solar3812s	solar3812t	2016/2017	strokovna šola	slovenščina	1. letnik	esej ali spis	Slovenj Gradec
S20-PI-slo-1-KK-E-2016_2017-30353-0.txt	solar3813s	solar3813t	2016/2017	poklicna šola	slovenščina	1. letnik	esej ali spis	Krško
KUS-SI-slo-3-NM-R-2009_2010-21384-0.txt	solar3814s	solar3814t	2009/2010	strokovna šola	slovenščina	3. letnik	delo v razredu	Novo mesto
KUS-OS-slo-9-NM-E-2009_2010-40799-12.txt	solar3815s	solar3815t	2009/2010	osnovna šola	slovenščina	9. razred	esej ali spis	Novo mesto
KUS-G-slo-2-GO-T-2009_2010-11641-0.txt	solar3816s	solar3816t	2009/2010	gimnazija	slovenščina	2. letnik	praktično besedilo	Gorica
S20-SI-slo-3-KK-E-2016_2017-22292-0.txt	solar3817s	solar3817t	2016/2017	strokovna šola	slovenščina	3. letnik	esej ali spis	Krško
S20-OS-slo-6-KR-D-2016_2017-41008-0.txt	solar3818s	solar3818t	2016/2017	osnovna šola	slovenščina	6. razred	praktično besedilo	Kranj
KUS-SI-slo-4-KK-T-2009_2010-21698-0.txt	solar3819s	solar3819t	2009/2010	strokovna šola	slovenščina	4. letnik	praktično besedilo	Krško
S20-SI-slo-1-SG-E-2016_2017-22519-123.txt	solar3820s	solar3820t	2016/2017	strokovna šola	slovenščina	1. letnik	esej ali spis	Slovenj Gradec
S20-NN-slo-4-KK-E-2016_2017-50030-0.txt	solar3821s	solar3821t	2016/2017	neznano	slovenščina	4. letnik	esej ali spis	Krško
KUS-PI-slo-2-KK-T-2009_2010-30309-0.txt	solar3822s	solar3822t	2009/2010	poklicna šola	slovenščina	2. letnik	praktično besedilo	Krško
KUS-SI-soc-2-NM-T-2009_2010-21819-0.txt	solar3823s	solar3823t	2009/2010	strokovna šola	sociologija	2. letnik	test	Novo mesto
KUS-G-slo-4-LJ-E-2009_2010-11549-12.txt	solar3824s	solar3824t	2009/2010	gimnazija	slovenščina	4. letnik	esej ali spis	Ljubljana
KUS-PI-slo-2-KK-T-2009_2010-30328-0.txt	solar3825s	solar3825t	2009/2010	poklicna šola	slovenščina	2. letnik	praktično besedilo	Krško
KUS-OS-slo-9-NM-E-2009_2010-40798-12.txt	solar3826s	solar3826t	2009/2010	osnovna šola	slovenščina	9. razred	esej ali spis	Novo mesto
S20-OS-slo-9-LJ-E-2017_2018-41271-12.txt	solar3827s	solar3827t	2017/2018	osnovna šola	slovenščina	9. razred	esej ali spis	Ljubljana
KUS-G-zgo-3-LJ-T-2009_2010-11724-123.txt	solar3828s	solar3828t	2009/2010	gimnazija	zgodovina	3. letnik	test	Ljubljana
KUS-SI-soc-2-NM-T-2009_2010-21815-0.txt	solar3829s	solar3829t	2009/2010	strokovna šola	sociologija	2. letnik	test	Novo mesto
S20-SI-slo-4-LJ-E-2016_2017-22121-12.txt	solar3830s	solar3830t	2016/2017	strokovna šola	slovenščina	4. letnik	esej ali spis	Ljubljana
KUS-SI-slo-3-NM-R-2009_2010-21395-0.txt	solar3831s	solar3831t	2009/2010	strokovna šola	slovenščina	3. letnik	delo v razredu	Novo mesto
S20-SI-slo-2-KR-E-2017_2018-22671-0.txt	solar3832s	solar3832t	2017/2018	strokovna šola	slovenščina	2. letnik	esej ali spis	Kranj
S20-G-slo-1-LJ-E-2016_2017-11749-123.txt	solar3833s	solar3833t	2016/2017	gimnazija	slovenščina	1. letnik	esej ali spis	Ljubljana
S20-OS-slo-8-LJ-E-2016_2017-40987-12.txt	solar3834s	solar3834t	2016/2017	osnovna šola	slovenščina	8. razred	esej ali spis	Ljubljana
S20-SI-slo-2-KR-E-2016_2017-22350-0.txt	solar3835s	solar3835t	2016/2017	strokovna šola	slovenščina	2. letnik	esej ali spis	Kranj
KUS-SI-soc-2-NM-T-2009_2010-21755-0.txt	solar3836s	solar3836t	2009/2010	strokovna šola	sociologija	2. letnik	test	Novo mesto
S20-PI-slo-1-KK-E-2016_2017-30370-0.txt	solar3837s	solar3837t	2016/2017	poklicna šola	slovenščina	1. letnik	esej ali spis	Krško
KUS-G-slo-2-LJ-R-2009_2010-11605-0.txt	solar3838s	solar3838t	2009/2010	gimnazija	slovenščina	2. letnik	delo v razredu	Ljubljana
S20-SI-slo-3-SG-E-2016_2017-22572-12.txt	solar3839s	solar3839t	2016/2017	strokovna šola	slovenščina	3. letnik	esej ali spis	Slovenj Gradec
KUS-G-slo-4-LJ-T-2009_2010-11533-0.txt	solar3840s	solar3840t	2009/2010	gimnazija	slovenščina	4. letnik	praktično besedilo	Ljubljana
S20-PI-slo-5-SG-E-2016_2017-30522-0.txt	solar3841s	solar3841t	2016/2017	poklicna šola	slovenščina	5. letnik	esej ali spis	Slovenj Gradec
S20-PI-slo-4-KK-E-2016_2017-30424-0.txt	solar3842s	solar3842t	2016/2017	poklicna šola	slovenščina	4. letnik	esej ali spis	Krško
S20-NN-slo-4-KK-E-2016_2017-50021-12.txt	solar3843s	solar3843t	2016/2017	neznano	slovenščina	4. letnik	esej ali spis	Krško
S20-OS-slo-7-PO-R-2017_2018-41104-0.txt	solar3844s	solar3844t	2017/2018	osnovna šola	slovenščina	7. razred	delo v razredu	Postojna
KUS-PI-slo-2-NM-R-2009_2010-30251-0.txt	solar3845s	solar3845t	2009/2010	poklicna šola	slovenščina	2. letnik	delo v razredu	Novo mesto
KUS-SI-slo-4-KK-T-2009_2010-21683-0.txt	solar3846s	solar3846t	2009/2010	strokovna šola	slovenščina	4. letnik	praktično besedilo	Krško
S20-OS-slo-6-LJ-E-2016_2017-41138-12.txt	solar3847s	solar3847t	2016/2017	osnovna šola	slovenščina	6. razred	esej ali spis	Ljubljana
S20-OS-slo-6-KR-D-2016_2017-41048-0.txt	solar3848s	solar3848t	2016/2017	osnovna šola	slovenščina	6. razred	praktično besedilo	Kranj
S20-OS-slo-6-KR-D-2016_2017-41016-0.txt	solar3849s	solar3849t	2016/2017	osnovna šola	slovenščina	6. razred	praktično besedilo	Kranj
S20-SI-slo-4-LJ-E-2016_2017-22102-12.txt	solar3850s	solar3850t	2016/2017	strokovna šola	slovenščina	4. letnik	esej ali spis	Ljubljana
S20-OS-slo-6-LJ-E-2017_2018-41198-12.txt	solar3851s	solar3851t	2017/2018	osnovna šola	slovenščina	6. razred	esej ali spis	Ljubljana
S20-OS-ods-6-LJ-E-2016_2017-40917-0.txt	solar3852s	solar3852t	2016/2017	osnovna šola	drugo	6. razred	esej ali spis	Ljubljana
S20-SI-slo-3-KK-E-2016_2017-22341-0.txt	solar3853s	solar3853t	2016/2017	strokovna šola	slovenščina	3. letnik	esej ali spis	Krško
S20-OS-ods-6-LJ-E-2016_2017-40936-0.txt	solar3854s	solar3854t	2016/2017	osnovna šola	drugo	6. razred	esej ali spis	Ljubljana
KUS-SI-slo-4-KK-E-2009_2010-21729-123.txt	solar3855s	solar3855t	2009/2010	strokovna šola	slovenščina	4. letnik	esej ali spis	Krško
KUS-SI-slo-4-NM-E-2009_2010-21516-0.txt	solar3856s	solar3856t	2009/2010	strokovna šola	slovenščina	4. letnik	esej ali spis	Novo mesto
S20-SI-slo-4-LJ-PB-2016_2017-22071-0.txt	solar3857s	solar3857t	2016/2017	strokovna šola	slovenščina	4. letnik	praktično besedilo	Ljubljana
KUS-G-zgo-MT-CE-T-2009_2010-11674-1234.txt	solar3858s	solar3858t	2009/2010	gimnazija	zgodovina	maturitetni tečaj	test	Celje
S20-SI-slo-1-LJ-E-2016_2017-21884-0.txt	solar3859s	solar3859t	2016/2017	strokovna šola	slovenščina	1. letnik	esej ali spis	Ljubljana
S20-SI-slo-4-LJ-PB-2016_2017-22057-0.txt	solar3860s	solar3860t	2016/2017	strokovna šola	slovenščina	4. letnik	praktično besedilo	Ljubljana
KUS-SI-slo-4-NM-E-2009_2010-21533-12.txt	solar3861s	solar3861t	2009/2010	strokovna šola	slovenščina	4. letnik	esej ali spis	Novo mesto
S20-SI-slo-4-LJ-PB-2016_2017-22033-0.txt	solar3862s	solar3862t	2016/2017	strokovna šola	slovenščina	4. letnik	praktično besedilo	Ljubljana
S20-OS-slo-6-PO-R-2016_2017-41095-0.txt	solar3863s	solar3863t	2016/2017	osnovna šola	slovenščina	6. razred	delo v razredu	Postojna
KUS-OS-slo-9-NM-E-2009_2010-40795-12.txt	solar3864s	solar3864t	2009/2010	osnovna šola	slovenščina	9. razred	esej ali spis	Novo mesto
S20-SI-slo-4-LJ-E-2016_2017-22116-12.txt	solar3865s	solar3865t	2016/2017	strokovna šola	slovenščina	4. letnik	esej ali spis	Ljubljana
S20-SI-slo-3-KK-E-2016_2017-22315-0.txt	solar3866s	solar3866t	2016/2017	strokovna šola	slovenščina	3. letnik	esej ali spis	Krško
S20-OS-slo-6-LJ-E-2017_2018-41188-12.txt	solar3867s	solar3867t	2017/2018	osnovna šola	slovenščina	6. razred	esej ali spis	Ljubljana
KUS-G-zgo-3-LJ-T-2009_2010-11729-123.txt	solar3868s	solar3868t	2009/2010	gimnazija	zgodovina	3. letnik	test	Ljubljana
S20-OS-slo-6-KR-D-2016_2017-41072-0.txt	solar3869s	solar3869t	2016/2017	osnovna šola	slovenščina	6. razred	praktično besedilo	Kranj
KUS-SI-slo-4-NM-R-2009_2010-21418-0.txt	solar3870s	solar3870t	2009/2010	strokovna šola	slovenščina	4. letnik	delo v razredu	Novo mesto
KUS-SI-slo-4-KK-E-2009_2010-21719-12.txt	solar3871s	solar3871t	2009/2010	strokovna šola	slovenščina	4. letnik	esej ali spis	Krško
S20-G-slo-1-LJ-E-2016_2017-11748-12.txt	solar3872s	solar3872t	2016/2017	gimnazija	slovenščina	1. letnik	esej ali spis	Ljubljana
S20-SI-slo-1-LJ-E-2016_2017-21882-0.txt	solar3873s	solar3873t	2016/2017	strokovna šola	slovenščina	1. letnik	esej ali spis	Ljubljana
S20-OS-slo-6-LJ-E-2017_2018-41185-12.txt	solar3874s	solar3874t	2017/2018	osnovna šola	slovenščina	6. razred	esej ali spis	Ljubljana
S20-OS-slo-6-KR-D-2016_2017-41069-0.txt	solar3875s	solar3875t	2016/2017	osnovna šola	slovenščina	6. razred	praktično besedilo	Kranj
KUS-OS-slo-9-GO-R-2009_2010-40727-0.txt	solar3876s	solar3876t	2009/2010	osnovna šola	slovenščina	9. razred	delo v razredu	Gorica
S20-G-slo-1-LJ-PB-2016_2017-11769-0.txt	solar3877s	solar3877t	2016/2017	gimnazija	slovenščina	1. letnik	praktično besedilo	Ljubljana
S20-SI-slo-1-LJ-E-2016_2017-21874-12.txt	solar3878s	solar3878t	2016/2017	strokovna šola	slovenščina	1. letnik	esej ali spis	Ljubljana
S20-OS-slo-8-LJ-E-2016_2017-41171-12.txt	solar3879s	solar3879t	2016/2017	osnovna šola	slovenščina	8. razred	esej ali spis	Ljubljana
S20-SI-slo-3-SG-E-2016_2017-22575-12.txt	solar3880s	solar3880t	2016/2017	strokovna šola	slovenščina	3. letnik	esej ali spis	Slovenj Gradec
KUS-SI-slo-4-NM-R-2009_2010-21416-0.txt	solar3881s	solar3881t	2009/2010	strokovna šola	slovenščina	4. letnik	delo v razredu	Novo mesto
S20-G-slo-4-KK-E-2016_2017-11813-123.txt	solar3882s	solar3882t	2016/2017	gimnazija	slovenščina	4. letnik	esej ali spis	Krško
S20-SI-slo-1-LJ-E-2016_2017-21890-12.txt	solar3883s	solar3883t	2016/2017	strokovna šola	slovenščina	1. letnik	esej ali spis	Ljubljana
S20-PI-slo-4-KK-E-2016_2017-30395-0.txt	solar3884s	solar3884t	2016/2017	poklicna šola	slovenščina	4. letnik	esej ali spis	Krško
S20-PI-slo-4-SG-E-2016_2017-30504-12.txt	solar3885s	solar3885t	2016/2017	poklicna šola	slovenščina	4. letnik	esej ali spis	Slovenj Gradec
S20-G-slo-4-LJ-PB-2017_2018-11838-0.txt	solar3886s	solar3886t	2017/2018	gimnazija	slovenščina	4. letnik	praktično besedilo	Ljubljana
S20-G-slo-1-LJ-E-2016_2017-11751-12.txt	solar3887s	solar3887t	2016/2017	gimnazija	slovenščina	1. letnik	esej ali spis	Ljubljana
S20-G-slo-2-KK-E-2017_2018-11882-0.txt	solar3888s	solar3888t	2017/2018	gimnazija	slovenščina	2. letnik	esej ali spis	Krško
KUS-SI-slo-2-NM-R-2009_2010-21371-12.txt	solar3889s	solar3889t	2009/2010	strokovna šola	slovenščina	2. letnik	delo v razredu	Novo mesto
KUS-SI-slo-2-NM-E-2009_2010-21629-0.txt	solar3890s	solar3890t	2009/2010	strokovna šola	slovenščina	2. letnik	esej ali spis	Novo mesto
KUS-G-zgo-1-LJ-T-2009_2010-11688-12.txt	solar3891s	solar3891t	2009/2010	gimnazija	zgodovina	1. letnik	test	Ljubljana
S20-SI-slo-4-LJ-PB-2016_2017-21921-0.txt	solar3892s	solar3892t	2016/2017	strokovna šola	slovenščina	4. letnik	praktično besedilo	Ljubljana
KUS-SI-soc-2-NM-T-2009_2010-21785-0.txt	solar3893s	solar3893t	2009/2010	strokovna šola	sociologija	2. letnik	test	Novo mesto
S20-OS-slo-8-LJ-PB-2016_2017-40997-0.txt	solar3894s	solar3894t	2016/2017	osnovna šola	slovenščina	8. razred	praktično besedilo	Ljubljana
KUS-PI-slo-1-NM-R-2009_2010-30213-0.txt	solar3895s	solar3895t	2009/2010	poklicna šola	slovenščina	1. letnik	delo v razredu	Novo mesto
S20-SI-slo-4-LJ-PB-2016_2017-21986-0.txt	solar3896s	solar3896t	2016/2017	strokovna šola	slovenščina	4. letnik	praktično besedilo	Ljubljana
S20-PI-slo-1-KR-E-2016_2017-30428-0.txt	solar3897s	solar3897t	2016/2017	poklicna šola	slovenščina	1. letnik	esej ali spis	Kranj
KUS-G-slo-4-LJ-E-2009_2010-11544-123.txt	solar3898s	solar3898t	2009/2010	gimnazija	slovenščina	4. letnik	esej ali spis	Ljubljana
S20-G-slo-1-LJ-PB-2016_2017-11774-0.txt	solar3899s	solar3899t	2016/2017	gimnazija	slovenščina	1. letnik	praktično besedilo	Ljubljana
S20-OS-slo-6-LJ-E-2016_2017-41149-12.txt	solar3900s	solar3900t	2016/2017	osnovna šola	slovenščina	6. razred	esej ali spis	Ljubljana
S20-PI-slo-5-SG-E-2017_2018-30540-12.txt	solar3901s	solar3901t	2017/2018	poklicna šola	slovenščina	5. letnik	esej ali spis	Slovenj Gradec
S20-SI-slo-3-KK-E-2016_2017-22323-0.txt	solar3902s	solar3902t	2016/2017	strokovna šola	slovenščina	3. letnik	esej ali spis	Krško
S20-SI-slo-3-KK-E-2016_2017-22284-0.txt	solar3903s	solar3903t	2016/2017	strokovna šola	slovenščina	3. letnik	esej ali spis	Krško
KUS-G-slo-4-LJ-T-2009_2010-11536-0.txt	solar3904s	solar3904t	2009/2010	gimnazija	slovenščina	4. letnik	praktično besedilo	Ljubljana
S20-G-slo-1-LJ-E-2016_2017-11804-12.txt	solar3905s	solar3905t	2016/2017	gimnazija	slovenščina	1. letnik	esej ali spis	Ljubljana
KUS-SI-slo-1-NM-R-2009_2010-21337-0.txt	solar3906s	solar3906t	2009/2010	strokovna šola	slovenščina	1. letnik	delo v razredu	Novo mesto
S20-SI-slo-3-KK-D-2016_2017-22198-0.txt	solar3907s	solar3907t	2016/2017	strokovna šola	slovenščina	3. letnik	praktično besedilo	Krško
S20-SI-slo-4-KR-E-2016_2017-22446-0.txt	solar3908s	solar3908t	2016/2017	strokovna šola	slovenščina	4. letnik	esej ali spis	Kranj
S20-PI-slo-5-SG-E-2017_2018-30551-12.txt	solar3909s	solar3909t	2017/2018	poklicna šola	slovenščina	5. letnik	esej ali spis	Slovenj Gradec
S20-SI-slo-3-KR-E-2017_2018-22422-0.txt	solar3910s	solar3910t	2017/2018	strokovna šola	slovenščina	3. letnik	esej ali spis	Kranj
S20-SI-slo-3-KK-D-2016_2017-22203-0.txt	solar3911s	solar3911t	2016/2017	strokovna šola	slovenščina	3. letnik	praktično besedilo	Krško
KUS-SI-soc-2-NM-T-2009_2010-21837-0.txt	solar3912s	solar3912t	2009/2010	strokovna šola	sociologija	2. letnik	test	Novo mesto
KUS-SI-slo-4-NM-T-2009_2010-21476-0.txt	solar3913s	solar3913t	2009/2010	strokovna šola	slovenščina	4. letnik	praktično besedilo	Novo mesto
S20-OS-slo-8-PO-E-2017_2018-41120-0.txt	solar3914s	solar3914t	2017/2018	osnovna šola	slovenščina	8. razred	esej ali spis	Postojna
S20-OS-slo-6-KR-D-2016_2017-41020-0.txt	solar3915s	solar3915t	2016/2017	osnovna šola	slovenščina	6. razred	praktično besedilo	Kranj
S20-G-slo-2-KK-E-2017_2018-11889-12.txt	solar3916s	solar3916t	2017/2018	gimnazija	slovenščina	2. letnik	esej ali spis	Krško
KUS-OS-slo-7-GO-R-2009_2010-40689-0.txt	solar3917s	solar3917t	2009/2010	osnovna šola	slovenščina	7. razred	delo v razredu	Gorica
S20-SI-slo-4-LJ-PB-2016_2017-22073-0.txt	solar3918s	solar3918t	2016/2017	strokovna šola	slovenščina	4. letnik	praktično besedilo	Ljubljana
S20-SI-piz-4-KR-T-2016_2017-22461-0.txt	solar3919s	solar3919t	2016/2017	strokovna šola	podjetništvo in zakonodaja	4. letnik	test	Kranj
S20-OS-slo-8-LJ-E-2016_2017-40993-123.txt	solar3920s	solar3920t	2016/2017	osnovna šola	slovenščina	8. razred	esej ali spis	Ljubljana
KUS-PI-slo-2-NM-E-2009_2010-30297-12.txt	solar3921s	solar3921t	2009/2010	poklicna šola	slovenščina	2. letnik	esej ali spis	Novo mesto
S20-SI-slo-4-LJ-E-2016_2017-22106-12.txt	solar3922s	solar3922t	2016/2017	strokovna šola	slovenščina	4. letnik	esej ali spis	Ljubljana
KUS-PI-slo-2-NM-E-2009_2010-30279-0.txt	solar3923s	solar3923t	2009/2010	poklicna šola	slovenščina	2. letnik	esej ali spis	Novo mesto
KUS-PI-slo-1-NM-R-2009_2010-30191-0.txt	solar3924s	solar3924t	2009/2010	poklicna šola	slovenščina	1. letnik	delo v razredu	Novo mesto
S20-SI-slo-4-LJ-PB-2016_2017-21948-0.txt	solar3925s	solar3925t	2016/2017	strokovna šola	slovenščina	4. letnik	praktično besedilo	Ljubljana
S20-SI-slo-3-KK-D-2016_2017-22194-0.txt	solar3926s	solar3926t	2016/2017	strokovna šola	slovenščina	3. letnik	praktično besedilo	Krško
S20-SI-slo-3-KK-E-2016_2017-22245-0.txt	solar3927s	solar3927t	2016/2017	strokovna šola	slovenščina	3. letnik	esej ali spis	Krško
KUS-SI-slo-4-KK-T-2009_2010-21676-0.txt	solar3928s	solar3928t	2009/2010	strokovna šola	slovenščina	4. letnik	praktično besedilo	Krško
KUS-SI-soc-2-NM-T-2009_2010-21789-0.txt	solar3929s	solar3929t	2009/2010	strokovna šola	sociologija	2. letnik	test	Novo mesto
S20-SI-slo-4-KR-PB-2016_2017-22459-0.txt	solar3930s	solar3930t	2016/2017	strokovna šola	slovenščina	4. letnik	praktično besedilo	Kranj
S20-PI-slo-4-KK-E-2016_2017-30407-0.txt	solar3931s	solar3931t	2016/2017	poklicna šola	slovenščina	4. letnik	esej ali spis	Krško
S20-OS-slo-8-LJ-E-2017_2018-41245-12.txt	solar3932s	solar3932t	2017/2018	osnovna šola	slovenščina	8. razred	esej ali spis	Ljubljana
S20-SI-slo-3-KK-E-2016_2017-22226-0.txt	solar3933s	solar3933t	2016/2017	strokovna šola	slovenščina	3. letnik	esej ali spis	Krško
S20-SI-slo-4-LJ-E-2016_2017-22161-12.txt	solar3934s	solar3934t	2016/2017	strokovna šola	slovenščina	4. letnik	esej ali spis	Ljubljana
S20-OS-slo-6-KR-D-2016_2017-41050-0.txt	solar3935s	solar3935t	2016/2017	osnovna šola	slovenščina	6. razred	praktično besedilo	Kranj
S20-OS-slo-6-KR-D-2016_2017-41057-0.txt	solar3936s	solar3936t	2016/2017	osnovna šola	slovenščina	6. razred	praktično besedilo	Kranj
KUS-SI-soc-2-NM-T-2009_2010-21738-0.txt	solar3937s	solar3937t	2009/2010	strokovna šola	sociologija	2. letnik	test	Novo mesto
S20-OS-ods-6-LJ-E-2016_2017-40908-0.txt	solar3938s	solar3938t	2016/2017	osnovna šola	drugo	6. razred	esej ali spis	Ljubljana
S20-G-slo-4-LJ-PB-2017_2018-11834-0.txt	solar3939s	solar3939t	2017/2018	gimnazija	slovenščina	4. letnik	praktično besedilo	Ljubljana
S20-SI-slo-2-KR-E-2016_2017-22357-0.txt	solar3940s	solar3940t	2016/2017	strokovna šola	slovenščina	2. letnik	esej ali spis	Kranj
KUS-SI-soc-2-NM-T-2009_2010-21830-0.txt	solar3941s	solar3941t	2009/2010	strokovna šola	sociologija	2. letnik	test	Novo mesto
S20-SI-slo-4-LJ-E-2016_2017-22012-12.txt	solar3942s	solar3942t	2016/2017	strokovna šola	slovenščina	4. letnik	esej ali spis	Ljubljana
S20-OS-slo-6-LJ-E-2017_2018-41085-12.txt	solar3943s	solar3943t	2017/2018	osnovna šola	slovenščina	6. razred	esej ali spis	Ljubljana
KUS-SI-slo-2-NM-E-2009_2010-21544-0.txt	solar3944s	solar3944t	2009/2010	strokovna šola	slovenščina	2. letnik	esej ali spis	Novo mesto
KUS-G-zgo-MT-CE-T-2009_2010-11681-1234.txt	solar3945s	solar3945t	2009/2010	gimnazija	zgodovina	maturitetni tečaj	test	Celje
S20-PI-slo-1-KK-E-2016_2017-30363-0.txt	solar3946s	solar3946t	2016/2017	poklicna šola	slovenščina	1. letnik	esej ali spis	Krško
KUS-SI-soc-2-NM-T-2009_2010-21832-0.txt	solar3947s	solar3947t	2009/2010	strokovna šola	sociologija	2. letnik	test	Novo mesto
S20-SI-slo-4-LJ-PB-2016_2017-22076-0.txt	solar3948s	solar3948t	2016/2017	strokovna šola	slovenščina	4. letnik	praktično besedilo	Ljubljana
S20-SI-slo-2-KR-E-2016_2017-22345-0.txt	solar3949s	solar3949t	2016/2017	strokovna šola	slovenščina	2. letnik	esej ali spis	Kranj
S20-G-slo-1-LJ-E-2016_2017-11742-12.txt	solar3950s	solar3950t	2016/2017	gimnazija	slovenščina	1. letnik	esej ali spis	Ljubljana
KUS-G-zgo-3-LJ-T-2009_2010-11727-123.txt	solar3951s	solar3951t	2009/2010	gimnazija	zgodovina	3. letnik	test	Ljubljana
KUS-SI-slo-4-KK-T-2009_2010-21679-0.txt	solar3952s	solar3952t	2009/2010	strokovna šola	slovenščina	4. letnik	praktično besedilo	Krško
S20-SI-zgo-2-KR-T-2016_2017-22394-0.txt	solar3953s	solar3953t	2016/2017	strokovna šola	zgodovina	2. letnik	test	Kranj
KUS-SI-slo-4-KK-E-2009_2010-21721-12.txt	solar3954s	solar3954t	2009/2010	strokovna šola	slovenščina	4. letnik	esej ali spis	Krško
S20-PI-slo-4-KR-E-2016_2017-30439-0.txt	solar3955s	solar3955t	2016/2017	poklicna šola	slovenščina	4. letnik	esej ali spis	Kranj
S20-SI-slo-1-SG-E-2017_2018-22536-123.txt	solar3956s	solar3956t	2017/2018	strokovna šola	slovenščina	1. letnik	esej ali spis	Slovenj Gradec
S20-OS-slo-6-LJ-E-2017_2018-41086-12.txt	solar3957s	solar3957t	2017/2018	osnovna šola	slovenščina	6. razred	esej ali spis	Ljubljana
S20-SI-slo-3-KR-E-2017_2018-22683-0.txt	solar3958s	solar3958t	2017/2018	strokovna šola	slovenščina	3. letnik	esej ali spis	Kranj
KUS-OS-slo-7-GO-R-2009_2010-40702-123.txt	solar3959s	solar3959t	2009/2010	osnovna šola	slovenščina	7. razred	delo v razredu	Gorica
KUS-PI-slo-1-NM-R-2009_2010-30227-0.txt	solar3960s	solar3960t	2009/2010	poklicna šola	slovenščina	1. letnik	delo v razredu	Novo mesto
KUS-OS-slo-8-KP-E-2009_2010-40674-0.txt	solar3961s	solar3961t	2009/2010	osnovna šola	slovenščina	8. razred	esej ali spis	Koper
KUS-SI-soc-2-NM-T-2009_2010-21787-0.txt	solar3962s	solar3962t	2009/2010	strokovna šola	sociologija	2. letnik	test	Novo mesto
KUS-SI-slo-4-NM-R-2009_2010-21493-0.txt	solar3963s	solar3963t	2009/2010	strokovna šola	slovenščina	4. letnik	delo v razredu	Novo mesto
S20-SI-slo-1-SG-E-2016_2017-22521-12.txt	solar3964s	solar3964t	2016/2017	strokovna šola	slovenščina	1. letnik	esej ali spis	Slovenj Gradec
KUS-SI-slo-4-KK-T-2009_2010-21675-0.txt	solar3965s	solar3965t	2009/2010	strokovna šola	slovenščina	4. letnik	praktično besedilo	Krško
S20-SI-slo-4-LJ-E-2016_2017-22144-12.txt	solar3966s	solar3966t	2016/2017	strokovna šola	slovenščina	4. letnik	esej ali spis	Ljubljana
S20-SI-slo-4-KR-D-2016_2017-22498-0.txt	solar3967s	solar3967t	2016/2017	strokovna šola	slovenščina	4. letnik	praktično besedilo	Kranj
S20-SI-slo-3-KK-E-2016_2017-22234-0.txt	solar3968s	solar3968t	2016/2017	strokovna šola	slovenščina	3. letnik	esej ali spis	Krško
S20-SI-slo-4-LJ-PB-2016_2017-21985-0.txt	solar3969s	solar3969t	2016/2017	strokovna šola	slovenščina	4. letnik	praktično besedilo	Ljubljana
S20-PI-slo-2-KR-E-2017_2018-30431-0.txt	solar3970s	solar3970t	2017/2018	poklicna šola	slovenščina	2. letnik	esej ali spis	Kranj
S20-PI-slo-5-SG-E-2017_2018-30552-12.txt	solar3971s	solar3971t	2017/2018	poklicna šola	slovenščina	5. letnik	esej ali spis	Slovenj Gradec
S20-OS-slo-8-PO-E-2017_2018-41123-0.txt	solar3972s	solar3972t	2017/2018	osnovna šola	slovenščina	8. razred	esej ali spis	Postojna
KUS-SI-slo-4-KK-T-2009_2010-21685-0.txt	solar3973s	solar3973t	2009/2010	strokovna šola	slovenščina	4. letnik	praktično besedilo	Krško
KUS-SI-slo-4-NM-R-2009_2010-21423-0.txt	solar3974s	solar3974t	2009/2010	strokovna šola	slovenščina	4. letnik	delo v razredu	Novo mesto
KUS-PI-slo-2-NM-R-2009_2010-30270-0.txt	solar3975s	solar3975t	2009/2010	poklicna šola	slovenščina	2. letnik	delo v razredu	Novo mesto
KUS-G-slo-4-LJ-E-2009_2010-11559-1234.txt	solar3976s	solar3976t	2009/2010	gimnazija	slovenščina	4. letnik	esej ali spis	Ljubljana
S20-OS-slo-8-LJ-PB-2016_2017-40994-0.txt	solar3977s	solar3977t	2016/2017	osnovna šola	slovenščina	8. razred	praktično besedilo	Ljubljana
S20-OS-ods-6-LJ-E-2016_2017-40919-0.txt	solar3978s	solar3978t	2016/2017	osnovna šola	drugo	6. razred	esej ali spis	Ljubljana
KUS-SI-soc-2-NM-T-2009_2010-21813-0.txt	solar3979s	solar3979t	2009/2010	strokovna šola	sociologija	2. letnik	test	Novo mesto
S20-PI-slo-4-KK-E-2016_2017-30406-0.txt	solar3980s	solar3980t	2016/2017	poklicna šola	slovenščina	4. letnik	esej ali spis	Krško
S20-SI-slo-3-KR-E-2017_2018-22426-0.txt	solar3981s	solar3981t	2017/2018	strokovna šola	slovenščina	3. letnik	esej ali spis	Kranj
S20-PI-slo-4-KR-E-2016_2017-30438-0.txt	solar3982s	solar3982t	2016/2017	poklicna šola	slovenščina	4. letnik	esej ali spis	Kranj
S20-SI-slo-1-SG-D-2016_2017-22531-0.txt	solar3983s	solar3983t	2016/2017	strokovna šola	slovenščina	1. letnik	test	Slovenj Gradec
S20-PI-slo-5-SG-E-2016_2017-30516-12.txt	solar3984s	solar3984t	2016/2017	poklicna šola	slovenščina	5. letnik	esej ali spis	Slovenj Gradec
S20-SI-slo-4-LJ-PB-2016_2017-22063-0.txt	solar3985s	solar3985t	2016/2017	strokovna šola	slovenščina	4. letnik	praktično besedilo	Ljubljana
S20-SI-oti-2-KR-T-2016_2017-22368-0.txt	solar3986s	solar3986t	2016/2017	strokovna šola	obdelava turističnih informacij	2. letnik	test	Kranj
S20-OS-slo-9-CE-D-2016_2017-40871-0.txt	solar3987s	solar3987t	2016/2017	osnovna šola	slovenščina	9. razred	praktično besedilo	Celje
S20-PI-slo-4-KR-E-2016_2017-30441-0.txt	solar3988s	solar3988t	2016/2017	poklicna šola	slovenščina	4. letnik	esej ali spis	Kranj
KUS-SI-slo-4-KK-E-2009_2010-21733-123.txt	solar3989s	solar3989t	2009/2010	strokovna šola	slovenščina	4. letnik	esej ali spis	Krško
S20-SI-slo-4-LJ-E-2016_2017-22013-12.txt	solar3990s	solar3990t	2016/2017	strokovna šola	slovenščina	4. letnik	esej ali spis	Ljubljana
KUS-OS-slo-7-KR-R-2009_2010-40632-0.txt	solar3991s	solar3991t	2009/2010	osnovna šola	slovenščina	7. razred	delo v razredu	Kranj
KUS-SI-slo-2-NM-E-2009_2010-21555-0.txt	solar3992s	solar3992t	2009/2010	strokovna šola	slovenščina	2. letnik	esej ali spis	Novo mesto
S20-OS-slo-9-CE-D-2016_2017-40903-0.txt	solar3993s	solar3993t	2016/2017	osnovna šola	slovenščina	9. razred	esej ali spis	Celje
KUS-G-slo-2-GO-T-2009_2010-11622-0.txt	solar3994s	solar3994t	2009/2010	gimnazija	slovenščina	2. letnik	praktično besedilo	Gorica
KUS-G-slo-4-GO-E-2009_2010-11612-123.txt	solar3995s	solar3995t	2009/2010	gimnazija	slovenščina	4. letnik	esej ali spis	Gorica
S20-OS-slo-8-LJ-E-2016_2017-40988-12.txt	solar3996s	solar3996t	2016/2017	osnovna šola	slovenščina	8. razred	esej ali spis	Ljubljana
S20-G-slo-4-KK-E-2016_2017-11828-12.txt	solar3997s	solar3997t	2016/2017	gimnazija	slovenščina	4. letnik	esej ali spis	Krško
S20-OS-slo-6-LJ-E-2017_2018-41186-12.txt	solar3998s	solar3998t	2017/2018	osnovna šola	slovenščina	6. razred	esej ali spis	Ljubljana
KUS-SI-slo-4-NM-R-2009_2010-21496-0.txt	solar3999s	solar3999t	2009/2010	strokovna šola	slovenščina	4. letnik	delo v razredu	Novo mesto
S20-SI-slo-2-SG-E-2017_2018-22756-0.txt	solar4000s	solar4000t	2017/2018	strokovna šola	slovenščina	2. letnik	esej ali spis	Slovenj Gradec
KUS-OS-slo-8-NM-E-2009_2010-40735-0.txt	solar4001s	solar4001t	2009/2010	osnovna šola	slovenščina	8. razred	esej ali spis	Novo mesto
S20-PI-slo-1-KK-E-2016_2017-30371-0.txt	solar4002s	solar4002t	2016/2017	poklicna šola	slovenščina	1. letnik	esej ali spis	Krško
S20-SI-piz-3-KR-T-2017_2018-22678-0.txt	solar4003s	solar4003t	2017/2018	strokovna šola	podjetništvo in zakonodaja	3. letnik	test	Kranj
KUS-SI-slo-2-NM-E-2009_2010-21608-0.txt	solar4004s	solar4004t	2009/2010	strokovna šola	slovenščina	2. letnik	esej ali spis	Novo mesto
S20-G-slo-4-KK-E-2016_2017-11827-12.txt	solar4005s	solar4005t	2016/2017	gimnazija	slovenščina	4. letnik	esej ali spis	Krško
S20-SI-slo-3-KK-E-2016_2017-22229-0.txt	solar4006s	solar4006t	2016/2017	strokovna šola	slovenščina	3. letnik	esej ali spis	Krško
KUS-OS-slo-9-LJ-R-2009_2010-40761-0.txt	solar4007s	solar4007t	2009/2010	osnovna šola	slovenščina	9. razred	delo v razredu	Ljubljana
S20-SI-slo-3-KK-E-2016_2017-22322-0.txt	solar4008s	solar4008t	2016/2017	strokovna šola	slovenščina	3. letnik	esej ali spis	Krško
KUS-G-zgo-MT-CE-T-2009_2010-11676-1234.txt	solar4009s	solar4009t	2009/2010	gimnazija	zgodovina	maturitetni tečaj	test	Celje
KUS-SI-slo-4-NM-T-2009_2010-21485-0.txt	solar4010s	solar4010t	2009/2010	strokovna šola	slovenščina	4. letnik	praktično besedilo	Novo mesto
S20-OS-gos-6-CE-E-2016_2017-40869-0.txt	solar4011s	solar4011t	2016/2017	osnovna šola	gospodinjstvo	6. razred	esej ali spis	Celje
KUS-OS-slo-9-NM-R-2009_2010-40810-0.txt	solar4012s	solar4012t	2009/2010	osnovna šola	slovenščina	9. razred	delo v razredu	Novo mesto
S20-NN-slo-4-KK-E-2016_2017-50046-0.txt	solar4013s	solar4013t	2016/2017	neznano	slovenščina	4. letnik	esej ali spis	Krško
S20-PI-slo-4-SG-E-2016_2017-30498-12.txt	solar4014s	solar4014t	2016/2017	poklicna šola	slovenščina	4. letnik	esej ali spis	Slovenj Gradec
S20-OS-slo-6-LJ-E-2017_2018-41194-12.txt	solar4015s	solar4015t	2017/2018	osnovna šola	slovenščina	6. razred	esej ali spis	Ljubljana
KUS-OS-slo-9-NM-E-2009_2010-40804-12.txt	solar4016s	solar4016t	2009/2010	osnovna šola	slovenščina	9. razred	esej ali spis	Novo mesto
S20-SI-slo-4-LJ-PB-2016_2017-22060-0.txt	solar4017s	solar4017t	2016/2017	strokovna šola	slovenščina	4. letnik	praktično besedilo	Ljubljana
S20-SI-slo-4-LJ-PB-2016_2017-21920-0.txt	solar4018s	solar4018t	2016/2017	strokovna šola	slovenščina	4. letnik	praktično besedilo	Ljubljana
KUS-SI-slo-4-NM-T-2009_2010-21442-0.txt	solar4019s	solar4019t	2009/2010	strokovna šola	slovenščina	4. letnik	praktično besedilo	Novo mesto
KUS-SI-soc-2-NM-T-2009_2010-21800-0.txt	solar4020s	solar4020t	2009/2010	strokovna šola	sociologija	2. letnik	test	Novo mesto
S20-SI-pkv-2-KR-T-2016_2017-22377-0.txt	solar4021s	solar4021t	2016/2017	strokovna šola	poslovno komuniciranje in vodenje	2. letnik	test	Kranj
KUS-SI-slo-4-NM-R-2009_2010-21405-0.txt	solar4022s	solar4022t	2009/2010	strokovna šola	slovenščina	4. letnik	delo v razredu	Novo mesto
KUS-SI-slo-4-NM-E-2009_2010-21524-12.txt	solar4023s	solar4023t	2009/2010	strokovna šola	slovenščina	4. letnik	esej ali spis	Novo mesto
S20-SI-slo-3-SG-E-2016_2017-22578-12.txt	solar4024s	solar4024t	2016/2017	strokovna šola	slovenščina	3. letnik	esej ali spis	Slovenj Gradec
KUS-PI-slo-2-KK-T-2009_2010-30324-0.txt	solar4025s	solar4025t	2009/2010	poklicna šola	slovenščina	2. letnik	praktično besedilo	Krško
KUS-PI-slo-2-NM-E-2009_2010-30300-123.txt	solar4026s	solar4026t	2009/2010	poklicna šola	slovenščina	2. letnik	esej ali spis	Novo mesto
S20-OS-slo-6-LJ-E-2016_2017-41136-12.txt	solar4027s	solar4027t	2016/2017	osnovna šola	slovenščina	6. razred	esej ali spis	Ljubljana
S20-SI-slo-3-KR-E-2017_2018-22673-0.txt	solar4028s	solar4028t	2017/2018	strokovna šola	slovenščina	3. letnik	esej ali spis	Kranj
KUS-G-slo-2-GO-T-2009_2010-11621-0.txt	solar4029s	solar4029t	2009/2010	gimnazija	slovenščina	2. letnik	praktično besedilo	Gorica
KUS-SI-soc-2-NM-T-2009_2010-21825-0.txt	solar4030s	solar4030t	2009/2010	strokovna šola	sociologija	2. letnik	test	Novo mesto
KUS-G-slo-4-LJ-T-2009_2010-11513-0.txt	solar4031s	solar4031t	2009/2010	gimnazija	slovenščina	4. letnik	praktično besedilo	Ljubljana
KUS-SI-soc-2-NM-T-2009_2010-21767-0.txt	solar4032s	solar4032t	2009/2010	strokovna šola	sociologija	2. letnik	test	Novo mesto
S20-G-slo-1-LJ-PB-2016_2017-11778-0.txt	solar4033s	solar4033t	2016/2017	gimnazija	slovenščina	1. letnik	praktično besedilo	Ljubljana
S20-SI-slo-4-KR-E-2016_2017-22487-0.txt	solar4034s	solar4034t	2016/2017	strokovna šola	slovenščina	4. letnik	esej ali spis	Kranj
KUS-SI-soc-2-NM-T-2009_2010-21824-0.txt	solar4035s	solar4035t	2009/2010	strokovna šola	sociologija	2. letnik	test	Novo mesto
KUS-SI-slo-4-NM-R-2009_2010-21491-0.txt	solar4036s	solar4036t	2009/2010	strokovna šola	slovenščina	4. letnik	delo v razredu	Novo mesto
KUS-G-slo-4-LJ-E-2009_2010-11545-1234.txt	solar4037s	solar4037t	2009/2010	gimnazija	slovenščina	4. letnik	esej ali spis	Ljubljana
S20-SI-slo-4-LJ-PB-2016_2017-21970-0.txt	solar4038s	solar4038t	2016/2017	strokovna šola	slovenščina	4. letnik	praktično besedilo	Ljubljana
KUS-G-slo-2-LJ-R-2009_2010-11600-0.txt	solar4039s	solar4039t	2009/2010	gimnazija	slovenščina	2. letnik	delo v razredu	Ljubljana
S20-OS-slo-6-LJ-E-2016_2017-40972-0.txt	solar4040s	solar4040t	2016/2017	osnovna šola	slovenščina	6. razred	esej ali spis	Ljubljana
S20-SI-slo-4-LJ-PB-2016_2017-22079-0.txt	solar4041s	solar4041t	2016/2017	strokovna šola	slovenščina	4. letnik	praktično besedilo	Ljubljana
KUS-SI-slo-4-NM-T-2009_2010-21467-0.txt	solar4042s	solar4042t	2009/2010	strokovna šola	slovenščina	4. letnik	praktično besedilo	Novo mesto
S20-SI-slo-3-KK-E-2016_2017-22227-12.txt	solar4043s	solar4043t	2016/2017	strokovna šola	slovenščina	3. letnik	esej ali spis	Krško
S20-OS-ods-6-LJ-E-2016_2017-40910-0.txt	solar4044s	solar4044t	2016/2017	osnovna šola	drugo	6. razred	esej ali spis	Ljubljana
S20-PI-slo-4-KK-E-2016_2017-30408-0.txt	solar4045s	solar4045t	2016/2017	poklicna šola	slovenščina	4. letnik	esej ali spis	Krško
S20-SI-slo-3-KK-D-2016_2017-22193-0.txt	solar4046s	solar4046t	2016/2017	strokovna šola	slovenščina	3. letnik	praktično besedilo	Krško
KUS-G-zgo-MT-CE-T-2009_2010-11670-1234.txt	solar4047s	solar4047t	2009/2010	gimnazija	zgodovina	maturitetni tečaj	test	Celje
S20-OS-slo-8-LJ-E-2017_2018-41244-0.txt	solar4048s	solar4048t	2017/2018	osnovna šola	slovenščina	8. razred	esej ali spis	Ljubljana
S20-SI-slo-4-LJ-PB-2016_2017-22061-0.txt	solar4049s	solar4049t	2016/2017	strokovna šola	slovenščina	4. letnik	praktično besedilo	Ljubljana
S20-SI-slo-4-LJ-E-2016_2017-22159-12.txt	solar4050s	solar4050t	2016/2017	strokovna šola	slovenščina	4. letnik	esej ali spis	Ljubljana
S20-SI-slo-3-KK-E-2016_2017-22311-0.txt	solar4051s	solar4051t	2016/2017	strokovna šola	slovenščina	3. letnik	esej ali spis	Krško
S20-SI-slo-4-LJ-E-2016_2017-22127-12.txt	solar4052s	solar4052t	2016/2017	strokovna šola	slovenščina	4. letnik	esej ali spis	Ljubljana
S20-G-slo-4-KK-E-2016_2017-11809-12.txt	solar4053s	solar4053t	2016/2017	gimnazija	slovenščina	4. letnik	esej ali spis	Krško
KUS-G-zgo-1-LJ-T-2009_2010-11707-12.txt	solar4054s	solar4054t	2009/2010	gimnazija	zgodovina	1. letnik	test	Ljubljana
KUS-SI-soc-2-NM-T-2009_2010-21784-0.txt	solar4055s	solar4055t	2009/2010	strokovna šola	sociologija	2. letnik	test	Novo mesto
S20-OS-slo-9-PO-T-2016_2017-40964-0.txt	solar4056s	solar4056t	2016/2017	osnovna šola	slovenščina	9. razred	praktično besedilo	Postojna
KUS-OS-slo-8-KP-E-2009_2010-40684-12.txt	solar4057s	solar4057t	2009/2010	osnovna šola	slovenščina	8. razred	esej ali spis	Koper
S20-OS-slo-7-LJ-E-2017_2018-41228-12.txt	solar4058s	solar4058t	2017/2018	osnovna šola	slovenščina	7. razred	esej ali spis	Ljubljana
S20-PI-slo-1-SG-E-2017_2018-30473-12.txt	solar4059s	solar4059t	2017/2018	poklicna šola	slovenščina	1. letnik	esej ali spis	Slovenj Gradec
S20-SI-slo-4-LJ-E-2016_2017-22015-12.txt	solar4060s	solar4060t	2016/2017	strokovna šola	slovenščina	4. letnik	esej ali spis	Ljubljana
S20-SI-slo-4-LJ-PB-2016_2017-22096-0.txt	solar4061s	solar4061t	2016/2017	strokovna šola	slovenščina	4. letnik	praktično besedilo	Ljubljana
KUS-SI-slo-4-NM-T-2009_2010-21468-0.txt	solar4062s	solar4062t	2009/2010	strokovna šola	slovenščina	4. letnik	praktično besedilo	Novo mesto
S20-SI-slo-4-KR-E-2016_2017-22484-0.txt	solar4063s	solar4063t	2016/2017	strokovna šola	slovenščina	4. letnik	esej ali spis	Kranj
S20-SI-slo-3-KK-E-2016_2017-22325-0.txt	solar4064s	solar4064t	2016/2017	strokovna šola	slovenščina	3. letnik	esej ali spis	Krško
KUS-OS-slo-8-NM-E-2009_2010-40737-0.txt	solar4065s	solar4065t	2009/2010	osnovna šola	slovenščina	8. razred	esej ali spis	Novo mesto
S20-SI-slo-3-KK-E-2016_2017-22249-0.txt	solar4066s	solar4066t	2016/2017	strokovna šola	slovenščina	3. letnik	esej ali spis	Krško
S20-SI-slo-3-KR-E-2017_2018-22688-0.txt	solar4067s	solar4067t	2017/2018	strokovna šola	slovenščina	3. letnik	esej ali spis	Kranj
S20-G-slo-1-KK-E-2017_2018-11865-12.txt	solar4068s	solar4068t	2017/2018	gimnazija	slovenščina	1. letnik	esej ali spis	Krško
S20-SI-slo-3-KK-D-2016_2017-22192-0.txt	solar4069s	solar4069t	2016/2017	strokovna šola	slovenščina	3. letnik	praktično besedilo	Krško
S20-OS-slo-9-CE-E-2016_2017-40888-123.txt	solar4070s	solar4070t	2016/2017	osnovna šola	slovenščina	9. razred	esej ali spis	Celje
S20-PI-slo-4-KR-E-2016_2017-30457-0.txt	solar4071s	solar4071t	2016/2017	poklicna šola	slovenščina	4. letnik	esej ali spis	Kranj
S20-OS-slo-7-LJ-E-2017_2018-41234-0.txt	solar4072s	solar4072t	2017/2018	osnovna šola	slovenščina	7. razred	esej ali spis	Ljubljana
S20-PI-slo-5-SG-E-2017_2018-30546-12.txt	solar4073s	solar4073t	2017/2018	poklicna šola	slovenščina	5. letnik	esej ali spis	Slovenj Gradec
S20-SI-slo-4-KK-E-2017_2018-22623-0.txt	solar4074s	solar4074t	2017/2018	strokovna šola	slovenščina	4. letnik	esej ali spis	Krško
KUS-SI-slo-2-NM-E-2009_2010-21556-0.txt	solar4075s	solar4075t	2009/2010	strokovna šola	slovenščina	2. letnik	esej ali spis	Novo mesto
KUS-SI-slo-2-NM-R-2009_2010-21367-0.txt	solar4076s	solar4076t	2009/2010	strokovna šola	slovenščina	2. letnik	delo v razredu	Novo mesto
S20-PI-slo-1-SG-E-2017_2018-30459-12.txt	solar4077s	solar4077t	2017/2018	poklicna šola	slovenščina	1. letnik	esej ali spis	Slovenj Gradec
S20-SI-slo-3-SG-E-2016_2017-22581-12.txt	solar4078s	solar4078t	2016/2017	strokovna šola	slovenščina	3. letnik	esej ali spis	Slovenj Gradec
KUS-G-slo-4-LJ-T-2009_2010-11530-0.txt	solar4079s	solar4079t	2009/2010	gimnazija	slovenščina	4. letnik	praktično besedilo	Ljubljana
S20-SI-slo-3-KK-E-2016_2017-22247-0.txt	solar4080s	solar4080t	2016/2017	strokovna šola	slovenščina	3. letnik	esej ali spis	Krško
S20-PI-slo-5-SG-E-2017_2018-30542-12.txt	solar4081s	solar4081t	2017/2018	poklicna šola	slovenščina	5. letnik	esej ali spis	Slovenj Gradec
S20-NN-slo-4-KK-E-2016_2017-50031-0.txt	solar4082s	solar4082t	2016/2017	neznano	slovenščina	4. letnik	esej ali spis	Krško
S20-PI-slo-4-KK-E-2016_2017-30422-0.txt	solar4083s	solar4083t	2016/2017	poklicna šola	slovenščina	4. letnik	esej ali spis	Krško
KUS-G-slo-4-LJ-T-2009_2010-11534-0.txt	solar4084s	solar4084t	2009/2010	gimnazija	slovenščina	4. letnik	praktično besedilo	Ljubljana
S20-NN-slo-4-KK-E-2016_2017-50027-0.txt	solar4085s	solar4085t	2016/2017	neznano	slovenščina	4. letnik	esej ali spis	Krško
KUS-OS-slo-8-KP-E-2009_2010-40669-0.txt	solar4086s	solar4086t	2009/2010	osnovna šola	slovenščina	8. razred	esej ali spis	Koper
S20-SI-slo-1-LJ-E-2016_2017-21879-12.txt	solar4087s	solar4087t	2016/2017	strokovna šola	slovenščina	1. letnik	esej ali spis	Ljubljana
S20-G-slo-2-LJ-PB-2017_2018-11862-0.txt	solar4088s	solar4088t	2017/2018	gimnazija	slovenščina	2. letnik	praktično besedilo	Ljubljana
S20-OS-slo-8-PO-E-2017_2018-41125-0.txt	solar4089s	solar4089t	2017/2018	osnovna šola	slovenščina	8. razred	esej ali spis	Postojna
S20-G-slo-1-LJ-E-2016_2017-11745-12.txt	solar4090s	solar4090t	2016/2017	gimnazija	slovenščina	1. letnik	esej ali spis	Ljubljana
KUS-SI-slo-2-NM-E-2009_2010-21559-0.txt	solar4091s	solar4091t	2009/2010	strokovna šola	slovenščina	2. letnik	esej ali spis	Novo mesto
S20-SI-slo-4-LJ-PB-2016_2017-21914-0.txt	solar4092s	solar4092t	2016/2017	strokovna šola	slovenščina	4. letnik	praktično besedilo	Ljubljana
KUS-SI-slo-2-NM-E-2009_2010-21614-0.txt	solar4093s	solar4093t	2009/2010	strokovna šola	slovenščina	2. letnik	esej ali spis	Novo mesto
S20-NN-slo-4-KK-E-2016_2017-50050-0.txt	solar4094s	solar4094t	2016/2017	neznano	slovenščina	4. letnik	esej ali spis	Krško
S20-OS-bio-9-LJ-E-2016_2017-40946-0.txt	solar4095s	solar4095t	2016/2017	osnovna šola	biologija	9. razred	esej ali spis	Ljubljana
S20-G-slo-2-LJ-PB-2017_2018-11864-0.txt	solar4096s	solar4096t	2017/2018	gimnazija	slovenščina	2. letnik	praktično besedilo	Ljubljana
KUS-PI-slo-2-NM-R-2009_2010-30274-0.txt	solar4097s	solar4097t	2009/2010	poklicna šola	slovenščina	2. letnik	delo v razredu	Novo mesto
S20-SI-slo-4-LJ-E-2016_2017-22137-12.txt	solar4098s	solar4098t	2016/2017	strokovna šola	slovenščina	4. letnik	esej ali spis	Ljubljana
S20-OS-slo-7-LJ-E-2016_2017-41153-0.txt	solar4099s	solar4099t	2016/2017	osnovna šola	slovenščina	7. razred	esej ali spis	Ljubljana
KUS-G-slo-2-GO-T-2009_2010-11618-0.txt	solar4100s	solar4100t	2009/2010	gimnazija	slovenščina	2. letnik	praktično besedilo	Gorica
S20-G-slo-4-LJ-PB-2017_2018-11833-0.txt	solar4101s	solar4101t	2017/2018	gimnazija	slovenščina	4. letnik	praktično besedilo	Ljubljana
KUS-SI-soc-2-NM-T-2009_2010-21812-0.txt	solar4102s	solar4102t	2009/2010	strokovna šola	sociologija	2. letnik	test	Novo mesto
S20-OS-slo-9-CE-D-2016_2017-40891-12.txt	solar4103s	solar4103t	2016/2017	osnovna šola	slovenščina	9. razred	esej ali spis	Celje
S20-OS-slo-7-KR-D-2016_2017-41078-0.txt	solar4104s	solar4104t	2016/2017	osnovna šola	slovenščina	7. razred	praktično besedilo	Kranj
S20-OS-slo-6-KR-D-2016_2017-41043-0.txt	solar4105s	solar4105t	2016/2017	osnovna šola	slovenščina	6. razred	praktično besedilo	Kranj
S20-SI-slo-3-KK-E-2017_2018-22652-0.txt	solar4106s	solar4106t	2017/2018	strokovna šola	slovenščina	3. letnik	esej ali spis	Krško
S20-SI-slo-4-LJ-E-2016_2017-22022-123.txt	solar4107s	solar4107t	2016/2017	strokovna šola	slovenščina	4. letnik	esej ali spis	Ljubljana
KUS-PI-slo-2-NM-R-2009_2010-30259-0.txt	solar4108s	solar4108t	2009/2010	poklicna šola	slovenščina	2. letnik	delo v razredu	Novo mesto
S20-NN-slo-4-KK-E-2016_2017-50043-0.txt	solar4109s	solar4109t	2016/2017	neznano	slovenščina	4. letnik	esej ali spis	Krško
KUS-PI-slo-2-NM-E-2009_2010-30290-12.txt	solar4110s	solar4110t	2009/2010	poklicna šola	slovenščina	2. letnik	esej ali spis	Novo mesto
S20-OS-gos-6-CE-E-2016_2017-40861-0.txt	solar4111s	solar4111t	2016/2017	osnovna šola	gospodinjstvo	6. razred	esej ali spis	Celje
S20-SI-slo-1-LJ-E-2016_2017-21901-0.txt	solar4112s	solar4112t	2016/2017	strokovna šola	slovenščina	1. letnik	esej ali spis	Ljubljana
KUS-SI-slo-1-NM-R-2009_2010-21339-0.txt	solar4113s	solar4113t	2009/2010	strokovna šola	slovenščina	1. letnik	delo v razredu	Novo mesto
S20-SI-slo-3-SG-E-2017_2018-22728-0.txt	solar4114s	solar4114t	2017/2018	strokovna šola	slovenščina	3. letnik	esej ali spis	Slovenj Gradec
S20-OS-gos-6-CE-E-2016_2017-40865-0.txt	solar4115s	solar4115t	2016/2017	osnovna šola	gospodinjstvo	6. razred	esej ali spis	Celje
KUS-SI-slo-4-KK-E-2009_2010-21726-12.txt	solar4116s	solar4116t	2009/2010	strokovna šola	slovenščina	4. letnik	esej ali spis	Krško
KUS-SI-soc-2-NM-T-2009_2010-21810-0.txt	solar4117s	solar4117t	2009/2010	strokovna šola	sociologija	2. letnik	test	Novo mesto
KUS-G-slo-4-LJ-T-2009_2010-11514-0.txt	solar4118s	solar4118t	2009/2010	gimnazija	slovenščina	4. letnik	praktično besedilo	Ljubljana
KUS-SI-slo-4-NM-R-2009_2010-21414-0.txt	solar4119s	solar4119t	2009/2010	strokovna šola	slovenščina	4. letnik	delo v razredu	Novo mesto
KUS-OS-slo-9-NM-R-2009_2010-40814-N.txt	solar4120s	solar4120t	2009/2010	osnovna šola	slovenščina	9. razred	delo v razredu	Novo mesto
KUS-SI-slo-3-LJ-E-2009_2010-21656-12.txt	solar4121s	solar4121t	2009/2010	strokovna šola	slovenščina	3. letnik	esej ali spis	Ljubljana
S20-G-slo-4-KK-E-2016_2017-11817-12.txt	solar4122s	solar4122t	2016/2017	gimnazija	slovenščina	4. letnik	esej ali spis	Krško
KUS-SI-slo-4-KK-T-2009_2010-21669-0.txt	solar4123s	solar4123t	2009/2010	strokovna šola	slovenščina	4. letnik	praktično besedilo	Krško
S20-OS-slo-6-LJ-E-2017_2018-41200-0.txt	solar4124s	solar4124t	2017/2018	osnovna šola	slovenščina	6. razred	esej ali spis	Ljubljana
S20-OS-slo-8-LJ-PB-2016_2017-41001-0.txt	solar4125s	solar4125t	2016/2017	osnovna šola	slovenščina	8. razred	praktično besedilo	Ljubljana
S20-SI-slo-4-KK-E-2017_2018-22634-0.txt	solar4126s	solar4126t	2017/2018	strokovna šola	slovenščina	4. letnik	esej ali spis	Krško
KUS-G-slo-2-LJ-R-2009_2010-11604-0.txt	solar4127s	solar4127t	2009/2010	gimnazija	slovenščina	2. letnik	delo v razredu	Ljubljana
KUS-G-slo-4-LJ-T-2009_2010-11529-0.txt	solar4128s	solar4128t	2009/2010	gimnazija	slovenščina	4. letnik	praktično besedilo	Ljubljana
S20-PI-slo-4-KR-E-2016_2017-30436-0.txt	solar4129s	solar4129t	2016/2017	poklicna šola	slovenščina	4. letnik	esej ali spis	Kranj
S20-SI-slo-3-KR-E-2017_2018-22438-0.txt	solar4130s	solar4130t	2017/2018	strokovna šola	slovenščina	3. letnik	esej ali spis	Kranj
KUS-SI-slo-3-NM-R-2009_2010-21397-0.txt	solar4131s	solar4131t	2009/2010	strokovna šola	slovenščina	3. letnik	delo v razredu	Novo mesto
KUS-OS-slo-8-KP-E-2009_2010-40675-0.txt	solar4132s	solar4132t	2009/2010	osnovna šola	slovenščina	8. razred	esej ali spis	Koper
S20-SI-slo-4-SG-E-2016_2017-22602-12.txt	solar4133s	solar4133t	2016/2017	strokovna šola	slovenščina	4. letnik	esej ali spis	Slovenj Gradec
KUS-SI-soc-2-NM-T-2009_2010-21773-0.txt	solar4134s	solar4134t	2009/2010	strokovna šola	sociologija	2. letnik	test	Novo mesto
KUS-G-slo-2-GO-T-2009_2010-11657-0.txt	solar4135s	solar4135t	2009/2010	gimnazija	slovenščina	2. letnik	praktično besedilo	Gorica
KUS-SI-soc-2-NM-T-2009_2010-21782-0.txt	solar4136s	solar4136t	2009/2010	strokovna šola	sociologija	2. letnik	test	Novo mesto
S20-G-slo-4-KK-E-2016_2017-11815-12.txt	solar4137s	solar4137t	2016/2017	gimnazija	slovenščina	4. letnik	esej ali spis	Krško
KUS-PI-slo-1-NM-R-2009_2010-30234-0.txt	solar4138s	solar4138t	2009/2010	poklicna šola	slovenščina	1. letnik	delo v razredu	Novo mesto
KUS-G-slo-2-LJ-R-2009_2010-11591-0.txt	solar4139s	solar4139t	2009/2010	gimnazija	slovenščina	2. letnik	delo v razredu	Ljubljana
S20-SI-slo-4-LJ-E-2016_2017-22112-123.txt	solar4140s	solar4140t	2016/2017	strokovna šola	slovenščina	4. letnik	esej ali spis	Ljubljana
KUS-PI-slo-1-KK-T-2009_2010-30341-0.txt	solar4141s	solar4141t	2009/2010	poklicna šola	slovenščina	1. letnik	test	Krško
S20-SI-slo-3-SG-E-2016_2017-22586-12.txt	solar4142s	solar4142t	2016/2017	strokovna šola	slovenščina	3. letnik	esej ali spis	Slovenj Gradec
S20-SI-slo-2-KK-E-2016_2017-22184-0.txt	solar4143s	solar4143t	2016/2017	strokovna šola	slovenščina	2. letnik	esej ali spis	Krško
S20-SI-slo-4-LJ-PB-2016_2017-21927-0.txt	solar4144s	solar4144t	2016/2017	strokovna šola	slovenščina	4. letnik	praktično besedilo	Ljubljana
S20-G-slo-1-LJ-E-2016_2017-11737-12.txt	solar4145s	solar4145t	2016/2017	gimnazija	slovenščina	1. letnik	esej ali spis	Ljubljana
KUS-OS-slo-8-KP-E-2009_2010-40670-0.txt	solar4146s	solar4146t	2009/2010	osnovna šola	slovenščina	8. razred	esej ali spis	Koper
S20-PI-slo-1-KK-E-2016_2017-30376-12.txt	solar4147s	solar4147t	2016/2017	poklicna šola	slovenščina	1. letnik	esej ali spis	Krško
S20-OS-slo-7-PO-R-2017_2018-41105-0.txt	solar4148s	solar4148t	2017/2018	osnovna šola	slovenščina	7. razred	delo v razredu	Postojna
KUS-OS-slo-8-KP-E-2009_2010-40671-0.txt	solar4149s	solar4149t	2009/2010	osnovna šola	slovenščina	8. razred	esej ali spis	Koper
S20-OS-slo-9-LJ-E-2017_2018-41259-12.txt	solar4150s	solar4150t	2017/2018	osnovna šola	slovenščina	9. razred	esej ali spis	Ljubljana
KUS-SI-slo-4-NM-T-2009_2010-21451-0.txt	solar4151s	solar4151t	2009/2010	strokovna šola	slovenščina	4. letnik	praktično besedilo	Novo mesto
S20-SI-slo-3-KK-E-2016_2017-22342-0.txt	solar4152s	solar4152t	2016/2017	strokovna šola	slovenščina	3. letnik	esej ali spis	Krško
S20-G-slo-4-KK-E-2016_2017-11819-12.txt	solar4153s	solar4153t	2016/2017	gimnazija	slovenščina	4. letnik	esej ali spis	Krško
S20-OS-slo-8-PO-E-2017_2018-41115-0.txt	solar4154s	solar4154t	2017/2018	osnovna šola	slovenščina	8. razred	esej ali spis	Postojna
KUS-G-slo-2-GO-T-2009_2010-11633-0.txt	solar4155s	solar4155t	2009/2010	gimnazija	slovenščina	2. letnik	praktično besedilo	Gorica
S20-NN-slo-3-KK-E-2016_2017-50003-0.txt	solar4156s	solar4156t	2016/2017	neznano	slovenščina	3. letnik	esej ali spis	Krško
KUS-PI-slo-2-NM-E-2009_2010-30281-12.txt	solar4157s	solar4157t	2009/2010	poklicna šola	slovenščina	2. letnik	esej ali spis	Novo mesto
KUS-G-zgo-2-LJ-T-2009_2010-11723-123.txt	solar4158s	solar4158t	2009/2010	gimnazija	zgodovina	2. letnik	test	Ljubljana
S20-OS-slo-9-PO-T-2016_2017-40970-0.txt	solar4159s	solar4159t	2016/2017	osnovna šola	slovenščina	9. razred	praktično besedilo	Postojna
S20-SI-slo-3-KK-E-2017_2018-22659-12.txt	solar4160s	solar4160t	2017/2018	strokovna šola	slovenščina	3. letnik	esej ali spis	Krško
KUS-SI-slo-4-KK-T-2009_2010-21708-0.txt	solar4161s	solar4161t	2009/2010	strokovna šola	slovenščina	4. letnik	praktično besedilo	Krško
KUS-SI-slo-4-NM-T-2009_2010-21487-0.txt	solar4162s	solar4162t	2009/2010	strokovna šola	slovenščina	4. letnik	praktično besedilo	Novo mesto
KUS-SI-slo-1-NM-R-2009_2010-21363-0.txt	solar4163s	solar4163t	2009/2010	strokovna šola	slovenščina	1. letnik	delo v razredu	Novo mesto
S20-SI-slo-4-LJ-E-2016_2017-22021-12.txt	solar4164s	solar4164t	2016/2017	strokovna šola	slovenščina	4. letnik	esej ali spis	Ljubljana
S20-SI-slo-3-KK-E-2016_2017-22333-0.txt	solar4165s	solar4165t	2016/2017	strokovna šola	slovenščina	3. letnik	esej ali spis	Krško
KUS-SI-slo-2-NM-E-2009_2010-21617-0.txt	solar4166s	solar4166t	2009/2010	strokovna šola	slovenščina	2. letnik	esej ali spis	Novo mesto
S20-PI-slo-4-SG-E-2016_2017-30510-12.txt	solar4167s	solar4167t	2016/2017	poklicna šola	slovenščina	4. letnik	esej ali spis	Slovenj Gradec
KUS-SI-slo-4-NM-T-2009_2010-21447-0.txt	solar4168s	solar4168t	2009/2010	strokovna šola	slovenščina	4. letnik	praktično besedilo	Novo mesto
KUS-SI-slo-2-NM-E-2009_2010-21609-0.txt	solar4169s	solar4169t	2009/2010	strokovna šola	slovenščina	2. letnik	esej ali spis	Novo mesto
S20-OS-slo-6-KR-D-2016_2017-41066-0.txt	solar4170s	solar4170t	2016/2017	osnovna šola	slovenščina	6. razred	praktično besedilo	Kranj
S20-OS-slo-6-KR-D-2016_2017-41046-0.txt	solar4171s	solar4171t	2016/2017	osnovna šola	slovenščina	6. razred	praktično besedilo	Kranj
S20-PI-slo-4-KK-E-2016_2017-30382-0.txt	solar4172s	solar4172t	2016/2017	poklicna šola	slovenščina	4. letnik	esej ali spis	Krško
KUS-PI-slo-2-NM-E-2009_2010-30287-12.txt	solar4173s	solar4173t	2009/2010	poklicna šola	slovenščina	2. letnik	esej ali spis	Novo mesto
S20-OS-slo-6-LJ-E-2017_2018-41197-12.txt	solar4174s	solar4174t	2017/2018	osnovna šola	slovenščina	6. razred	esej ali spis	Ljubljana
S20-SI-slo-3-KK-E-2016_2017-22299-0.txt	solar4175s	solar4175t	2016/2017	strokovna šola	slovenščina	3. letnik	esej ali spis	Krško
S20-SI-slo-2-KR-E-2016_2017-22343-0.txt	solar4176s	solar4176t	2016/2017	strokovna šola	slovenščina	2. letnik	esej ali spis	Kranj
S20-OS-slo-6-KR-D-2016_2017-41019-0.txt	solar4177s	solar4177t	2016/2017	osnovna šola	slovenščina	6. razred	praktično besedilo	Kranj
KUS-G-zgo-1-LJ-T-2009_2010-11704-12.txt	solar4178s	solar4178t	2009/2010	gimnazija	zgodovina	1. letnik	test	Ljubljana
S20-SI-slo-3-SG-E-2016_2017-22592-12.txt	solar4179s	solar4179t	2016/2017	strokovna šola	slovenščina	3. letnik	esej ali spis	Slovenj Gradec
S20-G-slo-1-LJ-E-2016_2017-11735-12.txt	solar4180s	solar4180t	2016/2017	gimnazija	slovenščina	1. letnik	esej ali spis	Ljubljana
S20-OS-slo-7-LJ-E-2016_2017-41152-12.txt	solar4181s	solar4181t	2016/2017	osnovna šola	slovenščina	7. razred	esej ali spis	Ljubljana
S20-SI-slo-2-KK-E-2016_2017-22178-0.txt	solar4182s	solar4182t	2016/2017	strokovna šola	slovenščina	2. letnik	esej ali spis	Krško
S20-SI-slo-2-KK-E-2016_2017-22175-12.txt	solar4183s	solar4183t	2016/2017	strokovna šola	slovenščina	2. letnik	esej ali spis	Krško
S20-SI-slo-4-LJ-PB-2016_2017-21969-0.txt	solar4184s	solar4184t	2016/2017	strokovna šola	slovenščina	4. letnik	praktično besedilo	Ljubljana
S20-SI-slo-4-KR-E-2016_2017-22479-0.txt	solar4185s	solar4185t	2016/2017	strokovna šola	slovenščina	4. letnik	esej ali spis	Kranj
S20-SI-zgo-2-KR-T-2016_2017-22392-0.txt	solar4186s	solar4186t	2016/2017	strokovna šola	zgodovina	2. letnik	test	Kranj
KUS-PI-slo-2-KK-T-2009_2010-30313-0.txt	solar4187s	solar4187t	2009/2010	poklicna šola	slovenščina	2. letnik	praktično besedilo	Krško
KUS-PI-slo-2-KK-T-2009_2010-30336-0.txt	solar4188s	solar4188t	2009/2010	poklicna šola	slovenščina	2. letnik	praktično besedilo	Krško
KUS-SI-slo-4-NM-R-2009_2010-21498-0.txt	solar4189s	solar4189t	2009/2010	strokovna šola	slovenščina	4. letnik	delo v razredu	Novo mesto
S20-SI-slo-4-SG-E-2017_2018-22740-0.txt	solar4190s	solar4190t	2017/2018	strokovna šola	slovenščina	4. letnik	esej ali spis	Slovenj Gradec
S20-G-slo-1-LJ-E-2016_2017-11746-12.txt	solar4191s	solar4191t	2016/2017	gimnazija	slovenščina	1. letnik	esej ali spis	Ljubljana
S20-SI-zgo-2-KR-T-2016_2017-22389-0.txt	solar4192s	solar4192t	2016/2017	strokovna šola	zgodovina	2. letnik	test	Kranj
S20-OS-slo-6-LJ-E-2016_2017-41150-12.txt	solar4193s	solar4193t	2016/2017	osnovna šola	slovenščina	6. razred	esej ali spis	Ljubljana
S20-OS-slo-9-LJ-E-2017_2018-41272-12.txt	solar4194s	solar4194t	2017/2018	osnovna šola	slovenščina	9. razred	esej ali spis	Ljubljana
KUS-OS-slo-7-GO-R-2009_2010-40695-12.txt	solar4195s	solar4195t	2009/2010	osnovna šola	slovenščina	7. razred	delo v razredu	Gorica
S20-SI-slo-3-KK-E-2016_2017-22319-0.txt	solar4196s	solar4196t	2016/2017	strokovna šola	slovenščina	3. letnik	esej ali spis	Krško
S20-SI-slo-2-KK-E-2016_2017-22173-0.txt	solar4197s	solar4197t	2016/2017	strokovna šola	slovenščina	2. letnik	esej ali spis	Krško
S20-SI-slo-4-LJ-E-2016_2017-21930-12.txt	solar4198s	solar4198t	2016/2017	strokovna šola	slovenščina	4. letnik	esej ali spis	Ljubljana
S20-SI-slo-3-KK-D-2016_2017-22212-0.txt	solar4199s	solar4199t	2016/2017	strokovna šola	slovenščina	3. letnik	praktično besedilo	Krško
S20-SI-slo-3-KK-E-2016_2017-22334-0.txt	solar4200s	solar4200t	2016/2017	strokovna šola	slovenščina	3. letnik	esej ali spis	Krško
KUS-OS-slo-7-KP-E-2009_2010-40655-0.txt	solar4201s	solar4201t	2009/2010	osnovna šola	slovenščina	7. razred	esej ali spis	Koper
KUS-SI-soc-2-NM-T-2009_2010-21817-0.txt	solar4202s	solar4202t	2009/2010	strokovna šola	sociologija	2. letnik	test	Novo mesto
KUS-SI-soc-2-NM-T-2009_2010-21803-0.txt	solar4203s	solar4203t	2009/2010	strokovna šola	sociologija	2. letnik	test	Novo mesto
KUS-PI-slo-2-NM-R-2009_2010-30254-0.txt	solar4204s	solar4204t	2009/2010	poklicna šola	slovenščina	2. letnik	delo v razredu	Novo mesto
S20-SI-slo-4-KR-E-2016_2017-22450-0.txt	solar4205s	solar4205t	2016/2017	strokovna šola	slovenščina	4. letnik	esej ali spis	Kranj
KUS-SI-slo-4-NM-R-2009_2010-21408-0.txt	solar4206s	solar4206t	2009/2010	strokovna šola	slovenščina	4. letnik	delo v razredu	Novo mesto
S20-SI-slo-4-LJ-E-2016_2017-22023-123.txt	solar4207s	solar4207t	2016/2017	strokovna šola	slovenščina	4. letnik	esej ali spis	Ljubljana
S20-SI-slo-4-LJ-E-2016_2017-22141-12.txt	solar4208s	solar4208t	2016/2017	strokovna šola	slovenščina	4. letnik	esej ali spis	Ljubljana
S20-OS-slo-7-LJ-E-2016_2017-41154-12.txt	solar4209s	solar4209t	2016/2017	osnovna šola	slovenščina	7. razred	esej ali spis	Ljubljana
KUS-OS-slo-8-NM-E-2009_2010-40741-12.txt	solar4210s	solar4210t	2009/2010	osnovna šola	slovenščina	8. razred	esej ali spis	Novo mesto
KUS-SI-slo-1-NM-R-2009_2010-21349-0.txt	solar4211s	solar4211t	2009/2010	strokovna šola	slovenščina	1. letnik	delo v razredu	Novo mesto
KUS-OS-slo-9-LJ-E-2009_2010-40750-0.txt	solar4212s	solar4212t	2009/2010	osnovna šola	slovenščina	9. razred	esej ali spis	Ljubljana
S20-OS-slo-7-KR-D-2016_2017-41079-0.txt	solar4213s	solar4213t	2016/2017	osnovna šola	slovenščina	7. razred	praktično besedilo	Kranj
KUS-OS-slo-8-GO-T-2009_2010-40708-0.txt	solar4214s	solar4214t	2009/2010	osnovna šola	slovenščina	8. razred	praktično besedilo	Gorica
S20-SI-slo-3-KK-E-2016_2017-22288-0.txt	solar4215s	solar4215t	2016/2017	strokovna šola	slovenščina	3. letnik	esej ali spis	Krško
S20-PI-slo-4-KK-E-2016_2017-30413-0.txt	solar4216s	solar4216t	2016/2017	poklicna šola	slovenščina	4. letnik	esej ali spis	Krško
KUS-OS-slo-9-KR-T-2009_2010-40652-0.txt	solar4217s	solar4217t	2009/2010	osnovna šola	slovenščina	9. razred	test	Kranj
S20-SI-slo-4-LJ-PB-2016_2017-22087-0.txt	solar4218s	solar4218t	2016/2017	strokovna šola	slovenščina	4. letnik	praktično besedilo	Ljubljana
S20-PI-slo-4-KK-E-2016_2017-30399-0.txt	solar4219s	solar4219t	2016/2017	poklicna šola	slovenščina	4. letnik	esej ali spis	Krško
S20-SI-slo-4-KR-E-2016_2017-22482-0.txt	solar4220s	solar4220t	2016/2017	strokovna šola	slovenščina	4. letnik	esej ali spis	Kranj
S20-NN-slo-3-KK-E-2016_2017-50005-12.txt	solar4221s	solar4221t	2016/2017	neznano	slovenščina	3. letnik	esej ali spis	Krško
S20-PI-slo-4-KK-E-2016_2017-30387-0.txt	solar4222s	solar4222t	2016/2017	poklicna šola	slovenščina	4. letnik	esej ali spis	Krško
KUS-SI-slo-2-NM-E-2009_2010-21562-0.txt	solar4223s	solar4223t	2009/2010	strokovna šola	slovenščina	2. letnik	esej ali spis	Novo mesto
S20-OS-slo-6-KR-D-2016_2017-41062-0.txt	solar4224s	solar4224t	2016/2017	osnovna šola	slovenščina	6. razred	praktično besedilo	Kranj
KUS-SI-soc-2-NM-T-2009_2010-21764-0.txt	solar4225s	solar4225t	2009/2010	strokovna šola	sociologija	2. letnik	test	Novo mesto
S20-SI-slo-4-LJ-PB-2016_2017-22099-0.txt	solar4226s	solar4226t	2016/2017	strokovna šola	slovenščina	4. letnik	praktično besedilo	Ljubljana
S20-SI-slo-1-SG-E-2017_2018-22546-0.txt	solar4227s	solar4227t	2017/2018	strokovna šola	slovenščina	1. letnik	esej ali spis	Slovenj Gradec
S20-OS-slo-8-LJ-PB-2016_2017-40995-0.txt	solar4228s	solar4228t	2016/2017	osnovna šola	slovenščina	8. razred	praktično besedilo	Ljubljana
KUS-SI-slo-1-NM-R-2009_2010-21350-0.txt	solar4229s	solar4229t	2009/2010	strokovna šola	slovenščina	1. letnik	delo v razredu	Novo mesto
S20-OS-slo-6-KR-PB-2016_2017-41023-0.txt	solar4230s	solar4230t	2016/2017	osnovna šola	slovenščina	6. razred	praktično besedilo	Kranj
KUS-OS-slo-7-KP-E-2009_2010-40664-12.txt	solar4231s	solar4231t	2009/2010	osnovna šola	slovenščina	7. razred	esej ali spis	Koper
S20-PI-slo-1-SG-E-2017_2018-30466-0.txt	solar4232s	solar4232t	2017/2018	poklicna šola	slovenščina	1. letnik	esej ali spis	Slovenj Gradec
S20-G-slo-4-KK-E-2016_2017-11811-12.txt	solar4233s	solar4233t	2016/2017	gimnazija	slovenščina	4. letnik	esej ali spis	Krško
S20-SI-slo-3-KK-E-2016_2017-22283-0.txt	solar4234s	solar4234t	2016/2017	strokovna šola	slovenščina	3. letnik	esej ali spis	Krško
KUS-SI-slo-3-LJ-E-2009_2010-21643-0.txt	solar4235s	solar4235t	2009/2010	strokovna šola	slovenščina	3. letnik	esej ali spis	Ljubljana
S20-PI-slo-5-SG-E-2016_2017-30515-12.txt	solar4236s	solar4236t	2016/2017	poklicna šola	slovenščina	5. letnik	esej ali spis	Slovenj Gradec
KUS-SI-slo-4-KK-E-2009_2010-21732-123.txt	solar4237s	solar4237t	2009/2010	strokovna šola	slovenščina	4. letnik	esej ali spis	Krško
S20-SI-slo-4-LJ-E-2016_2017-22004-12.txt	solar4238s	solar4238t	2016/2017	strokovna šola	slovenščina	4. letnik	esej ali spis	Ljubljana
S20-NN-slo-4-KK-E-2016_2017-50020-0.txt	solar4239s	solar4239t	2016/2017	neznano	slovenščina	4. letnik	esej ali spis	Krško
KUS-PI-slo-2-NM-E-2009_2010-30293-12.txt	solar4240s	solar4240t	2009/2010	poklicna šola	slovenščina	2. letnik	esej ali spis	Novo mesto
S20-PI-slo-4-KK-E-2016_2017-30379-0.txt	solar4241s	solar4241t	2016/2017	poklicna šola	slovenščina	4. letnik	esej ali spis	Krško
KUS-OS-slo-8-KR-E-2009_2010-40643-12.txt	solar4242s	solar4242t	2009/2010	osnovna šola	slovenščina	8. razred	esej ali spis	Kranj
KUS-SI-slo-2-NM-R-2009_2010-21369-0.txt	solar4243s	solar4243t	2009/2010	strokovna šola	slovenščina	2. letnik	delo v razredu	Novo mesto
KUS-SI-soc-2-NM-T-2009_2010-21811-0.txt	solar4244s	solar4244t	2009/2010	strokovna šola	sociologija	2. letnik	test	Novo mesto
S20-SI-slo-3-KR-E-2017_2018-22675-0.txt	solar4245s	solar4245t	2017/2018	strokovna šola	slovenščina	3. letnik	esej ali spis	Kranj
S20-OS-slo-7-LJ-PB-2017_2018-41089-0.txt	solar4246s	solar4246t	2017/2018	osnovna šola	slovenščina	7. razred	praktično besedilo	Ljubljana
KUS-OS-slo-9-GO-R-2009_2010-40725-0.txt	solar4247s	solar4247t	2009/2010	osnovna šola	slovenščina	9. razred	delo v razredu	Gorica
KUS-SI-slo-4-KK-E-2009_2010-21725-12.txt	solar4248s	solar4248t	2009/2010	strokovna šola	slovenščina	4. letnik	esej ali spis	Krško
S20-OS-slo-6-KR-D-2016_2017-41017-0.txt	solar4249s	solar4249t	2016/2017	osnovna šola	slovenščina	6. razred	praktično besedilo	Kranj
S20-OS-slo-7-LJ-E-2017_2018-41213-12.txt	solar4250s	solar4250t	2017/2018	osnovna šola	slovenščina	7. razred	esej ali spis	Ljubljana
S20-OS-ods-6-LJ-E-2016_2017-40924-0.txt	solar4251s	solar4251t	2016/2017	osnovna šola	drugo	6. razred	esej ali spis	Ljubljana
S20-OS-slo-6-LJ-E-2017_2018-41176-12.txt	solar4252s	solar4252t	2017/2018	osnovna šola	slovenščina	6. razred	esej ali spis	Ljubljana
KUS-SI-slo-2-NM-E-2009_2010-21558-0.txt	solar4253s	solar4253t	2009/2010	strokovna šola	slovenščina	2. letnik	esej ali spis	Novo mesto
S20-OS-slo-8-LJ-E-2016_2017-40989-123.txt	solar4254s	solar4254t	2016/2017	osnovna šola	slovenščina	8. razred	esej ali spis	Ljubljana
S20-PI-slo-4-KR-E-2016_2017-30444-0.txt	solar4255s	solar4255t	2016/2017	poklicna šola	slovenščina	4. letnik	esej ali spis	Kranj
KUS-SI-slo-1-NM-E-2009_2010-21598-12.txt	solar4256s	solar4256t	2009/2010	strokovna šola	slovenščina	1. letnik	esej ali spis	Novo mesto
S20-OS-gos-6-CE-E-2016_2017-40870-0.txt	solar4257s	solar4257t	2016/2017	osnovna šola	gospodinjstvo	6. razred	esej ali spis	Celje
S20-NN-slo-4-KK-E-2016_2017-50035-0.txt	solar4258s	solar4258t	2016/2017	neznano	slovenščina	4. letnik	esej ali spis	Krško
S20-SI-slo-4-LJ-PB-2016_2017-21954-0.txt	solar4259s	solar4259t	2016/2017	strokovna šola	slovenščina	4. letnik	praktično besedilo	Ljubljana
S20-SI-slo-4-LJ-PB-2016_2017-22027-0.txt	solar4260s	solar4260t	2016/2017	strokovna šola	slovenščina	4. letnik	praktično besedilo	Ljubljana
KUS-OS-slo-9-KR-T-2009_2010-40644-0.txt	solar4261s	solar4261t	2009/2010	osnovna šola	slovenščina	9. razred	test	Kranj
KUS-SI-slo-4-NM-E-2009_2010-21529-12.txt	solar4262s	solar4262t	2009/2010	strokovna šola	slovenščina	4. letnik	esej ali spis	Novo mesto
KUS-SI-slo-1-NM-E-2009_2010-21577-0.txt	solar4263s	solar4263t	2009/2010	strokovna šola	slovenščina	1. letnik	esej ali spis	Novo mesto
S20-G-slo-4-LJ-PB-2017_2018-11836-0.txt	solar4264s	solar4264t	2017/2018	gimnazija	slovenščina	4. letnik	praktično besedilo	Ljubljana
S20-SI-slo-4-LJ-E-2016_2017-22148-12.txt	solar4265s	solar4265t	2016/2017	strokovna šola	slovenščina	4. letnik	esej ali spis	Ljubljana
KUS-SI-slo-2-NM-E-2009_2010-21604-0.txt	solar4266s	solar4266t	2009/2010	strokovna šola	slovenščina	2. letnik	esej ali spis	Novo mesto
KUS-SI-slo-1-NM-E-2009_2010-21585-0.txt	solar4267s	solar4267t	2009/2010	strokovna šola	slovenščina	1. letnik	esej ali spis	Novo mesto
S20-OS-slo-8-LJ-E-2016_2017-40978-123.txt	solar4268s	solar4268t	2016/2017	osnovna šola	slovenščina	8. razred	esej ali spis	Ljubljana
S20-SI-slo-3-KK-D-2016_2017-22196-0.txt	solar4269s	solar4269t	2016/2017	strokovna šola	slovenščina	3. letnik	praktično besedilo	Krško
S20-OS-slo-8-LJ-E-2016_2017-40981-123.txt	solar4270s	solar4270t	2016/2017	osnovna šola	slovenščina	8. razred	esej ali spis	Ljubljana
S20-SI-slo-4-LJ-PB-2016_2017-21963-0.txt	solar4271s	solar4271t	2016/2017	strokovna šola	slovenščina	4. letnik	praktično besedilo	Ljubljana
S20-SI-slo-2-SG-E-2016_2017-22565-12.txt	solar4272s	solar4272t	2016/2017	strokovna šola	slovenščina	2. letnik	esej ali spis	Slovenj Gradec
KUS-SI-slo-2-NM-R-2009_2010-21378-0.txt	solar4273s	solar4273t	2009/2010	strokovna šola	slovenščina	2. letnik	delo v razredu	Novo mesto
KUS-SI-slo-1-NM-R-2009_2010-21360-0.txt	solar4274s	solar4274t	2009/2010	strokovna šola	slovenščina	1. letnik	delo v razredu	Novo mesto
S20-SI-slo-4-LJ-PB-2016_2017-21952-0.txt	solar4275s	solar4275t	2016/2017	strokovna šola	slovenščina	4. letnik	praktično besedilo	Ljubljana
S20-SI-slo-3-KK-E-2016_2017-22223-0.txt	solar4276s	solar4276t	2016/2017	strokovna šola	slovenščina	3. letnik	esej ali spis	Krško
S20-SI-slo-2-KR-PB-2016_2017-22405-0.txt	solar4277s	solar4277t	2016/2017	strokovna šola	slovenščina	2. letnik	praktično besedilo	Kranj
KUS-SI-soc-2-NM-T-2009_2010-21838-0.txt	solar4278s	solar4278t	2009/2010	strokovna šola	sociologija	2. letnik	test	Novo mesto
S20-OS-slo-6-KR-PB-2016_2017-41029-0.txt	solar4279s	solar4279t	2016/2017	osnovna šola	slovenščina	6. razred	praktično besedilo	Kranj
KUS-G-slo-2-LJ-R-2009_2010-11607-0.txt	solar4280s	solar4280t	2009/2010	gimnazija	slovenščina	2. letnik	delo v razredu	Ljubljana
KUS-SI-soc-2-NM-T-2009_2010-21842-0.txt	solar4281s	solar4281t	2009/2010	strokovna šola	sociologija	2. letnik	test	Novo mesto
S20-SI-anf-2-KR-T-2016_2017-22469-0.txt	solar4282s	solar4282t	2016/2017	strokovna šola	anatomija in fiziologija	2. letnik	test	Kranj
KUS-G-zgo-3-LJ-T-2009_2010-11726-123.txt	solar4283s	solar4283t	2009/2010	gimnazija	zgodovina	3. letnik	test	Ljubljana
KUS-G-slo-4-LJ-T-2009_2010-11515-0.txt	solar4284s	solar4284t	2009/2010	gimnazija	slovenščina	4. letnik	praktično besedilo	Ljubljana
S20-SI-slo-1-SG-E-2017_2018-22539-12.txt	solar4285s	solar4285t	2017/2018	strokovna šola	slovenščina	1. letnik	esej ali spis	Slovenj Gradec
S20-SI-slo-4-KK-E-2017_2018-22639-0.txt	solar4286s	solar4286t	2017/2018	strokovna šola	slovenščina	4. letnik	esej ali spis	Krško
KUS-G-slo-2-LJ-R-2009_2010-11606-0.txt	solar4287s	solar4287t	2009/2010	gimnazija	slovenščina	2. letnik	delo v razredu	Ljubljana
S20-OS-gos-6-CE-E-2016_2017-40860-0.txt	solar4288s	solar4288t	2016/2017	osnovna šola	gospodinjstvo	6. razred	esej ali spis	Celje
S20-SI-slo-4-LJ-PB-2016_2017-22037-0.txt	solar4289s	solar4289t	2016/2017	strokovna šola	slovenščina	4. letnik	praktično besedilo	Ljubljana
S20-G-slo-4-LJ-PB-2017_2018-11841-0.txt	solar4290s	solar4290t	2017/2018	gimnazija	slovenščina	4. letnik	praktično besedilo	Ljubljana
S20-SI-slo-4-LJ-PB-2016_2017-22066-0.txt	solar4291s	solar4291t	2016/2017	strokovna šola	slovenščina	4. letnik	praktično besedilo	Ljubljana
S20-OS-slo-6-KR-D-2016_2017-41007-0.txt	solar4292s	solar4292t	2016/2017	osnovna šola	slovenščina	6. razred	praktično besedilo	Kranj
KUS-G-slo-4-LJ-T-2009_2010-11519-0.txt	solar4293s	solar4293t	2009/2010	gimnazija	slovenščina	4. letnik	praktično besedilo	Ljubljana
S20-PI-slo-5-SG-E-2016_2017-30518-0.txt	solar4294s	solar4294t	2016/2017	poklicna šola	slovenščina	5. letnik	esej ali spis	Slovenj Gradec
S20-SI-slo-4-LJ-PB-2016_2017-22075-0.txt	solar4295s	solar4295t	2016/2017	strokovna šola	slovenščina	4. letnik	praktično besedilo	Ljubljana
S20-G-slo-1-LJ-PB-2016_2017-11757-0.txt	solar4296s	solar4296t	2016/2017	gimnazija	slovenščina	1. letnik	praktično besedilo	Ljubljana
S20-SI-slo-2-SG-E-2016_2017-22566-123.txt	solar4297s	solar4297t	2016/2017	strokovna šola	slovenščina	2. letnik	esej ali spis	Slovenj Gradec
S20-SI-slo-3-KR-E-2017_2018-22421-0.txt	solar4298s	solar4298t	2017/2018	strokovna šola	slovenščina	3. letnik	esej ali spis	Kranj
S20-OS-gos-6-CE-E-2016_2017-40862-0.txt	solar4299s	solar4299t	2016/2017	osnovna šola	gospodinjstvo	6. razred	esej ali spis	Celje
S20-NN-slo-4-KK-E-2016_2017-50032-0.txt	solar4300s	solar4300t	2016/2017	neznano	slovenščina	4. letnik	esej ali spis	Krško
S20-SI-slo-1-SG-E-2017_2018-22543-12.txt	solar4301s	solar4301t	2017/2018	strokovna šola	slovenščina	1. letnik	esej ali spis	Slovenj Gradec
KUS-SI-slo-1-NM-E-2009_2010-21580-0.txt	solar4302s	solar4302t	2009/2010	strokovna šola	slovenščina	1. letnik	esej ali spis	Novo mesto
KUS-OS-slo-7-KR-R-2009_2010-40633-0.txt	solar4303s	solar4303t	2009/2010	osnovna šola	slovenščina	7. razred	delo v razredu	Kranj
S20-SI-slo-2-SG-E-2017_2018-22555-12.txt	solar4304s	solar4304t	2017/2018	strokovna šola	slovenščina	2. letnik	esej ali spis	Slovenj Gradec
S20-SI-slo-1-LJ-E-2016_2017-21898-0.txt	solar4305s	solar4305t	2016/2017	strokovna šola	slovenščina	1. letnik	esej ali spis	Ljubljana
S20-SI-slo-3-KK-E-2016_2017-22336-0.txt	solar4306s	solar4306t	2016/2017	strokovna šola	slovenščina	3. letnik	esej ali spis	Krško
S20-SI-slo-4-SG-E-2017_2018-22737-0.txt	solar4307s	solar4307t	2017/2018	strokovna šola	slovenščina	4. letnik	esej ali spis	Slovenj Gradec
KUS-G-slo-4-LJ-E-2009_2010-11553-123.txt	solar4308s	solar4308t	2009/2010	gimnazija	slovenščina	4. letnik	esej ali spis	Ljubljana
S20-PI-slo-4-KK-E-2016_2017-30420-0.txt	solar4309s	solar4309t	2016/2017	poklicna šola	slovenščina	4. letnik	esej ali spis	Krško
S20-PI-slo-5-SG-E-2017_2018-30534-12.txt	solar4310s	solar4310t	2017/2018	poklicna šola	slovenščina	5. letnik	esej ali spis	Slovenj Gradec
S20-SI-slo-4-LJ-E-2016_2017-22119-123.txt	solar4311s	solar4311t	2016/2017	strokovna šola	slovenščina	4. letnik	esej ali spis	Ljubljana
KUS-SI-slo-3-NM-R-2009_2010-21399-0.txt	solar4312s	solar4312t	2009/2010	strokovna šola	slovenščina	3. letnik	delo v razredu	Novo mesto
S20-SI-gnp-2-KR-T-2016_2017-22395-0.txt	solar4313s	solar4313t	2016/2017	strokovna šola	gostinsko poslovanje	2. letnik	test	Kranj
S20-OS-bio-9-LJ-E-2016_2017-40948-0.txt	solar4314s	solar4314t	2016/2017	osnovna šola	biologija	9. razred	esej ali spis	Ljubljana
KUS-PI-slo-1-NM-R-2009_2010-30203-0.txt	solar4315s	solar4315t	2009/2010	poklicna šola	slovenščina	1. letnik	delo v razredu	Novo mesto
KUS-SI-soc-2-NM-T-2009_2010-21783-0.txt	solar4316s	solar4316t	2009/2010	strokovna šola	sociologija	2. letnik	test	Novo mesto
KUS-SI-slo-2-NM-R-2009_2010-21376-0.txt	solar4317s	solar4317t	2009/2010	strokovna šola	slovenščina	2. letnik	delo v razredu	Novo mesto
S20-SI-slo-4-SG-E-2017_2018-22754-12.txt	solar4318s	solar4318t	2017/2018	strokovna šola	slovenščina	4. letnik	esej ali spis	Slovenj Gradec
S20-SI-slo-3-KK-E-2016_2017-22236-0.txt	solar4319s	solar4319t	2016/2017	strokovna šola	slovenščina	3. letnik	esej ali spis	Krško
S20-G-slo-2-KK-E-2017_2018-11872-0.txt	solar4320s	solar4320t	2017/2018	gimnazija	slovenščina	2. letnik	esej ali spis	Krško
S20-SI-slo-1-SG-E-2016_2017-22525-12.txt	solar4321s	solar4321t	2016/2017	strokovna šola	slovenščina	1. letnik	esej ali spis	Slovenj Gradec
S20-SI-slo-4-SG-E-2016_2017-22605-12.txt	solar4322s	solar4322t	2016/2017	strokovna šola	slovenščina	4. letnik	esej ali spis	Slovenj Gradec
S20-PI-slo-1-SG-E-2017_2018-30469-0.txt	solar4323s	solar4323t	2017/2018	poklicna šola	slovenščina	1. letnik	esej ali spis	Slovenj Gradec
S20-OS-slo-9-CE-D-2016_2017-40876-0.txt	solar4324s	solar4324t	2016/2017	osnovna šola	slovenščina	9. razred	praktično besedilo	Celje
S20-SI-slo-4-LJ-PB-2016_2017-21999-0.txt	solar4325s	solar4325t	2016/2017	strokovna šola	slovenščina	4. letnik	praktično besedilo	Ljubljana
S20-SI-slo-4-LJ-PB-2016_2017-22036-0.txt	solar4326s	solar4326t	2016/2017	strokovna šola	slovenščina	4. letnik	praktično besedilo	Ljubljana
S20-SI-slo-2-SG-E-2016_2017-22562-12.txt	solar4327s	solar4327t	2016/2017	strokovna šola	slovenščina	2. letnik	esej ali spis	Slovenj Gradec
S20-SI-slo-4-LJ-E-2016_2017-22135-12.txt	solar4328s	solar4328t	2016/2017	strokovna šola	slovenščina	4. letnik	esej ali spis	Ljubljana
S20-PI-slo-4-KR-E-2016_2017-30453-0.txt	solar4329s	solar4329t	2016/2017	poklicna šola	slovenščina	4. letnik	esej ali spis	Kranj
KUS-PI-slo-1-NM-R-2009_2010-30239-0.txt	solar4330s	solar4330t	2009/2010	poklicna šola	slovenščina	1. letnik	delo v razredu	Novo mesto
S20-SI-slo-3-KK-E-2017_2018-22645-0.txt	solar4331s	solar4331t	2017/2018	strokovna šola	slovenščina	3. letnik	esej ali spis	Krško
KUS-G-slo-4-LJ-E-2009_2010-11555-12.txt	solar4332s	solar4332t	2009/2010	gimnazija	slovenščina	4. letnik	esej ali spis	Ljubljana
S20-SI-slo-2-SG-E-2016_2017-22569-123.txt	solar4333s	solar4333t	2016/2017	strokovna šola	slovenščina	2. letnik	esej ali spis	Slovenj Gradec
S20-SI-slo-3-KK-D-2016_2017-22213-0.txt	solar4334s	solar4334t	2016/2017	strokovna šola	slovenščina	3. letnik	praktično besedilo	Krško
S20-OS-slo-9-LJ-E-2017_2018-41264-123.txt	solar4335s	solar4335t	2017/2018	osnovna šola	slovenščina	9. razred	esej ali spis	Ljubljana
S20-SI-slo-4-LJ-PB-2016_2017-21925-0.txt	solar4336s	solar4336t	2016/2017	strokovna šola	slovenščina	4. letnik	praktično besedilo	Ljubljana
KUS-SI-slo-4-NM-E-2009_2010-21522-12.txt	solar4337s	solar4337t	2009/2010	strokovna šola	slovenščina	4. letnik	esej ali spis	Novo mesto
S20-PI-slo-1-KR-E-2016_2017-30430-0.txt	solar4338s	solar4338t	2016/2017	poklicna šola	slovenščina	1. letnik	esej ali spis	Kranj
KUS-G-zgo-1-LJ-T-2009_2010-11684-12.txt	solar4339s	solar4339t	2009/2010	gimnazija	zgodovina	1. letnik	test	Ljubljana
KUS-PI-slo-1-NM-R-2009_2010-30241-0.txt	solar4340s	solar4340t	2009/2010	poklicna šola	slovenščina	1. letnik	delo v razredu	Novo mesto
KUS-SI-slo-3-NM-R-2009_2010-21387-0.txt	solar4341s	solar4341t	2009/2010	strokovna šola	slovenščina	3. letnik	delo v razredu	Novo mesto
KUS-SI-slo-4-NM-T-2009_2010-21473-0.txt	solar4342s	solar4342t	2009/2010	strokovna šola	slovenščina	4. letnik	praktično besedilo	Novo mesto
KUS-SI-slo-3-NM-R-2009_2010-21388-0.txt	solar4343s	solar4343t	2009/2010	strokovna šola	slovenščina	3. letnik	delo v razredu	Novo mesto
S20-SI-slo-4-LJ-E-2016_2017-22105-12.txt	solar4344s	solar4344t	2016/2017	strokovna šola	slovenščina	4. letnik	esej ali spis	Ljubljana
KUS-SI-slo-3-LJ-E-2009_2010-21650-0.txt	solar4345s	solar4345t	2009/2010	strokovna šola	slovenščina	3. letnik	esej ali spis	Ljubljana
KUS-PI-slo-2-KK-T-2009_2010-30331-0.txt	solar4346s	solar4346t	2009/2010	poklicna šola	slovenščina	2. letnik	praktično besedilo	Krško
S20-SI-slo-3-KK-E-2016_2017-22267-0.txt	solar4347s	solar4347t	2016/2017	strokovna šola	slovenščina	3. letnik	esej ali spis	Krško
KUS-SI-soc-2-NM-T-2009_2010-21768-0.txt	solar4348s	solar4348t	2009/2010	strokovna šola	sociologija	2. letnik	test	Novo mesto
KUS-SI-slo-2-NM-R-2009_2010-21373-12.txt	solar4349s	solar4349t	2009/2010	strokovna šola	slovenščina	2. letnik	delo v razredu	Novo mesto
S20-SI-slo-1-LJ-E-2016_2017-21869-12.txt	solar4350s	solar4350t	2016/2017	strokovna šola	slovenščina	1. letnik	esej ali spis	Ljubljana
S20-OS-slo-8-LJ-E-2017_2018-41251-123.txt	solar4351s	solar4351t	2017/2018	osnovna šola	slovenščina	8. razred	esej ali spis	Ljubljana
KUS-SI-soc-2-NM-T-2009_2010-21860-0.txt	solar4352s	solar4352t	2009/2010	strokovna šola	sociologija	2. letnik	test	Novo mesto
KUS-SI-slo-1-NM-E-2009_2010-21597-12.txt	solar4353s	solar4353t	2009/2010	strokovna šola	slovenščina	1. letnik	esej ali spis	Novo mesto
S20-OS-slo-9-CE-D-2016_2017-40897-N.txt	solar4354s	solar4354t	2016/2017	osnovna šola	slovenščina	9. razred	esej ali spis	Celje
KUS-PI-slo-2-KK-T-2009_2010-30334-0.txt	solar4355s	solar4355t	2009/2010	poklicna šola	slovenščina	2. letnik	praktično besedilo	Krško
S20-G-slo-4-LJ-PB-2017_2018-11837-0.txt	solar4356s	solar4356t	2017/2018	gimnazija	slovenščina	4. letnik	praktično besedilo	Ljubljana
KUS-G-slo-2-GO-T-2009_2010-11652-0.txt	solar4357s	solar4357t	2009/2010	gimnazija	slovenščina	2. letnik	praktično besedilo	Gorica
KUS-SI-slo-4-NM-T-2009_2010-21475-0.txt	solar4358s	solar4358t	2009/2010	strokovna šola	slovenščina	4. letnik	praktično besedilo	Novo mesto
S20-OS-slo-6-KR-D-2016_2017-41014-0.txt	solar4359s	solar4359t	2016/2017	osnovna šola	slovenščina	6. razred	praktično besedilo	Kranj
KUS-SI-slo-3-LJ-E-2009_2010-21655-12.txt	solar4360s	solar4360t	2009/2010	strokovna šola	slovenščina	3. letnik	esej ali spis	Ljubljana
S20-PI-slo-1-SG-E-2017_2018-30470-12.txt	solar4361s	solar4361t	2017/2018	poklicna šola	slovenščina	1. letnik	esej ali spis	Slovenj Gradec
KUS-SI-slo-4-KK-T-2009_2010-21689-0.txt	solar4362s	solar4362t	2009/2010	strokovna šola	slovenščina	4. letnik	praktično besedilo	Krško
S20-OS-slo-6-LJ-E-2017_2018-41202-12.txt	solar4363s	solar4363t	2017/2018	osnovna šola	slovenščina	6. razred	esej ali spis	Ljubljana
S20-PI-slo-4-SG-E-2016_2017-30505-12.txt	solar4364s	solar4364t	2016/2017	poklicna šola	slovenščina	4. letnik	esej ali spis	Slovenj Gradec
KUS-G-slo-4-LJ-E-2009_2010-11579-12.txt	solar4365s	solar4365t	2009/2010	gimnazija	slovenščina	4. letnik	esej ali spis	Ljubljana
S20-SI-slo-3-KK-E-2017_2018-22660-12.txt	solar4366s	solar4366t	2017/2018	strokovna šola	slovenščina	3. letnik	esej ali spis	Krško
KUS-SI-slo-1-NM-R-2009_2010-21336-0.txt	solar4367s	solar4367t	2009/2010	strokovna šola	slovenščina	1. letnik	delo v razredu	Novo mesto
S20-PI-slo-5-SG-E-2017_2018-30537-12.txt	solar4368s	solar4368t	2017/2018	poklicna šola	slovenščina	5. letnik	esej ali spis	Slovenj Gradec
S20-SI-slo-4-LJ-PB-2016_2017-22043-0.txt	solar4369s	solar4369t	2016/2017	strokovna šola	slovenščina	4. letnik	praktično besedilo	Ljubljana
S20-SI-slo-3-KK-E-2016_2017-22228-0.txt	solar4370s	solar4370t	2016/2017	strokovna šola	slovenščina	3. letnik	esej ali spis	Krško
KUS-SI-soc-2-NM-T-2009_2010-21741-0.txt	solar4371s	solar4371t	2009/2010	strokovna šola	sociologija	2. letnik	test	Novo mesto
S20-SI-slo-4-LJ-PB-2016_2017-21980-12.txt	solar4372s	solar4372t	2016/2017	strokovna šola	slovenščina	4. letnik	praktično besedilo	Ljubljana
KUS-G-slo-2-GO-T-2009_2010-11630-0.txt	solar4373s	solar4373t	2009/2010	gimnazija	slovenščina	2. letnik	praktično besedilo	Gorica
S20-SI-slo-2-SG-E-2016_2017-22563-12.txt	solar4374s	solar4374t	2016/2017	strokovna šola	slovenščina	2. letnik	esej ali spis	Slovenj Gradec
S20-SI-slo-3-KK-E-2016_2017-22297-0.txt	solar4375s	solar4375t	2016/2017	strokovna šola	slovenščina	3. letnik	esej ali spis	Krško
S20-SI-pkv-2-KR-T-2016_2017-22378-0.txt	solar4376s	solar4376t	2016/2017	strokovna šola	poslovno komuniciranje in vodenje	2. letnik	test	Kranj
S20-OS-slo-8-LJ-PB-2016_2017-40999-0.txt	solar4377s	solar4377t	2016/2017	osnovna šola	slovenščina	8. razred	praktično besedilo	Ljubljana
KUS-SI-slo-2-NM-E-2009_2010-21546-0.txt	solar4378s	solar4378t	2009/2010	strokovna šola	slovenščina	2. letnik	esej ali spis	Novo mesto
KUS-SI-slo-2-NM-E-2009_2010-21543-0.txt	solar4379s	solar4379t	2009/2010	strokovna šola	slovenščina	2. letnik	esej ali spis	Novo mesto
S20-PI-slo-4-KR-E-2016_2017-30449-0.txt	solar4380s	solar4380t	2016/2017	poklicna šola	slovenščina	4. letnik	esej ali spis	Kranj
S20-G-slo-2-LJ-PB-2017_2018-11848-0.txt	solar4381s	solar4381t	2017/2018	gimnazija	slovenščina	2. letnik	praktično besedilo	Ljubljana
S20-SI-slo-4-LJ-E-2016_2017-22132-123.txt	solar4382s	solar4382t	2016/2017	strokovna šola	slovenščina	4. letnik	esej ali spis	Ljubljana
S20-OS-slo-8-LJ-E-2016_2017-40984-12.txt	solar4383s	solar4383t	2016/2017	osnovna šola	slovenščina	8. razred	esej ali spis	Ljubljana
S20-OS-slo-8-PO-E-2017_2018-41131-12.txt	solar4384s	solar4384t	2017/2018	osnovna šola	slovenščina	8. razred	esej ali spis	Postojna
S20-SI-slo-4-LJ-E-2016_2017-22149-12.txt	solar4385s	solar4385t	2016/2017	strokovna šola	slovenščina	4. letnik	esej ali spis	Ljubljana
KUS-PI-slo-1-NM-R-2009_2010-30237-0.txt	solar4386s	solar4386t	2009/2010	poklicna šola	slovenščina	1. letnik	delo v razredu	Novo mesto
KUS-G-slo-2-GO-T-2009_2010-11663-0.txt	solar4387s	solar4387t	2009/2010	gimnazija	slovenščina	2. letnik	praktično besedilo	Gorica
KUS-SI-slo-3-NM-R-2009_2010-21391-0.txt	solar4388s	solar4388t	2009/2010	strokovna šola	slovenščina	3. letnik	delo v razredu	Novo mesto
S20-SI-slo-4-LJ-E-2016_2017-22115-12.txt	solar4389s	solar4389t	2016/2017	strokovna šola	slovenščina	4. letnik	esej ali spis	Ljubljana
KUS-SI-soc-2-NM-T-2009_2010-21801-0.txt	solar4390s	solar4390t	2009/2010	strokovna šola	sociologija	2. letnik	test	Novo mesto
S20-SI-slo-3-KK-E-2016_2017-22330-0.txt	solar4391s	solar4391t	2016/2017	strokovna šola	slovenščina	3. letnik	esej ali spis	Krško
KUS-PI-slo-2-NM-R-2009_2010-30256-0.txt	solar4392s	solar4392t	2009/2010	poklicna šola	slovenščina	2. letnik	delo v razredu	Novo mesto
S20-SI-slo-4-LJ-E-2016_2017-22166-12.txt	solar4393s	solar4393t	2016/2017	strokovna šola	slovenščina	4. letnik	esej ali spis	Ljubljana
KUS-PI-slo-1-KK-T-2009_2010-30343-0.txt	solar4394s	solar4394t	2009/2010	poklicna šola	slovenščina	1. letnik	test	Krško
S20-SI-slo-2-KK-E-2016_2017-22187-0.txt	solar4395s	solar4395t	2016/2017	strokovna šola	slovenščina	2. letnik	esej ali spis	Krško
KUS-SI-soc-2-NM-T-2009_2010-21835-0.txt	solar4396s	solar4396t	2009/2010	strokovna šola	sociologija	2. letnik	test	Novo mesto
S20-SI-slo-4-LJ-PB-2016_2017-22092-0.txt	solar4397s	solar4397t	2016/2017	strokovna šola	slovenščina	4. letnik	praktično besedilo	Ljubljana
KUS-G-slo-4-LJ-E-2009_2010-11581-12.txt	solar4398s	solar4398t	2009/2010	gimnazija	slovenščina	4. letnik	esej ali spis	Ljubljana
S20-SI-slo-3-KR-E-2017_2018-22677-0.txt	solar4399s	solar4399t	2017/2018	strokovna šola	slovenščina	3. letnik	esej ali spis	Kranj
KUS-PI-slo-2-KK-T-2009_2010-30312-0.txt	solar4400s	solar4400t	2009/2010	poklicna šola	slovenščina	2. letnik	praktično besedilo	Krško
KUS-PI-slo-2-KK-T-2009_2010-30332-0.txt	solar4401s	solar4401t	2009/2010	poklicna šola	slovenščina	2. letnik	praktično besedilo	Krško
S20-SI-slo-1-SG-D-2016_2017-22526-0.txt	solar4402s	solar4402t	2016/2017	strokovna šola	slovenščina	1. letnik	test	Slovenj Gradec
S20-OS-slo-9-PO-T-2016_2017-40971-0.txt	solar4403s	solar4403t	2016/2017	osnovna šola	slovenščina	9. razred	praktično besedilo	Postojna
S20-SI-slo-3-KK-E-2016_2017-22239-0.txt	solar4404s	solar4404t	2016/2017	strokovna šola	slovenščina	3. letnik	esej ali spis	Krško
KUS-SI-slo-4-NM-T-2009_2010-21486-0.txt	solar4405s	solar4405t	2009/2010	strokovna šola	slovenščina	4. letnik	praktično besedilo	Novo mesto
S20-OS-slo-8-PO-E-2017_2018-41118-0.txt	solar4406s	solar4406t	2017/2018	osnovna šola	slovenščina	8. razred	esej ali spis	Postojna
KUS-G-slo-4-LJ-E-2009_2010-11552-123.txt	solar4407s	solar4407t	2009/2010	gimnazija	slovenščina	4. letnik	esej ali spis	Ljubljana
S20-OS-gos-6-CE-E-2016_2017-40867-0.txt	solar4408s	solar4408t	2016/2017	osnovna šola	gospodinjstvo	6. razred	esej ali spis	Celje
S20-SI-slo-4-LJ-PB-2016_2017-22055-0.txt	solar4409s	solar4409t	2016/2017	strokovna šola	slovenščina	4. letnik	praktično besedilo	Ljubljana
S20-NN-slo-4-KK-E-2016_2017-50019-0.txt	solar4410s	solar4410t	2016/2017	neznano	slovenščina	4. letnik	esej ali spis	Krško
S20-PI-slo-5-SG-E-2017_2018-30541-12.txt	solar4411s	solar4411t	2017/2018	poklicna šola	slovenščina	5. letnik	esej ali spis	Slovenj Gradec
S20-OS-slo-8-LJ-E-2017_2018-41237-12.txt	solar4412s	solar4412t	2017/2018	osnovna šola	slovenščina	8. razred	esej ali spis	Ljubljana
S20-SI-slo-2-KR-PB-2016_2017-22407-0.txt	solar4413s	solar4413t	2016/2017	strokovna šola	slovenščina	2. letnik	praktično besedilo	Kranj
S20-SI-slo-2-KR-PB-2016_2017-22414-0.txt	solar4414s	solar4414t	2016/2017	strokovna šola	slovenščina	2. letnik	praktično besedilo	Kranj
S20-OS-slo-9-CE-D-2016_2017-40904-0.txt	solar4415s	solar4415t	2016/2017	osnovna šola	slovenščina	9. razred	esej ali spis	Celje
S20-OS-ods-6-LJ-E-2016_2017-40914-12.txt	solar4416s	solar4416t	2016/2017	osnovna šola	drugo	6. razred	esej ali spis	Ljubljana
S20-SI-slo-1-LJ-E-2016_2017-21891-12.txt	solar4417s	solar4417t	2016/2017	strokovna šola	slovenščina	1. letnik	esej ali spis	Ljubljana
KUS-SI-slo-2-NM-E-2009_2010-21631-0.txt	solar4418s	solar4418t	2009/2010	strokovna šola	slovenščina	2. letnik	esej ali spis	Novo mesto
S20-OS-ods-6-LJ-E-2016_2017-40916-0.txt	solar4419s	solar4419t	2016/2017	osnovna šola	drugo	6. razred	esej ali spis	Ljubljana
S20-OS-ods-6-LJ-E-2016_2017-40915-0.txt	solar4420s	solar4420t	2016/2017	osnovna šola	drugo	6. razred	esej ali spis	Ljubljana
S20-OS-slo-8-PO-E-2017_2018-41132-12.txt	solar4421s	solar4421t	2017/2018	osnovna šola	slovenščina	8. razred	esej ali spis	Postojna
S20-SI-slo-3-KK-E-2016_2017-22308-0.txt	solar4422s	solar4422t	2016/2017	strokovna šola	slovenščina	3. letnik	esej ali spis	Krško
KUS-SI-slo-3-NM-R-2009_2010-21402-12.txt	solar4423s	solar4423t	2009/2010	strokovna šola	slovenščina	3. letnik	delo v razredu	Novo mesto
KUS-G-slo-2-LJ-R-2009_2010-11602-0.txt	solar4424s	solar4424t	2009/2010	gimnazija	slovenščina	2. letnik	delo v razredu	Ljubljana
S20-SI-piz-3-KR-T-2017_2018-22682-0.txt	solar4425s	solar4425t	2017/2018	strokovna šola	podjetništvo in zakonodaja	3. letnik	test	Kranj
S20-SI-slo-4-LJ-PB-2016_2017-22078-0.txt	solar4426s	solar4426t	2016/2017	strokovna šola	slovenščina	4. letnik	praktično besedilo	Ljubljana
S20-G-slo-4-KK-E-2016_2017-11821-12.txt	solar4427s	solar4427t	2016/2017	gimnazija	slovenščina	4. letnik	esej ali spis	Krško
KUS-OS-slo-9-LJ-E-2009_2010-40753-0.txt	solar4428s	solar4428t	2009/2010	osnovna šola	slovenščina	9. razred	esej ali spis	Ljubljana
KUS-PI-slo-2-KK-T-2009_2010-30335-0.txt	solar4429s	solar4429t	2009/2010	poklicna šola	slovenščina	2. letnik	praktično besedilo	Krško
KUS-SI-slo-4-KK-T-2009_2010-21701-0.txt	solar4430s	solar4430t	2009/2010	strokovna šola	slovenščina	4. letnik	praktično besedilo	Krško
KUS-PI-slo-1-KK-T-2009_2010-30347-12.txt	solar4431s	solar4431t	2009/2010	poklicna šola	slovenščina	1. letnik	test	Krško
S20-SI-slo-4-LJ-PB-2016_2017-22038-0.txt	solar4432s	solar4432t	2016/2017	strokovna šola	slovenščina	4. letnik	praktično besedilo	Ljubljana
S20-OS-slo-8-PO-T-2016_2017-40959-0.txt	solar4433s	solar4433t	2016/2017	osnovna šola	slovenščina	8. razred	praktično besedilo	Postojna
S20-OS-slo-9-PO-T-2016_2017-40969-0.txt	solar4434s	solar4434t	2016/2017	osnovna šola	slovenščina	9. razred	praktično besedilo	Postojna
KUS-G-zgo-2-LJ-T-2009_2010-11713-12.txt	solar4435s	solar4435t	2009/2010	gimnazija	zgodovina	2. letnik	test	Ljubljana
KUS-G-slo-2-GO-T-2009_2010-11650-0.txt	solar4436s	solar4436t	2009/2010	gimnazija	slovenščina	2. letnik	praktično besedilo	Gorica
S20-SI-slo-2-KK-E-2016_2017-22172-0.txt	solar4437s	solar4437t	2016/2017	strokovna šola	slovenščina	2. letnik	esej ali spis	Krško
S20-SI-slo-1-SG-E-2016_2017-22517-1234.txt	solar4438s	solar4438t	2016/2017	strokovna šola	slovenščina	1. letnik	esej ali spis	Slovenj Gradec
S20-OS-slo-7-LJ-E-2017_2018-41218-12.txt	solar4439s	solar4439t	2017/2018	osnovna šola	slovenščina	7. razred	esej ali spis	Ljubljana
S20-SI-slo-2-KR-PB-2016_2017-22413-0.txt	solar4440s	solar4440t	2016/2017	strokovna šola	slovenščina	2. letnik	praktično besedilo	Kranj
S20-OS-slo-9-CE-D-2016_2017-40874-0.txt	solar4441s	solar4441t	2016/2017	osnovna šola	slovenščina	9. razred	praktično besedilo	Celje
S20-SI-slo-4-LJ-E-2016_2017-22153-12.txt	solar4442s	solar4442t	2016/2017	strokovna šola	slovenščina	4. letnik	esej ali spis	Ljubljana
KUS-SI-slo-2-NM-R-2009_2010-21365-0.txt	solar4443s	solar4443t	2009/2010	strokovna šola	slovenščina	2. letnik	delo v razredu	Novo mesto
S20-PI-slo-4-KK-E-2016_2017-30414-0.txt	solar4444s	solar4444t	2016/2017	poklicna šola	slovenščina	4. letnik	esej ali spis	Krško
KUS-G-zgo-MT-CE-T-2009_2010-11683-1234.txt	solar4445s	solar4445t	2009/2010	gimnazija	zgodovina	maturitetni tečaj	test	Celje
S20-SI-slo-4-LJ-E-2016_2017-22138-123.txt	solar4446s	solar4446t	2016/2017	strokovna šola	slovenščina	4. letnik	esej ali spis	Ljubljana
KUS-OS-slo-7-KP-E-2009_2010-40659-12.txt	solar4447s	solar4447t	2009/2010	osnovna šola	slovenščina	7. razred	esej ali spis	Koper
KUS-OS-slo-8-KR-E-2009_2010-40642-12.txt	solar4448s	solar4448t	2009/2010	osnovna šola	slovenščina	8. razred	esej ali spis	Kranj
S20-SI-slo-4-LJ-E-2016_2017-21928-12.txt	solar4449s	solar4449t	2016/2017	strokovna šola	slovenščina	4. letnik	esej ali spis	Ljubljana
S20-SI-slo-4-LJ-E-2016_2017-21939-12.txt	solar4450s	solar4450t	2016/2017	strokovna šola	slovenščina	4. letnik	esej ali spis	Ljubljana
S20-OS-slo-8-PO-E-2017_2018-41127-12.txt	solar4451s	solar4451t	2017/2018	osnovna šola	slovenščina	8. razred	esej ali spis	Postojna
S20-SI-slo-4-LJ-E-2016_2017-22125-12.txt	solar4452s	solar4452t	2016/2017	strokovna šola	slovenščina	4. letnik	esej ali spis	Ljubljana
S20-PI-slo-2-KR-E-2017_2018-30434-0.txt	solar4453s	solar4453t	2017/2018	poklicna šola	slovenščina	2. letnik	esej ali spis	Kranj
S20-OS-slo-6-KR-D-2016_2017-41064-0.txt	solar4454s	solar4454t	2016/2017	osnovna šola	slovenščina	6. razred	praktično besedilo	Kranj
KUS-PI-slo-2-KK-T-2009_2010-30308-0.txt	solar4455s	solar4455t	2009/2010	poklicna šola	slovenščina	2. letnik	praktično besedilo	Krško
S20-OS-ods-6-LJ-E-2016_2017-40913-0.txt	solar4456s	solar4456t	2016/2017	osnovna šola	drugo	6. razred	esej ali spis	Ljubljana
S20-SI-slo-1-LJ-E-2016_2017-21887-12.txt	solar4457s	solar4457t	2016/2017	strokovna šola	slovenščina	1. letnik	esej ali spis	Ljubljana
S20-G-slo-2-LJ-PB-2017_2018-11851-0.txt	solar4458s	solar4458t	2017/2018	gimnazija	slovenščina	2. letnik	praktično besedilo	Ljubljana
S20-SI-slo-4-LJ-PB-2016_2017-22031-0.txt	solar4459s	solar4459t	2016/2017	strokovna šola	slovenščina	4. letnik	praktično besedilo	Ljubljana
KUS-SI-soc-2-NM-T-2009_2010-21749-0.txt	solar4460s	solar4460t	2009/2010	strokovna šola	sociologija	2. letnik	test	Novo mesto
S20-OS-slo-8-LJ-PB-2016_2017-41000-0.txt	solar4461s	solar4461t	2016/2017	osnovna šola	slovenščina	8. razred	praktično besedilo	Ljubljana
KUS-SI-slo-2-LJ-E-2009_2010-21658-12.txt	solar4462s	solar4462t	2009/2010	strokovna šola	slovenščina	2. letnik	esej ali spis	Ljubljana
S20-G-slo-1-KK-E-2017_2018-11871-12.txt	solar4463s	solar4463t	2017/2018	gimnazija	slovenščina	1. letnik	esej ali spis	Krško
KUS-PI-slo-2-KK-T-2009_2010-30315-0.txt	solar4464s	solar4464t	2009/2010	poklicna šola	slovenščina	2. letnik	praktično besedilo	Krško
S20-SI-slo-3-KK-D-2016_2017-22215-0.txt	solar4465s	solar4465t	2016/2017	strokovna šola	slovenščina	3. letnik	praktično besedilo	Krško
S20-SI-gnp-3-KR-T-2016_2017-22415-0.txt	solar4466s	solar4466t	2016/2017	strokovna šola	gostinsko poslovanje	3. letnik	test	Kranj
S20-OS-slo-6-KR-PB-2016_2017-41042-0.txt	solar4467s	solar4467t	2016/2017	osnovna šola	slovenščina	6. razred	praktično besedilo	Kranj
S20-OS-slo-6-LJ-E-2017_2018-41190-12.txt	solar4468s	solar4468t	2017/2018	osnovna šola	slovenščina	6. razred	esej ali spis	Ljubljana
KUS-SI-soc-2-NM-T-2009_2010-21775-0.txt	solar4469s	solar4469t	2009/2010	strokovna šola	sociologija	2. letnik	test	Novo mesto
S20-G-slo-2-KK-E-2017_2018-11877-0.txt	solar4470s	solar4470t	2017/2018	gimnazija	slovenščina	2. letnik	esej ali spis	Krško
S20-SI-slo-4-LJ-PB-2016_2017-21992-0.txt	solar4471s	solar4471t	2016/2017	strokovna šola	slovenščina	4. letnik	praktično besedilo	Ljubljana
S20-SI-slo-4-LJ-E-2016_2017-22111-12.txt	solar4472s	solar4472t	2016/2017	strokovna šola	slovenščina	4. letnik	esej ali spis	Ljubljana
S20-SI-gnp-3-KR-T-2016_2017-22418-0.txt	solar4473s	solar4473t	2016/2017	strokovna šola	gostinsko poslovanje	3. letnik	test	Kranj
S20-SI-slo-2-KR-E-2016_2017-22353-0.txt	solar4474s	solar4474t	2016/2017	strokovna šola	slovenščina	2. letnik	esej ali spis	Kranj
S20-PI-slo-4-KK-E-2016_2017-30381-0.txt	solar4475s	solar4475t	2016/2017	poklicna šola	slovenščina	4. letnik	esej ali spis	Krško
KUS-G-slo-4-LJ-E-2009_2010-11582-12.txt	solar4476s	solar4476t	2009/2010	gimnazija	slovenščina	4. letnik	esej ali spis	Ljubljana
KUS-PI-slo-1-NM-R-2009_2010-30236-0.txt	solar4477s	solar4477t	2009/2010	poklicna šola	slovenščina	1. letnik	delo v razredu	Novo mesto
KUS-SI-slo-2-NM-E-2009_2010-21635-12.txt	solar4478s	solar4478t	2009/2010	strokovna šola	slovenščina	2. letnik	esej ali spis	Novo mesto
KUS-PI-slo-2-NM-E-2009_2010-30277-0.txt	solar4479s	solar4479t	2009/2010	poklicna šola	slovenščina	2. letnik	esej ali spis	Novo mesto
KUS-SI-soc-2-NM-T-2009_2010-21745-0.txt	solar4480s	solar4480t	2009/2010	strokovna šola	sociologija	2. letnik	test	Novo mesto
KUS-G-slo-2-LJ-R-2009_2010-11594-0.txt	solar4481s	solar4481t	2009/2010	gimnazija	slovenščina	2. letnik	delo v razredu	Ljubljana
S20-SI-slo-4-LJ-E-2016_2017-22014-123.txt	solar4482s	solar4482t	2016/2017	strokovna šola	slovenščina	4. letnik	esej ali spis	Ljubljana
KUS-G-zgo-1-LJ-T-2009_2010-11702-12.txt	solar4483s	solar4483t	2009/2010	gimnazija	zgodovina	1. letnik	test	Ljubljana
KUS-G-slo-4-LJ-T-2009_2010-11518-0.txt	solar4484s	solar4484t	2009/2010	gimnazija	slovenščina	4. letnik	praktično besedilo	Ljubljana
S20-OS-ods-6-LJ-E-2016_2017-40938-0.txt	solar4485s	solar4485t	2016/2017	osnovna šola	drugo	6. razred	esej ali spis	Ljubljana
KUS-PI-slo-1-NM-R-2009_2010-30212-0.txt	solar4486s	solar4486t	2009/2010	poklicna šola	slovenščina	1. letnik	delo v razredu	Novo mesto
S20-OS-slo-8-LJ-E-2017_2018-41243-123.txt	solar4487s	solar4487t	2017/2018	osnovna šola	slovenščina	8. razred	esej ali spis	Ljubljana
KUS-PI-slo-1-NM-R-2009_2010-30217-0.txt	solar4488s	solar4488t	2009/2010	poklicna šola	slovenščina	1. letnik	delo v razredu	Novo mesto
S20-G-slo-1-LJ-E-2016_2017-11791-12.txt	solar4489s	solar4489t	2016/2017	gimnazija	slovenščina	1. letnik	esej ali spis	Ljubljana
KUS-SI-soc-2-NM-T-2009_2010-21804-0.txt	solar4490s	solar4490t	2009/2010	strokovna šola	sociologija	2. letnik	test	Novo mesto
S20-SI-slo-3-KK-E-2016_2017-22258-0.txt	solar4491s	solar4491t	2016/2017	strokovna šola	slovenščina	3. letnik	esej ali spis	Krško
KUS-G-slo-2-GO-T-2009_2010-11642-0.txt	solar4492s	solar4492t	2009/2010	gimnazija	slovenščina	2. letnik	praktično besedilo	Gorica
S20-PI-slo-5-SG-E-2017_2018-30555-12.txt	solar4493s	solar4493t	2017/2018	poklicna šola	slovenščina	5. letnik	esej ali spis	Slovenj Gradec
KUS-PI-slo-1-KK-T-2009_2010-30350-12.txt	solar4494s	solar4494t	2009/2010	poklicna šola	slovenščina	1. letnik	test	Krško
KUS-SI-slo-3-NM-R-2009_2010-21389-0.txt	solar4495s	solar4495t	2009/2010	strokovna šola	slovenščina	3. letnik	delo v razredu	Novo mesto
KUS-G-zgo-MT-CE-T-2009_2010-11668-1234.txt	solar4496s	solar4496t	2009/2010	gimnazija	zgodovina	maturitetni tečaj	test	Celje
KUS-OS-slo-6-KR-R-2009_2010-40619-0.txt	solar4497s	solar4497t	2009/2010	osnovna šola	slovenščina	6. razred	delo v razredu	Kranj
KUS-SI-soc-2-NM-T-2009_2010-21845-0.txt	solar4498s	solar4498t	2009/2010	strokovna šola	sociologija	2. letnik	test	Novo mesto
KUS-OS-slo-8-GO-R-2009_2010-40710-0.txt	solar4499s	solar4499t	2009/2010	osnovna šola	slovenščina	8. razred	delo v razredu	Gorica
KUS-OS-slo-9-KR-T-2009_2010-40651-0.txt	solar4500s	solar4500t	2009/2010	osnovna šola	slovenščina	9. razred	test	Kranj
S20-SI-slo-3-KK-E-2016_2017-22232-0.txt	solar4501s	solar4501t	2016/2017	strokovna šola	slovenščina	3. letnik	esej ali spis	Krško
S20-SI-slo-3-KK-E-2016_2017-22293-0.txt	solar4502s	solar4502t	2016/2017	strokovna šola	slovenščina	3. letnik	esej ali spis	Krško
S20-SI-slo-4-KR-E-2016_2017-22449-0.txt	solar4503s	solar4503t	2016/2017	strokovna šola	slovenščina	4. letnik	esej ali spis	Kranj
KUS-SI-slo-4-NM-E-2009_2010-21526-12.txt	solar4504s	solar4504t	2009/2010	strokovna šola	slovenščina	4. letnik	esej ali spis	Novo mesto
KUS-SI-slo-4-KK-T-2009_2010-21668-0.txt	solar4505s	solar4505t	2009/2010	strokovna šola	slovenščina	4. letnik	praktično besedilo	Krško
S20-SI-slo-3-KK-D-2016_2017-22204-0.txt	solar4506s	solar4506t	2016/2017	strokovna šola	slovenščina	3. letnik	praktično besedilo	Krško
S20-SI-slo-4-LJ-E-2016_2017-22120-12.txt	solar4507s	solar4507t	2016/2017	strokovna šola	slovenščina	4. letnik	esej ali spis	Ljubljana
S20-OS-ods-6-LJ-E-2016_2017-40932-0.txt	solar4508s	solar4508t	2016/2017	osnovna šola	drugo	6. razred	esej ali spis	Ljubljana
S20-G-slo-2-KK-E-2017_2018-11885-12.txt	solar4509s	solar4509t	2017/2018	gimnazija	slovenščina	2. letnik	esej ali spis	Krško
S20-SI-gnp-2-KR-T-2016_2017-22381-0.txt	solar4510s	solar4510t	2016/2017	strokovna šola	gostinsko poslovanje	2. letnik	test	Kranj
S20-SI-slo-4-LJ-E-2016_2017-22101-12.txt	solar4511s	solar4511t	2016/2017	strokovna šola	slovenščina	4. letnik	esej ali spis	Ljubljana
S20-PI-slo-4-KK-E-2016_2017-30388-0.txt	solar4512s	solar4512t	2016/2017	poklicna šola	slovenščina	4. letnik	esej ali spis	Krško
S20-SI-slo-3-KK-E-2016_2017-22295-0.txt	solar4513s	solar4513t	2016/2017	strokovna šola	slovenščina	3. letnik	esej ali spis	Krško
S20-SI-ekt-4-KR-T-2016_2017-22441-0.txt	solar4514s	solar4514t	2016/2017	strokovna šola	ekonomija in turizem	4. letnik	test	Kranj
S20-PI-slo-4-KK-E-2016_2017-30380-0.txt	solar4515s	solar4515t	2016/2017	poklicna šola	slovenščina	4. letnik	esej ali spis	Krško
S20-OS-slo-8-PO-E-2017_2018-41130-12.txt	solar4516s	solar4516t	2017/2018	osnovna šola	slovenščina	8. razred	esej ali spis	Postojna
S20-OS-slo-6-PO-R-2016_2017-41092-0.txt	solar4517s	solar4517t	2016/2017	osnovna šola	slovenščina	6. razred	delo v razredu	Postojna
S20-SI-slo-1-SG-E-2017_2018-22541-123.txt	solar4518s	solar4518t	2017/2018	strokovna šola	slovenščina	1. letnik	esej ali spis	Slovenj Gradec
S20-SI-slo-4-LJ-PB-2016_2017-21981-12.txt	solar4519s	solar4519t	2016/2017	strokovna šola	slovenščina	4. letnik	praktično besedilo	Ljubljana
KUS-SI-slo-2-NM-E-2009_2010-21625-0.txt	solar4520s	solar4520t	2009/2010	strokovna šola	slovenščina	2. letnik	esej ali spis	Novo mesto
S20-SI-slo-3-SG-E-2017_2018-22726-0.txt	solar4521s	solar4521t	2017/2018	strokovna šola	slovenščina	3. letnik	esej ali spis	Slovenj Gradec
S20-PI-slo-4-SG-E-2016_2017-30509-123.txt	solar4522s	solar4522t	2016/2017	poklicna šola	slovenščina	4. letnik	esej ali spis	Slovenj Gradec
KUS-SI-slo-1-NM-R-2009_2010-21347-0.txt	solar4523s	solar4523t	2009/2010	strokovna šola	slovenščina	1. letnik	delo v razredu	Novo mesto
KUS-OS-slo-9-LJ-R-2009_2010-40760-0.txt	solar4524s	solar4524t	2009/2010	osnovna šola	slovenščina	9. razred	delo v razredu	Ljubljana
S20-SI-slo-4-LJ-E-2016_2017-22139-12.txt	solar4525s	solar4525t	2016/2017	strokovna šola	slovenščina	4. letnik	esej ali spis	Ljubljana
S20-SI-slo-1-LJ-E-2016_2017-21886-12.txt	solar4526s	solar4526t	2016/2017	strokovna šola	slovenščina	1. letnik	esej ali spis	Ljubljana
KUS-SI-slo-2-NM-E-2009_2010-21560-0.txt	solar4527s	solar4527t	2009/2010	strokovna šola	slovenščina	2. letnik	esej ali spis	Novo mesto
KUS-G-slo-4-LJ-T-2009_2010-11535-0.txt	solar4528s	solar4528t	2009/2010	gimnazija	slovenščina	4. letnik	praktično besedilo	Ljubljana
KUS-SI-soc-2-NM-T-2009_2010-21753-0.txt	solar4529s	solar4529t	2009/2010	strokovna šola	sociologija	2. letnik	test	Novo mesto
KUS-SI-slo-4-NM-T-2009_2010-21472-0.txt	solar4530s	solar4530t	2009/2010	strokovna šola	slovenščina	4. letnik	praktično besedilo	Novo mesto
KUS-SI-slo-4-KK-T-2009_2010-21681-0.txt	solar4531s	solar4531t	2009/2010	strokovna šola	slovenščina	4. letnik	praktično besedilo	Krško
KUS-SI-slo-1-NM-R-2009_2010-21359-0.txt	solar4532s	solar4532t	2009/2010	strokovna šola	slovenščina	1. letnik	delo v razredu	Novo mesto
S20-SI-slo-2-KK-E-2016_2017-22180-0.txt	solar4533s	solar4533t	2016/2017	strokovna šola	slovenščina	2. letnik	esej ali spis	Krško
S20-SI-kzn-4-KR-T-2016_2017-22507-12.txt	solar4534s	solar4534t	2016/2017	strokovna šola	kakovost v zdravstveni negi	4. letnik	test	Kranj
KUS-SI-slo-3-LJ-E-2009_2010-21644-0.txt	solar4535s	solar4535t	2009/2010	strokovna šola	slovenščina	3. letnik	esej ali spis	Ljubljana
S20-SI-slo-3-SG-E-2016_2017-22594-0.txt	solar4536s	solar4536t	2016/2017	strokovna šola	slovenščina	3. letnik	esej ali spis	Slovenj Gradec
KUS-OS-slo-9-GO-R-2009_2010-40715-0.txt	solar4537s	solar4537t	2009/2010	osnovna šola	slovenščina	9. razred	delo v razredu	Gorica
S20-G-slo-2-KK-E-2017_2018-11888-0.txt	solar4538s	solar4538t	2017/2018	gimnazija	slovenščina	2. letnik	esej ali spis	Krško
S20-OS-slo-7-LJ-E-2016_2017-41155-12.txt	solar4539s	solar4539t	2016/2017	osnovna šola	slovenščina	7. razred	esej ali spis	Ljubljana
S20-G-slo-1-LJ-PB-2016_2017-11754-12.txt	solar4540s	solar4540t	2016/2017	gimnazija	slovenščina	1. letnik	praktično besedilo	Ljubljana
KUS-SI-soc-2-NM-T-2009_2010-21818-0.txt	solar4541s	solar4541t	2009/2010	strokovna šola	sociologija	2. letnik	test	Novo mesto
S20-SI-slo-2-KR-PB-2016_2017-22403-0.txt	solar4542s	solar4542t	2016/2017	strokovna šola	slovenščina	2. letnik	praktično besedilo	Kranj
S20-SI-slo-4-KR-D-2016_2017-22499-0.txt	solar4543s	solar4543t	2016/2017	strokovna šola	slovenščina	4. letnik	praktično besedilo	Kranj
S20-OS-slo-8-PO-E-2017_2018-41122-0.txt	solar4544s	solar4544t	2017/2018	osnovna šola	slovenščina	8. razred	esej ali spis	Postojna
KUS-SI-slo-4-NM-R-2009_2010-21492-0.txt	solar4545s	solar4545t	2009/2010	strokovna šola	slovenščina	4. letnik	delo v razredu	Novo mesto
S20-SI-slo-4-LJ-PB-2016_2017-22085-0.txt	solar4546s	solar4546t	2016/2017	strokovna šola	slovenščina	4. letnik	praktično besedilo	Ljubljana
S20-SI-slo-3-SG-E-2017_2018-22713-12.txt	solar4547s	solar4547t	2017/2018	strokovna šola	slovenščina	3. letnik	esej ali spis	Slovenj Gradec
S20-G-slo-4-KK-E-2016_2017-11826-12.txt	solar4548s	solar4548t	2016/2017	gimnazija	slovenščina	4. letnik	esej ali spis	Krško
S20-SI-slo-2-SG-E-2017_2018-22759-0.txt	solar4549s	solar4549t	2017/2018	strokovna šola	slovenščina	2. letnik	esej ali spis	Slovenj Gradec
KUS-PI-slo-1-NM-R-2009_2010-30223-0.txt	solar4550s	solar4550t	2009/2010	poklicna šola	slovenščina	1. letnik	delo v razredu	Novo mesto
S20-SI-oti-2-KR-T-2016_2017-22362-0.txt	solar4551s	solar4551t	2016/2017	strokovna šola	obdelava turističnih informacij	2. letnik	test	Kranj
S20-SI-slo-3-KR-E-2017_2018-22430-0.txt	solar4552s	solar4552t	2017/2018	strokovna šola	slovenščina	3. letnik	esej ali spis	Kranj
KUS-G-slo-2-LJ-R-2009_2010-11595-0.txt	solar4553s	solar4553t	2009/2010	gimnazija	slovenščina	2. letnik	delo v razredu	Ljubljana
S20-G-slo-1-LJ-E-2016_2017-11803-12.txt	solar4554s	solar4554t	2016/2017	gimnazija	slovenščina	1. letnik	esej ali spis	Ljubljana
S20-SI-slo-4-LJ-PB-2016_2017-21998-0.txt	solar4555s	solar4555t	2016/2017	strokovna šola	slovenščina	4. letnik	praktično besedilo	Ljubljana
S20-SI-slo-2-KR-PB-2016_2017-22412-0.txt	solar4556s	solar4556t	2016/2017	strokovna šola	slovenščina	2. letnik	praktično besedilo	Kranj
KUS-SI-slo-4-NM-E-2009_2010-21599-0.txt	solar4557s	solar4557t	2009/2010	strokovna šola	slovenščina	4. letnik	esej ali spis	Novo mesto
KUS-SI-slo-3-NM-R-2009_2010-21386-0.txt	solar4558s	solar4558t	2009/2010	strokovna šola	slovenščina	3. letnik	delo v razredu	Novo mesto
KUS-G-zgo-MT-CE-T-2009_2010-11669-1234.txt	solar4559s	solar4559t	2009/2010	gimnazija	zgodovina	maturitetni tečaj	test	Celje
S20-SI-slo-4-LJ-PB-2016_2017-21988-0.txt	solar4560s	solar4560t	2016/2017	strokovna šola	slovenščina	4. letnik	praktično besedilo	Ljubljana
KUS-SI-slo-3-LJ-E-2009_2010-21654-12.txt	solar4561s	solar4561t	2009/2010	strokovna šola	slovenščina	3. letnik	esej ali spis	Ljubljana
S20-SI-slo-4-LJ-PB-2016_2017-21977-0.txt	solar4562s	solar4562t	2016/2017	strokovna šola	slovenščina	4. letnik	praktično besedilo	Ljubljana
S20-SI-slo-3-KK-E-2016_2017-22278-0.txt	solar4563s	solar4563t	2016/2017	strokovna šola	slovenščina	3. letnik	esej ali spis	Krško
KUS-SI-slo-3-LJ-E-2009_2010-21647-0.txt	solar4564s	solar4564t	2009/2010	strokovna šola	slovenščina	3. letnik	esej ali spis	Ljubljana
S20-OS-ods-6-LJ-E-2016_2017-40911-0.txt	solar4565s	solar4565t	2016/2017	osnovna šola	drugo	6. razred	esej ali spis	Ljubljana
KUS-SI-slo-4-NM-T-2009_2010-21445-0.txt	solar4566s	solar4566t	2009/2010	strokovna šola	slovenščina	4. letnik	praktično besedilo	Novo mesto
S20-SI-slo-3-KK-E-2016_2017-22233-0.txt	solar4567s	solar4567t	2016/2017	strokovna šola	slovenščina	3. letnik	esej ali spis	Krško
KUS-SI-slo-4-NM-T-2009_2010-21477-0.txt	solar4568s	solar4568t	2009/2010	strokovna šola	slovenščina	4. letnik	praktično besedilo	Novo mesto
S20-SI-slo-4-LJ-PB-2016_2017-22072-12.txt	solar4569s	solar4569t	2016/2017	strokovna šola	slovenščina	4. letnik	praktično besedilo	Ljubljana
KUS-PI-slo-1-NM-R-2009_2010-30194-0.txt	solar4570s	solar4570t	2009/2010	poklicna šola	slovenščina	1. letnik	delo v razredu	Novo mesto
S20-SI-slo-4-KK-E-2017_2018-22631-0.txt	solar4571s	solar4571t	2017/2018	strokovna šola	slovenščina	4. letnik	esej ali spis	Krško
KUS-OS-slo-6-LJ-R-2009_2010-40772-12.txt	solar4572s	solar4572t	2009/2010	osnovna šola	slovenščina	6. razred	delo v razredu	Ljubljana
S20-SI-slo-4-KK-E-2017_2018-22633-0.txt	solar4573s	solar4573t	2017/2018	strokovna šola	slovenščina	4. letnik	esej ali spis	Krško
KUS-PI-slo-1-KK-T-2009_2010-30344-12.txt	solar4574s	solar4574t	2009/2010	poklicna šola	slovenščina	1. letnik	test	Krško
S20-SI-slo-4-KK-E-2017_2018-22622-12.txt	solar4575s	solar4575t	2017/2018	strokovna šola	slovenščina	4. letnik	esej ali spis	Krško
S20-SI-slo-4-LJ-PB-2016_2017-22039-0.txt	solar4576s	solar4576t	2016/2017	strokovna šola	slovenščina	4. letnik	praktično besedilo	Ljubljana
S20-SI-slo-3-KK-E-2017_2018-22653-0.txt	solar4577s	solar4577t	2017/2018	strokovna šola	slovenščina	3. letnik	esej ali spis	Krško
S20-OS-slo-8-PO-T-2016_2017-40956-0.txt	solar4578s	solar4578t	2016/2017	osnovna šola	slovenščina	8. razred	praktično besedilo	Postojna
S20-OS-slo-6-LJ-E-2017_2018-41199-0.txt	solar4579s	solar4579t	2017/2018	osnovna šola	slovenščina	6. razred	esej ali spis	Ljubljana
S20-SI-geo-2-KR-T-2016_2017-22400-0.txt	solar4580s	solar4580t	2016/2017	strokovna šola	geografija	2. letnik	test	Kranj
KUS-PI-slo-2-KK-T-2009_2010-30323-0.txt	solar4581s	solar4581t	2009/2010	poklicna šola	slovenščina	2. letnik	praktično besedilo	Krško
KUS-OS-slo-9-GO-R-2009_2010-40724-0.txt	solar4582s	solar4582t	2009/2010	osnovna šola	slovenščina	9. razred	delo v razredu	Gorica
S20-SI-slo-1-SG-E-2017_2018-22542-12.txt	solar4583s	solar4583t	2017/2018	strokovna šola	slovenščina	1. letnik	esej ali spis	Slovenj Gradec
S20-OS-slo-9-CE-D-2016_2017-40882-0.txt	solar4584s	solar4584t	2016/2017	osnovna šola	slovenščina	9. razred	praktično besedilo	Celje
KUS-SI-slo-4-NM-T-2009_2010-21465-0.txt	solar4585s	solar4585t	2009/2010	strokovna šola	slovenščina	4. letnik	praktično besedilo	Novo mesto
S20-PI-slo-1-KK-E-2016_2017-30359-0.txt	solar4586s	solar4586t	2016/2017	poklicna šola	slovenščina	1. letnik	esej ali spis	Krško
S20-SI-oti-2-KR-T-2016_2017-22372-0.txt	solar4587s	solar4587t	2016/2017	strokovna šola	obdelava turističnih informacij	2. letnik	test	Kranj
KUS-PI-slo-2-KK-T-2009_2010-30322-0.txt	solar4588s	solar4588t	2009/2010	poklicna šola	slovenščina	2. letnik	praktično besedilo	Krško
S20-SI-slo-4-LJ-PB-2016_2017-21997-0.txt	solar4589s	solar4589t	2016/2017	strokovna šola	slovenščina	4. letnik	praktično besedilo	Ljubljana
S20-SI-slo-4-LJ-E-2016_2017-22009-12.txt	solar4590s	solar4590t	2016/2017	strokovna šola	slovenščina	4. letnik	esej ali spis	Ljubljana
KUS-G-slo-2-GO-T-2009_2010-11656-0.txt	solar4591s	solar4591t	2009/2010	gimnazija	slovenščina	2. letnik	praktično besedilo	Gorica
S20-SI-slo-4-LJ-PB-2016_2017-21975-0.txt	solar4592s	solar4592t	2016/2017	strokovna šola	slovenščina	4. letnik	praktično besedilo	Ljubljana
S20-SI-slo-3-KR-E-2017_2018-22690-0.txt	solar4593s	solar4593t	2017/2018	strokovna šola	slovenščina	3. letnik	esej ali spis	Kranj
S20-SI-slo-4-LJ-PB-2016_2017-22054-0.txt	solar4594s	solar4594t	2016/2017	strokovna šola	slovenščina	4. letnik	praktično besedilo	Ljubljana
S20-SI-slo-4-LJ-E-2016_2017-22168-12.txt	solar4595s	solar4595t	2016/2017	strokovna šola	slovenščina	4. letnik	esej ali spis	Ljubljana
KUS-G-slo-2-GO-T-2009_2010-11632-0.txt	solar4596s	solar4596t	2009/2010	gimnazija	slovenščina	2. letnik	praktično besedilo	Gorica
KUS-SI-soc-2-NM-T-2009_2010-21774-0.txt	solar4597s	solar4597t	2009/2010	strokovna šola	sociologija	2. letnik	test	Novo mesto
KUS-SI-slo-4-NM-E-2009_2010-21512-0.txt	solar4598s	solar4598t	2009/2010	strokovna šola	slovenščina	4. letnik	esej ali spis	Novo mesto
KUS-SI-soc-2-NM-T-2009_2010-21790-0.txt	solar4599s	solar4599t	2009/2010	strokovna šola	sociologija	2. letnik	test	Novo mesto
S20-SI-slo-2-SG-E-2016_2017-22564-123.txt	solar4600s	solar4600t	2016/2017	strokovna šola	slovenščina	2. letnik	esej ali spis	Slovenj Gradec
S20-SI-slo-4-SG-E-2016_2017-22607-12.txt	solar4601s	solar4601t	2016/2017	strokovna šola	slovenščina	4. letnik	esej ali spis	Slovenj Gradec
KUS-G-slo-2-GO-T-2009_2010-11635-0.txt	solar4602s	solar4602t	2009/2010	gimnazija	slovenščina	2. letnik	praktično besedilo	Gorica
S20-SI-slo-3-KR-E-2017_2018-22434-0.txt	solar4603s	solar4603t	2017/2018	strokovna šola	slovenščina	3. letnik	esej ali spis	Kranj
S20-PI-slo-1-KK-E-2016_2017-30357-0.txt	solar4604s	solar4604t	2016/2017	poklicna šola	slovenščina	1. letnik	esej ali spis	Krško
S20-SI-slo-4-LJ-E-2016_2017-21938-12.txt	solar4605s	solar4605t	2016/2017	strokovna šola	slovenščina	4. letnik	esej ali spis	Ljubljana
S20-SI-slo-3-SG-E-2017_2018-22729-0.txt	solar4606s	solar4606t	2017/2018	strokovna šola	slovenščina	3. letnik	esej ali spis	Slovenj Gradec
S20-OS-slo-8-LJ-E-2017_2018-41239-12.txt	solar4607s	solar4607t	2017/2018	osnovna šola	slovenščina	8. razred	esej ali spis	Ljubljana
S20-SI-slo-3-KR-E-2017_2018-22689-0.txt	solar4608s	solar4608t	2017/2018	strokovna šola	slovenščina	3. letnik	esej ali spis	Kranj
S20-NN-slo-4-KK-E-2016_2017-50025-0.txt	solar4609s	solar4609t	2016/2017	neznano	slovenščina	4. letnik	esej ali spis	Krško
S20-SI-slo-2-SG-E-2016_2017-22567-0.txt	solar4610s	solar4610t	2016/2017	strokovna šola	slovenščina	2. letnik	esej ali spis	Slovenj Gradec
KUS-OS-slo-9-KR-T-2009_2010-40653-0.txt	solar4611s	solar4611t	2009/2010	osnovna šola	slovenščina	9. razred	test	Kranj
KUS-SI-soc-2-NM-T-2009_2010-21772-0.txt	solar4612s	solar4612t	2009/2010	strokovna šola	sociologija	2. letnik	test	Novo mesto
S20-PI-slo-4-KK-E-2016_2017-30394-0.txt	solar4613s	solar4613t	2016/2017	poklicna šola	slovenščina	4. letnik	esej ali spis	Krško
S20-SI-slo-4-KR-E-2016_2017-22443-0.txt	solar4614s	solar4614t	2016/2017	strokovna šola	slovenščina	4. letnik	esej ali spis	Kranj
S20-SI-slo-4-SG-E-2017_2018-22735-0.txt	solar4615s	solar4615t	2017/2018	strokovna šola	slovenščina	4. letnik	esej ali spis	Slovenj Gradec
KUS-SI-slo-4-NM-R-2009_2010-21421-0.txt	solar4616s	solar4616t	2009/2010	strokovna šola	slovenščina	4. letnik	delo v razredu	Novo mesto
S20-SI-slo-4-KR-E-2017_2018-22704-0.txt	solar4617s	solar4617t	2017/2018	strokovna šola	slovenščina	4. letnik	esej ali spis	Kranj
S20-NN-slo-4-KK-E-2016_2017-50017-12.txt	solar4618s	solar4618t	2016/2017	neznano	slovenščina	4. letnik	esej ali spis	Krško
KUS-G-slo-2-GO-T-2009_2010-11645-0.txt	solar4619s	solar4619t	2009/2010	gimnazija	slovenščina	2. letnik	praktično besedilo	Gorica
KUS-SI-slo-1-NM-E-2009_2010-21579-0.txt	solar4620s	solar4620t	2009/2010	strokovna šola	slovenščina	1. letnik	esej ali spis	Novo mesto
KUS-SI-slo-1-NM-E-2009_2010-21592-0.txt	solar4621s	solar4621t	2009/2010	strokovna šola	slovenščina	1. letnik	esej ali spis	Novo mesto
S20-SI-slo-3-SG-E-2017_2018-22769-12.txt	solar4622s	solar4622t	2017/2018	strokovna šola	slovenščina	3. letnik	esej ali spis	Slovenj Gradec
KUS-G-slo-2-GO-T-2009_2010-11658-0.txt	solar4623s	solar4623t	2009/2010	gimnazija	slovenščina	2. letnik	praktično besedilo	Gorica
S20-SI-slo-3-KR-E-2017_2018-22698-0.txt	solar4624s	solar4624t	2017/2018	strokovna šola	slovenščina	3. letnik	esej ali spis	Kranj
KUS-OS-slo-9-LJ-R-2009_2010-40759-0.txt	solar4625s	solar4625t	2009/2010	osnovna šola	slovenščina	9. razred	delo v razredu	Ljubljana
S20-G-slo-4-KK-E-2016_2017-11806-12.txt	solar4626s	solar4626t	2016/2017	gimnazija	slovenščina	4. letnik	esej ali spis	Krško
KUS-SI-slo-4-KK-T-2009_2010-21692-0.txt	solar4627s	solar4627t	2009/2010	strokovna šola	slovenščina	4. letnik	praktično besedilo	Krško
S20-SI-slo-4-SG-E-2017_2018-22738-0.txt	solar4628s	solar4628t	2017/2018	strokovna šola	slovenščina	4. letnik	esej ali spis	Slovenj Gradec
KUS-G-slo-2-LJ-R-2009_2010-11589-0.txt	solar4629s	solar4629t	2009/2010	gimnazija	slovenščina	2. letnik	delo v razredu	Ljubljana
KUS-SI-soc-2-NM-T-2009_2010-21850-0.txt	solar4630s	solar4630t	2009/2010	strokovna šola	sociologija	2. letnik	test	Novo mesto
S20-OS-slo-9-LJ-E-2017_2018-41261-1234.txt	solar4631s	solar4631t	2017/2018	osnovna šola	slovenščina	9. razred	esej ali spis	Ljubljana
S20-SI-zgo-2-KR-T-2016_2017-22388-0.txt	solar4632s	solar4632t	2016/2017	strokovna šola	zgodovina	2. letnik	test	Kranj
S20-PI-slo-4-KK-E-2016_2017-30404-0.txt	solar4633s	solar4633t	2016/2017	poklicna šola	slovenščina	4. letnik	esej ali spis	Krško
KUS-SI-slo-1-NM-R-2009_2010-21358-0.txt	solar4634s	solar4634t	2009/2010	strokovna šola	slovenščina	1. letnik	delo v razredu	Novo mesto
KUS-SI-soc-2-NM-T-2009_2010-21863-0.txt	solar4635s	solar4635t	2009/2010	strokovna šola	sociologija	2. letnik	test	Novo mesto
S20-SI-pkv-2-KR-T-2016_2017-22376-0.txt	solar4636s	solar4636t	2016/2017	strokovna šola	poslovno komuniciranje in vodenje	2. letnik	test	Kranj
S20-OS-slo-9-CE-D-2016_2017-40901-N.txt	solar4637s	solar4637t	2016/2017	osnovna šola	slovenščina	9. razred	esej ali spis	Celje
KUS-PI-slo-2-NM-R-2009_2010-30258-0.txt	solar4638s	solar4638t	2009/2010	poklicna šola	slovenščina	2. letnik	delo v razredu	Novo mesto
KUS-PI-slo-1-KK-T-2009_2010-30345-12.txt	solar4639s	solar4639t	2009/2010	poklicna šola	slovenščina	1. letnik	test	Krško
S20-SI-slo-4-KR-PB-2016_2017-22456-0.txt	solar4640s	solar4640t	2016/2017	strokovna šola	slovenščina	4. letnik	praktično besedilo	Kranj
S20-NN-slo-4-KK-E-2016_2017-50044-12.txt	solar4641s	solar4641t	2016/2017	neznano	slovenščina	4. letnik	esej ali spis	Krško
S20-SI-slo-3-SG-E-2017_2018-22770-123.txt	solar4642s	solar4642t	2017/2018	strokovna šola	slovenščina	3. letnik	esej ali spis	Slovenj Gradec
S20-SI-slo-4-LJ-E-2016_2017-22118-123.txt	solar4643s	solar4643t	2016/2017	strokovna šola	slovenščina	4. letnik	esej ali spis	Ljubljana
S20-OS-slo-8-LJ-E-2016_2017-40952-12.txt	solar4644s	solar4644t	2016/2017	osnovna šola	slovenščina	8. razred	esej ali spis	Ljubljana
S20-G-slo-1-LJ-E-2016_2017-11788-12.txt	solar4645s	solar4645t	2016/2017	gimnazija	slovenščina	1. letnik	esej ali spis	Ljubljana
S20-SI-slo-3-SG-E-2016_2017-22574-12.txt	solar4646s	solar4646t	2016/2017	strokovna šola	slovenščina	3. letnik	esej ali spis	Slovenj Gradec
S20-SI-slo-3-KK-E-2017_2018-22657-0.txt	solar4647s	solar4647t	2017/2018	strokovna šola	slovenščina	3. letnik	esej ali spis	Krško
S20-OS-slo-8-LJ-E-2016_2017-40991-123.txt	solar4648s	solar4648t	2016/2017	osnovna šola	slovenščina	8. razred	esej ali spis	Ljubljana
S20-SI-slo-3-KK-E-2016_2017-22318-0.txt	solar4649s	solar4649t	2016/2017	strokovna šola	slovenščina	3. letnik	esej ali spis	Krško
S20-SI-slo-4-LJ-PB-2016_2017-22082-0.txt	solar4650s	solar4650t	2016/2017	strokovna šola	slovenščina	4. letnik	praktično besedilo	Ljubljana
KUS-G-zgo-2-LJ-T-2009_2010-11722-12.txt	solar4651s	solar4651t	2009/2010	gimnazija	zgodovina	2. letnik	test	Ljubljana
S20-OS-slo-7-LJ-E-2017_2018-41217-12.txt	solar4652s	solar4652t	2017/2018	osnovna šola	slovenščina	7. razred	esej ali spis	Ljubljana
S20-SI-slo-3-KR-E-2017_2018-22432-0.txt	solar4653s	solar4653t	2017/2018	strokovna šola	slovenščina	3. letnik	esej ali spis	Kranj
KUS-SI-slo-4-NM-T-2009_2010-21459-0.txt	solar4654s	solar4654t	2009/2010	strokovna šola	slovenščina	4. letnik	praktično besedilo	Novo mesto
KUS-SI-soc-2-NM-T-2009_2010-21746-0.txt	solar4655s	solar4655t	2009/2010	strokovna šola	sociologija	2. letnik	test	Novo mesto
S20-SI-slo-4-LJ-E-2016_2017-22104-0.txt	solar4656s	solar4656t	2016/2017	strokovna šola	slovenščina	4. letnik	esej ali spis	Ljubljana
S20-PI-slo-4-KR-E-2016_2017-30442-0.txt	solar4657s	solar4657t	2016/2017	poklicna šola	slovenščina	4. letnik	esej ali spis	Kranj
S20-G-slo-1-LJ-E-2016_2017-11792-12.txt	solar4658s	solar4658t	2016/2017	gimnazija	slovenščina	1. letnik	esej ali spis	Ljubljana
S20-SI-slo-3-SG-E-2016_2017-22582-12.txt	solar4659s	solar4659t	2016/2017	strokovna šola	slovenščina	3. letnik	esej ali spis	Slovenj Gradec
KUS-G-slo-4-LJ-E-2009_2010-11570-12.txt	solar4660s	solar4660t	2009/2010	gimnazija	slovenščina	4. letnik	esej ali spis	Ljubljana
KUS-G-slo-2-GO-T-2009_2010-11643-0.txt	solar4661s	solar4661t	2009/2010	gimnazija	slovenščina	2. letnik	praktično besedilo	Gorica
S20-SI-slo-4-LJ-PB-2016_2017-21917-0.txt	solar4662s	solar4662t	2016/2017	strokovna šola	slovenščina	4. letnik	praktično besedilo	Ljubljana
KUS-SI-slo-2-NM-E-2009_2010-21613-0.txt	solar4663s	solar4663t	2009/2010	strokovna šola	slovenščina	2. letnik	esej ali spis	Novo mesto
S20-SI-slo-4-LJ-PB-2016_2017-21987-0.txt	solar4664s	solar4664t	2016/2017	strokovna šola	slovenščina	4. letnik	praktično besedilo	Ljubljana
KUS-OS-slo-9-NM-E-2009_2010-40808-12.txt	solar4665s	solar4665t	2009/2010	osnovna šola	slovenščina	9. razred	esej ali spis	Novo mesto
KUS-SI-slo-2-NM-E-2009_2010-21630-0.txt	solar4666s	solar4666t	2009/2010	strokovna šola	slovenščina	2. letnik	esej ali spis	Novo mesto
KUS-SI-soc-2-NM-T-2009_2010-21766-0.txt	solar4667s	solar4667t	2009/2010	strokovna šola	sociologija	2. letnik	test	Novo mesto
KUS-PI-slo-2-NM-E-2009_2010-30294-12.txt	solar4668s	solar4668t	2009/2010	poklicna šola	slovenščina	2. letnik	esej ali spis	Novo mesto
KUS-PI-slo-2-NM-R-2009_2010-30267-0.txt	solar4669s	solar4669t	2009/2010	poklicna šola	slovenščina	2. letnik	delo v razredu	Novo mesto
KUS-SI-slo-4-KK-E-2009_2010-21727-12.txt	solar4670s	solar4670t	2009/2010	strokovna šola	slovenščina	4. letnik	esej ali spis	Krško
KUS-G-slo-2-LJ-R-2009_2010-11611-0.txt	solar4671s	solar4671t	2009/2010	gimnazija	slovenščina	2. letnik	delo v razredu	Ljubljana
KUS-SI-slo-2-NM-E-2009_2010-21610-0.txt	solar4672s	solar4672t	2009/2010	strokovna šola	slovenščina	2. letnik	esej ali spis	Novo mesto
S20-SI-slo-1-LJ-E-2016_2017-21873-12.txt	solar4673s	solar4673t	2016/2017	strokovna šola	slovenščina	1. letnik	esej ali spis	Ljubljana
KUS-SI-soc-2-NM-T-2009_2010-21760-0.txt	solar4674s	solar4674t	2009/2010	strokovna šola	sociologija	2. letnik	test	Novo mesto
S20-SI-slo-3-KR-E-2017_2018-22674-0.txt	solar4675s	solar4675t	2017/2018	strokovna šola	slovenščina	3. letnik	esej ali spis	Kranj
KUS-SI-slo-2-NM-R-2009_2010-21372-12.txt	solar4676s	solar4676t	2009/2010	strokovna šola	slovenščina	2. letnik	delo v razredu	Novo mesto
KUS-SI-slo-3-NM-R-2009_2010-21403-12.txt	solar4677s	solar4677t	2009/2010	strokovna šola	slovenščina	3. letnik	delo v razredu	Novo mesto
KUS-G-slo-4-GO-E-2009_2010-11617-12345.txt	solar4678s	solar4678t	2009/2010	gimnazija	slovenščina	4. letnik	esej ali spis	Gorica
KUS-G-slo-2-GO-T-2009_2010-11660-0.txt	solar4679s	solar4679t	2009/2010	gimnazija	slovenščina	2. letnik	praktično besedilo	Gorica
S20-SI-slo-4-LJ-E-2016_2017-22020-12.txt	solar4680s	solar4680t	2016/2017	strokovna šola	slovenščina	4. letnik	esej ali spis	Ljubljana
S20-G-slo-2-LJ-PB-2017_2018-11847-0.txt	solar4681s	solar4681t	2017/2018	gimnazija	slovenščina	2. letnik	praktično besedilo	Ljubljana
S20-OS-slo-7-LJ-E-2017_2018-41214-12.txt	solar4682s	solar4682t	2017/2018	osnovna šola	slovenščina	7. razred	esej ali spis	Ljubljana
S20-SI-slo-3-KK-E-2016_2017-22256-0.txt	solar4683s	solar4683t	2016/2017	strokovna šola	slovenščina	3. letnik	esej ali spis	Krško
S20-SI-slo-4-LJ-PB-2016_2017-22051-0.txt	solar4684s	solar4684t	2016/2017	strokovna šola	slovenščina	4. letnik	praktično besedilo	Ljubljana
S20-SI-slo-4-LJ-E-2016_2017-22143-12.txt	solar4685s	solar4685t	2016/2017	strokovna šola	slovenščina	4. letnik	esej ali spis	Ljubljana
S20-OS-slo-7-KR-D-2016_2017-41077-0.txt	solar4686s	solar4686t	2016/2017	osnovna šola	slovenščina	7. razred	praktično besedilo	Kranj
KUS-SI-slo-4-NM-R-2009_2010-21428-0.txt	solar4687s	solar4687t	2009/2010	strokovna šola	slovenščina	4. letnik	delo v razredu	Novo mesto
S20-SI-slo-2-SG-E-2017_2018-22761-0.txt	solar4688s	solar4688t	2017/2018	strokovna šola	slovenščina	2. letnik	esej ali spis	Slovenj Gradec
S20-PI-slo-4-SG-E-2016_2017-30513-12.txt	solar4689s	solar4689t	2016/2017	poklicna šola	slovenščina	4. letnik	esej ali spis	Slovenj Gradec
S20-NN-slo-4-KK-E-2016_2017-50042-0.txt	solar4690s	solar4690t	2016/2017	neznano	slovenščina	4. letnik	esej ali spis	Krško
KUS-G-slo-4-LJ-T-2009_2010-11523-0.txt	solar4691s	solar4691t	2009/2010	gimnazija	slovenščina	4. letnik	praktično besedilo	Ljubljana
KUS-SI-slo-3-NM-R-2009_2010-21401-12.txt	solar4692s	solar4692t	2009/2010	strokovna šola	slovenščina	3. letnik	delo v razredu	Novo mesto
KUS-OS-slo-9-KR-T-2009_2010-40649-0.txt	solar4693s	solar4693t	2009/2010	osnovna šola	slovenščina	9. razred	test	Kranj
KUS-SI-slo-4-NM-R-2009_2010-21413-0.txt	solar4694s	solar4694t	2009/2010	strokovna šola	slovenščina	4. letnik	delo v razredu	Novo mesto
KUS-OS-slo-8-NM-E-2009_2010-40743-12.txt	solar4695s	solar4695t	2009/2010	osnovna šola	slovenščina	8. razred	esej ali spis	Novo mesto
KUS-OS-slo-8-NM-E-2009_2010-40742-12.txt	solar4696s	solar4696t	2009/2010	osnovna šola	slovenščina	8. razred	esej ali spis	Novo mesto
S20-SI-anf-2-KR-T-2016_2017-22467-0.txt	solar4697s	solar4697t	2016/2017	strokovna šola	anatomija in fiziologija	2. letnik	test	Kranj
S20-SI-slo-4-KR-D-2016_2017-22492-0.txt	solar4698s	solar4698t	2016/2017	strokovna šola	slovenščina	4. letnik	praktično besedilo	Kranj
S20-OS-slo-8-PO-T-2017_2018-41113-0.txt	solar4699s	solar4699t	2017/2018	osnovna šola	slovenščina	8. razred	praktično besedilo	Postojna
S20-SI-slo-4-KK-E-2017_2018-22624-12.txt	solar4700s	solar4700t	2017/2018	strokovna šola	slovenščina	4. letnik	esej ali spis	Krško
KUS-OS-slo-7-KP-E-2009_2010-40663-12.txt	solar4701s	solar4701t	2009/2010	osnovna šola	slovenščina	7. razred	esej ali spis	Koper
S20-OS-slo-7-LJ-E-2017_2018-41229-0.txt	solar4702s	solar4702t	2017/2018	osnovna šola	slovenščina	7. razred	esej ali spis	Ljubljana
KUS-PI-slo-2-NM-R-2009_2010-30266-0.txt	solar4703s	solar4703t	2009/2010	poklicna šola	slovenščina	2. letnik	delo v razredu	Novo mesto
KUS-G-zgo-2-LJ-T-2009_2010-11720-12.txt	solar4704s	solar4704t	2009/2010	gimnazija	zgodovina	2. letnik	test	Ljubljana
S20-PI-slo-5-SG-E-2017_2018-30549-12.txt	solar4705s	solar4705t	2017/2018	poklicna šola	slovenščina	5. letnik	esej ali spis	Slovenj Gradec
S20-OS-slo-8-LJ-E-2017_2018-41254-0.txt	solar4706s	solar4706t	2017/2018	osnovna šola	slovenščina	8. razred	esej ali spis	Ljubljana
S20-OS-slo-6-LJ-E-2016_2017-41146-12.txt	solar4707s	solar4707t	2016/2017	osnovna šola	slovenščina	6. razred	esej ali spis	Ljubljana
S20-SI-gnp-2-KR-T-2016_2017-22396-0.txt	solar4708s	solar4708t	2016/2017	strokovna šola	gostinsko poslovanje	2. letnik	test	Kranj
S20-NN-slo-4-KK-E-2016_2017-50048-0.txt	solar4709s	solar4709t	2016/2017	neznano	slovenščina	4. letnik	esej ali spis	Krško
KUS-OS-slo-7-KR-R-2009_2010-40629-0.txt	solar4710s	solar4710t	2009/2010	osnovna šola	slovenščina	7. razred	delo v razredu	Kranj
S20-PI-slo-5-SG-E-2016_2017-30521-0.txt	solar4711s	solar4711t	2016/2017	poklicna šola	slovenščina	5. letnik	esej ali spis	Slovenj Gradec
KUS-SI-slo-4-KK-T-2009_2010-21714-0.txt	solar4712s	solar4712t	2009/2010	strokovna šola	slovenščina	4. letnik	praktično besedilo	Krško
S20-SI-slo-4-LJ-PB-2016_2017-21982-0.txt	solar4713s	solar4713t	2016/2017	strokovna šola	slovenščina	4. letnik	praktično besedilo	Ljubljana
KUS-OS-slo-9-NM-R-2009_2010-40812-0.txt	solar4714s	solar4714t	2009/2010	osnovna šola	slovenščina	9. razred	delo v razredu	Novo mesto
S20-OS-slo-8-LJ-E-2016_2017-40977-123.txt	solar4715s	solar4715t	2016/2017	osnovna šola	slovenščina	8. razred	esej ali spis	Ljubljana
S20-SI-slo-1-LJ-E-2016_2017-21896-0.txt	solar4716s	solar4716t	2016/2017	strokovna šola	slovenščina	1. letnik	esej ali spis	Ljubljana
S20-SI-slo-4-LJ-PB-2016_2017-22098-0.txt	solar4717s	solar4717t	2016/2017	strokovna šola	slovenščina	4. letnik	praktično besedilo	Ljubljana
KUS-PI-slo-2-KK-T-2009_2010-30311-0.txt	solar4718s	solar4718t	2009/2010	poklicna šola	slovenščina	2. letnik	praktično besedilo	Krško
S20-PI-slo-4-KR-E-2016_2017-30448-0.txt	solar4719s	solar4719t	2016/2017	poklicna šola	slovenščina	4. letnik	esej ali spis	Kranj
S20-SI-kzn-4-KR-T-2016_2017-22506-12.txt	solar4720s	solar4720t	2016/2017	strokovna šola	kakovost v zdravstveni negi	4. letnik	test	Kranj
S20-SI-slo-4-SG-E-2017_2018-22750-12.txt	solar4721s	solar4721t	2017/2018	strokovna šola	slovenščina	4. letnik	esej ali spis	Slovenj Gradec
S20-PI-slo-4-KK-E-2016_2017-30423-0.txt	solar4722s	solar4722t	2016/2017	poklicna šola	slovenščina	4. letnik	esej ali spis	Krško
KUS-SI-slo-4-NM-R-2009_2010-21503-0.txt	solar4723s	solar4723t	2009/2010	strokovna šola	slovenščina	4. letnik	delo v razredu	Novo mesto
S20-SI-slo-3-KK-E-2016_2017-22328-0.txt	solar4724s	solar4724t	2016/2017	strokovna šola	slovenščina	3. letnik	esej ali spis	Krško
S20-OS-slo-9-CE-E-2016_2017-40887-N.txt	solar4725s	solar4725t	2016/2017	osnovna šola	slovenščina	9. razred	esej ali spis	Celje
KUS-SI-slo-4-KK-T-2009_2010-21710-0.txt	solar4726s	solar4726t	2009/2010	strokovna šola	slovenščina	4. letnik	praktično besedilo	Krško
S20-OS-slo-6-KR-D-2016_2017-41067-0.txt	solar4727s	solar4727t	2016/2017	osnovna šola	slovenščina	6. razred	praktično besedilo	Kranj
KUS-SI-slo-1-NM-E-2009_2010-21590-0.txt	solar4728s	solar4728t	2009/2010	strokovna šola	slovenščina	1. letnik	esej ali spis	Novo mesto
KUS-SI-soc-2-NM-T-2009_2010-21807-0.txt	solar4729s	solar4729t	2009/2010	strokovna šola	sociologija	2. letnik	test	Novo mesto
KUS-SI-slo-2-NM-E-2009_2010-21624-0.txt	solar4730s	solar4730t	2009/2010	strokovna šola	slovenščina	2. letnik	esej ali spis	Novo mesto
KUS-PI-slo-1-NM-R-2009_2010-30188-0.txt	solar4731s	solar4731t	2009/2010	poklicna šola	slovenščina	1. letnik	delo v razredu	Novo mesto
S20-OS-bio-9-LJ-E-2016_2017-40943-0.txt	solar4732s	solar4732t	2016/2017	osnovna šola	biologija	9. razred	esej ali spis	Ljubljana
S20-SI-slo-3-KK-E-2016_2017-22280-0.txt	solar4733s	solar4733t	2016/2017	strokovna šola	slovenščina	3. letnik	esej ali spis	Krško
KUS-SI-slo-4-NM-R-2009_2010-21429-0.txt	solar4734s	solar4734t	2009/2010	strokovna šola	slovenščina	4. letnik	delo v razredu	Novo mesto
KUS-SI-slo-4-KK-T-2009_2010-21687-0.txt	solar4735s	solar4735t	2009/2010	strokovna šola	slovenščina	4. letnik	praktično besedilo	Krško
S20-OS-slo-9-LJ-E-2017_2018-41263-123.txt	solar4736s	solar4736t	2017/2018	osnovna šola	slovenščina	9. razred	esej ali spis	Ljubljana
S20-SI-slo-4-KR-E-2016_2017-22489-0.txt	solar4737s	solar4737t	2016/2017	strokovna šola	slovenščina	4. letnik	esej ali spis	Kranj
S20-OS-slo-9-PO-T-2016_2017-40962-0.txt	solar4738s	solar4738t	2016/2017	osnovna šola	slovenščina	9. razred	praktično besedilo	Postojna
S20-SI-slo-3-KK-E-2016_2017-22335-0.txt	solar4739s	solar4739t	2016/2017	strokovna šola	slovenščina	3. letnik	esej ali spis	Krško
KUS-OS-slo-7-KR-R-2009_2010-40630-0.txt	solar4740s	solar4740t	2009/2010	osnovna šola	slovenščina	7. razred	delo v razredu	Kranj
S20-SI-slo-4-LJ-PB-2016_2017-21905-0.txt	solar4741s	solar4741t	2016/2017	strokovna šola	slovenščina	4. letnik	praktično besedilo	Ljubljana
S20-OS-ods-6-LJ-E-2016_2017-40912-0.txt	solar4742s	solar4742t	2016/2017	osnovna šola	drugo	6. razred	esej ali spis	Ljubljana
KUS-SI-slo-1-NM-R-2009_2010-21364-0.txt	solar4743s	solar4743t	2009/2010	strokovna šola	slovenščina	1. letnik	delo v razredu	Novo mesto
S20-SI-kzn-4-KR-T-2016_2017-22515-12.txt	solar4744s	solar4744t	2016/2017	strokovna šola	kakovost v zdravstveni negi	4. letnik	test	Kranj
KUS-SI-slo-4-NM-T-2009_2010-21458-0.txt	solar4745s	solar4745t	2009/2010	strokovna šola	slovenščina	4. letnik	praktično besedilo	Novo mesto
KUS-G-slo-2-GO-T-2009_2010-11626-0.txt	solar4746s	solar4746t	2009/2010	gimnazija	slovenščina	2. letnik	praktično besedilo	Gorica
S20-SI-slo-3-KK-D-2016_2017-22209-0.txt	solar4747s	solar4747t	2016/2017	strokovna šola	slovenščina	3. letnik	praktično besedilo	Krško
S20-SI-slo-1-SG-D-2016_2017-22532-0.txt	solar4748s	solar4748t	2016/2017	strokovna šola	slovenščina	1. letnik	test	Slovenj Gradec
S20-G-slo-4-KK-E-2016_2017-11829-12.txt	solar4749s	solar4749t	2016/2017	gimnazija	slovenščina	4. letnik	esej ali spis	Krško
KUS-SI-slo-2-NM-E-2009_2010-21611-0.txt	solar4750s	solar4750t	2009/2010	strokovna šola	slovenščina	2. letnik	esej ali spis	Novo mesto
KUS-SI-slo-4-NM-E-2009_2010-21528-12.txt	solar4751s	solar4751t	2009/2010	strokovna šola	slovenščina	4. letnik	esej ali spis	Novo mesto
S20-SI-slo-3-KK-E-2016_2017-22269-0.txt	solar4752s	solar4752t	2016/2017	strokovna šola	slovenščina	3. letnik	esej ali spis	Krško
KUS-PI-slo-1-NM-R-2009_2010-30207-0.txt	solar4753s	solar4753t	2009/2010	poklicna šola	slovenščina	1. letnik	delo v razredu	Novo mesto
KUS-SI-slo-4-KK-T-2009_2010-21660-0.txt	solar4754s	solar4754t	2009/2010	strokovna šola	slovenščina	4. letnik	praktično besedilo	Krško
KUS-OS-slo-7-GO-R-2009_2010-40707-0.txt	solar4755s	solar4755t	2009/2010	osnovna šola	slovenščina	7. razred	delo v razredu	Gorica
S20-PI-slo-1-SG-E-2017_2018-30471-0.txt	solar4756s	solar4756t	2017/2018	poklicna šola	slovenščina	1. letnik	esej ali spis	Slovenj Gradec
S20-G-slo-1-LJ-E-2016_2017-11747-12.txt	solar4757s	solar4757t	2016/2017	gimnazija	slovenščina	1. letnik	esej ali spis	Ljubljana
KUS-G-slo-4-LJ-T-2009_2010-11512-0.txt	solar4758s	solar4758t	2009/2010	gimnazija	slovenščina	4. letnik	praktično besedilo	Ljubljana
S20-SI-slo-3-KR-E-2017_2018-22697-0.txt	solar4759s	solar4759t	2017/2018	strokovna šola	slovenščina	3. letnik	esej ali spis	Kranj
KUS-SI-slo-4-NM-R-2009_2010-21505-0.txt	solar4760s	solar4760t	2009/2010	strokovna šola	slovenščina	4. letnik	delo v razredu	Novo mesto
S20-PI-slo-4-KK-E-2016_2017-30401-0.txt	solar4761s	solar4761t	2016/2017	poklicna šola	slovenščina	4. letnik	esej ali spis	Krško
S20-G-slo-2-KK-E-2017_2018-11887-12.txt	solar4762s	solar4762t	2017/2018	gimnazija	slovenščina	2. letnik	esej ali spis	Krško
S20-SI-slo-3-KR-E-2016_2017-22472-0.txt	solar4763s	solar4763t	2016/2017	strokovna šola	slovenščina	3. letnik	esej ali spis	Kranj
S20-G-slo-2-LJ-PB-2017_2018-11857-0.txt	solar4764s	solar4764t	2017/2018	gimnazija	slovenščina	2. letnik	praktično besedilo	Ljubljana
S20-SI-slo-3-KK-E-2016_2017-22246-0.txt	solar4765s	solar4765t	2016/2017	strokovna šola	slovenščina	3. letnik	esej ali spis	Krško
KUS-SI-slo-4-KK-T-2009_2010-21665-0.txt	solar4766s	solar4766t	2009/2010	strokovna šola	slovenščina	4. letnik	praktično besedilo	Krško
KUS-SI-slo-4-NM-E-2009_2010-21508-0.txt	solar4767s	solar4767t	2009/2010	strokovna šola	slovenščina	4. letnik	esej ali spis	Novo mesto
KUS-G-slo-4-LJ-T-2009_2010-11520-0.txt	solar4768s	solar4768t	2009/2010	gimnazija	slovenščina	4. letnik	praktično besedilo	Ljubljana
S20-SI-slo-1-LJ-E-2016_2017-21876-12.txt	solar4769s	solar4769t	2016/2017	strokovna šola	slovenščina	1. letnik	esej ali spis	Ljubljana
S20-SI-slo-2-LJ-PB-2017_2018-22620-0.txt	solar4770s	solar4770t	2017/2018	strokovna šola	slovenščina	2. letnik	praktično besedilo	Ljubljana
KUS-SI-slo-1-NM-E-2009_2010-21595-12.txt	solar4771s	solar4771t	2009/2010	strokovna šola	slovenščina	1. letnik	esej ali spis	Novo mesto
KUS-OS-slo-7-GO-R-2009_2010-40705-0.txt	solar4772s	solar4772t	2009/2010	osnovna šola	slovenščina	7. razred	delo v razredu	Gorica
S20-OS-slo-9-PO-T-2016_2017-40963-0.txt	solar4773s	solar4773t	2016/2017	osnovna šola	slovenščina	9. razred	praktično besedilo	Postojna
S20-OS-slo-8-LJ-E-2017_2018-41242-12.txt	solar4774s	solar4774t	2017/2018	osnovna šola	slovenščina	8. razred	esej ali spis	Ljubljana
KUS-OS-slo-9-GO-R-2009_2010-40730-0.txt	solar4775s	solar4775t	2009/2010	osnovna šola	slovenščina	9. razred	delo v razredu	Gorica
KUS-OS-slo-9-GO-R-2009_2010-40733-0.txt	solar4776s	solar4776t	2009/2010	osnovna šola	slovenščina	9. razred	delo v razredu	Gorica
S20-OS-slo-6-LJ-E-2017_2018-41084-12.txt	solar4777s	solar4777t	2017/2018	osnovna šola	slovenščina	6. razred	esej ali spis	Ljubljana
S20-PI-slo-1-SG-E-2017_2018-30472-12.txt	solar4778s	solar4778t	2017/2018	poklicna šola	slovenščina	1. letnik	esej ali spis	Slovenj Gradec
S20-PI-slo-5-SG-E-2016_2017-30519-0.txt	solar4779s	solar4779t	2016/2017	poklicna šola	slovenščina	5. letnik	esej ali spis	Slovenj Gradec
KUS-SI-soc-2-NM-T-2009_2010-21809-0.txt	solar4780s	solar4780t	2009/2010	strokovna šola	sociologija	2. letnik	test	Novo mesto
KUS-SI-soc-2-NM-T-2009_2010-21849-0.txt	solar4781s	solar4781t	2009/2010	strokovna šola	sociologija	2. letnik	test	Novo mesto
S20-G-slo-1-LJ-PB-2016_2017-11784-0.txt	solar4782s	solar4782t	2016/2017	gimnazija	slovenščina	1. letnik	praktično besedilo	Ljubljana
S20-G-slo-2-KK-E-2017_2018-11875-0.txt	solar4783s	solar4783t	2017/2018	gimnazija	slovenščina	2. letnik	esej ali spis	Krško
S20-SI-slo-3-KK-E-2016_2017-22242-12.txt	solar4784s	solar4784t	2016/2017	strokovna šola	slovenščina	3. letnik	esej ali spis	Krško
S20-SI-slo-1-LJ-E-2016_2017-21871-12.txt	solar4785s	solar4785t	2016/2017	strokovna šola	slovenščina	1. letnik	esej ali spis	Ljubljana
S20-G-slo-2-LJ-PB-2017_2018-11860-0.txt	solar4786s	solar4786t	2017/2018	gimnazija	slovenščina	2. letnik	praktično besedilo	Ljubljana
S20-OS-slo-9-CE-D-2016_2017-40880-0.txt	solar4787s	solar4787t	2016/2017	osnovna šola	slovenščina	9. razred	praktično besedilo	Celje
KUS-PI-slo-1-NM-R-2009_2010-30198-0.txt	solar4788s	solar4788t	2009/2010	poklicna šola	slovenščina	1. letnik	delo v razredu	Novo mesto
KUS-SI-slo-4-NM-R-2009_2010-21494-0.txt	solar4789s	solar4789t	2009/2010	strokovna šola	slovenščina	4. letnik	delo v razredu	Novo mesto
KUS-G-zgo-1-LJ-T-2009_2010-11685-12.txt	solar4790s	solar4790t	2009/2010	gimnazija	zgodovina	1. letnik	test	Ljubljana
S20-OS-slo-8-PO-T-2017_2018-41112-0.txt	solar4791s	solar4791t	2017/2018	osnovna šola	slovenščina	8. razred	praktično besedilo	Postojna
KUS-SI-slo-2-NM-E-2009_2010-21640-0.txt	solar4792s	solar4792t	2009/2010	strokovna šola	slovenščina	2. letnik	esej ali spis	Novo mesto
KUS-OS-slo-8-KP-E-2009_2010-40672-0.txt	solar4793s	solar4793t	2009/2010	osnovna šola	slovenščina	8. razred	esej ali spis	Koper
S20-OS-slo-7-LJ-E-2017_2018-41209-0.txt	solar4794s	solar4794t	2017/2018	osnovna šola	slovenščina	7. razred	esej ali spis	Ljubljana
S20-G-slo-2-KK-E-2017_2018-11879-0.txt	solar4795s	solar4795t	2017/2018	gimnazija	slovenščina	2. letnik	esej ali spis	Krško
KUS-SI-soc-2-NM-T-2009_2010-21846-0.txt	solar4796s	solar4796t	2009/2010	strokovna šola	sociologija	2. letnik	test	Novo mesto
S20-PI-slo-5-SG-E-2017_2018-30544-0.txt	solar4797s	solar4797t	2017/2018	poklicna šola	slovenščina	5. letnik	esej ali spis	Slovenj Gradec
KUS-PI-slo-1-NM-R-2009_2010-30214-0.txt	solar4798s	solar4798t	2009/2010	poklicna šola	slovenščina	1. letnik	delo v razredu	Novo mesto
KUS-SI-slo-4-NM-R-2009_2010-21490-0.txt	solar4799s	solar4799t	2009/2010	strokovna šola	slovenščina	4. letnik	delo v razredu	Novo mesto
KUS-SI-slo-4-KK-E-2009_2010-21718-12.txt	solar4800s	solar4800t	2009/2010	strokovna šola	slovenščina	4. letnik	esej ali spis	Krško
KUS-OS-slo-9-KK-R-2009_2010-40792-0.txt	solar4801s	solar4801t	2009/2010	osnovna šola	slovenščina	9. razred	delo v razredu	Krško
S20-G-slo-1-LJ-E-2016_2017-11734-12.txt	solar4802s	solar4802t	2016/2017	gimnazija	slovenščina	1. letnik	esej ali spis	Ljubljana
S20-SI-slo-2-KK-E-2016_2017-22189-0.txt	solar4803s	solar4803t	2016/2017	strokovna šola	slovenščina	2. letnik	esej ali spis	Krško
S20-OS-slo-6-KR-D-2016_2017-41059-0.txt	solar4804s	solar4804t	2016/2017	osnovna šola	slovenščina	6. razred	praktično besedilo	Kranj
S20-OS-slo-8-PO-E-2016_2017-40961-12.txt	solar4805s	solar4805t	2016/2017	osnovna šola	slovenščina	8. razred	esej ali spis	Postojna
KUS-SI-slo-4-KK-T-2009_2010-21682-0.txt	solar4806s	solar4806t	2009/2010	strokovna šola	slovenščina	4. letnik	praktično besedilo	Krško
S20-SI-slo-3-KR-E-2017_2018-22427-0.txt	solar4807s	solar4807t	2017/2018	strokovna šola	slovenščina	3. letnik	esej ali spis	Kranj
S20-SI-slo-1-LJ-E-2016_2017-21892-12.txt	solar4808s	solar4808t	2016/2017	strokovna šola	slovenščina	1. letnik	esej ali spis	Ljubljana
S20-PI-slo-2-SG-E-2016_2017-30492-0.txt	solar4809s	solar4809t	2016/2017	poklicna šola	slovenščina	2. letnik	esej ali spis	Slovenj Gradec
S20-OS-slo-6-LJ-E-2016_2017-41145-12.txt	solar4810s	solar4810t	2016/2017	osnovna šola	slovenščina	6. razred	esej ali spis	Ljubljana
S20-SI-slo-2-KR-E-2016_2017-22356-0.txt	solar4811s	solar4811t	2016/2017	strokovna šola	slovenščina	2. letnik	esej ali spis	Kranj
KUS-SI-slo-4-NM-T-2009_2010-21464-0.txt	solar4812s	solar4812t	2009/2010	strokovna šola	slovenščina	4. letnik	praktično besedilo	Novo mesto
KUS-SI-soc-2-NM-T-2009_2010-21806-0.txt	solar4813s	solar4813t	2009/2010	strokovna šola	sociologija	2. letnik	test	Novo mesto
S20-NN-slo-3-KK-E-2016_2017-50010-0.txt	solar4814s	solar4814t	2016/2017	neznano	slovenščina	3. letnik	esej ali spis	Krško
KUS-PI-slo-1-NM-R-2009_2010-30199-0.txt	solar4815s	solar4815t	2009/2010	poklicna šola	slovenščina	1. letnik	delo v razredu	Novo mesto
S20-SI-slo-4-SG-E-2017_2018-22747-12.txt	solar4816s	solar4816t	2017/2018	strokovna šola	slovenščina	4. letnik	esej ali spis	Slovenj Gradec
S20-G-slo-4-KK-E-2016_2017-11820-12.txt	solar4817s	solar4817t	2016/2017	gimnazija	slovenščina	4. letnik	esej ali spis	Krško
S20-SI-slo-2-LJ-PB-2017_2018-22618-0.txt	solar4818s	solar4818t	2017/2018	strokovna šola	slovenščina	2. letnik	praktično besedilo	Ljubljana
KUS-SI-slo-4-NM-R-2009_2010-21495-0.txt	solar4819s	solar4819t	2009/2010	strokovna šola	slovenščina	4. letnik	delo v razredu	Novo mesto
S20-SI-slo-4-KK-E-2017_2018-22630-0.txt	solar4820s	solar4820t	2017/2018	strokovna šola	slovenščina	4. letnik	esej ali spis	Krško
KUS-SI-slo-4-NM-T-2009_2010-21462-0.txt	solar4821s	solar4821t	2009/2010	strokovna šola	slovenščina	4. letnik	praktično besedilo	Novo mesto
S20-OS-slo-9-CE-D-2016_2017-40875-0.txt	solar4822s	solar4822t	2016/2017	osnovna šola	slovenščina	9. razred	praktično besedilo	Celje
KUS-SI-slo-4-NM-E-2009_2010-21525-12.txt	solar4823s	solar4823t	2009/2010	strokovna šola	slovenščina	4. letnik	esej ali spis	Novo mesto
S20-G-slo-4-KK-E-2016_2017-11808-12.txt	solar4824s	solar4824t	2016/2017	gimnazija	slovenščina	4. letnik	esej ali spis	Krško
S20-SI-slo-1-LJ-E-2016_2017-21899-12.txt	solar4825s	solar4825t	2016/2017	strokovna šola	slovenščina	1. letnik	esej ali spis	Ljubljana
S20-SI-slo-4-KR-E-2016_2017-22463-0.txt	solar4826s	solar4826t	2016/2017	strokovna šola	slovenščina	4. letnik	esej ali spis	Kranj
S20-SI-slo-4-LJ-PB-2016_2017-21993-12.txt	solar4827s	solar4827t	2016/2017	strokovna šola	slovenščina	4. letnik	praktično besedilo	Ljubljana
S20-G-slo-4-KK-E-2016_2017-11807-12.txt	solar4828s	solar4828t	2016/2017	gimnazija	slovenščina	4. letnik	esej ali spis	Krško
KUS-SI-slo-2-NM-E-2009_2010-21619-0.txt	solar4829s	solar4829t	2009/2010	strokovna šola	slovenščina	2. letnik	esej ali spis	Novo mesto
S20-OS-slo-6-KR-D-2016_2017-41049-0.txt	solar4830s	solar4830t	2016/2017	osnovna šola	slovenščina	6. razred	praktično besedilo	Kranj
S20-SI-slo-3-KK-E-2016_2017-22261-0.txt	solar4831s	solar4831t	2016/2017	strokovna šola	slovenščina	3. letnik	esej ali spis	Krško
KUS-G-slo-4-LJ-E-2009_2010-11567-0.txt	solar4832s	solar4832t	2009/2010	gimnazija	slovenščina	4. letnik	esej ali spis	Ljubljana
KUS-SI-slo-2-NM-E-2009_2010-21618-0.txt	solar4833s	solar4833t	2009/2010	strokovna šola	slovenščina	2. letnik	esej ali spis	Novo mesto
S20-SI-slo-3-SG-E-2017_2018-22766-12.txt	solar4834s	solar4834t	2017/2018	strokovna šola	slovenščina	3. letnik	esej ali spis	Slovenj Gradec
KUS-SI-slo-4-KK-T-2009_2010-21666-0.txt	solar4835s	solar4835t	2009/2010	strokovna šola	slovenščina	4. letnik	praktično besedilo	Krško
S20-SI-slo-4-KR-E-2016_2017-22481-0.txt	solar4836s	solar4836t	2016/2017	strokovna šola	slovenščina	4. letnik	esej ali spis	Kranj
KUS-G-slo-2-LJ-R-2009_2010-11588-0.txt	solar4837s	solar4837t	2009/2010	gimnazija	slovenščina	2. letnik	delo v razredu	Ljubljana
S20-SI-slo-3-SG-E-2016_2017-22590-12.txt	solar4838s	solar4838t	2016/2017	strokovna šola	slovenščina	3. letnik	esej ali spis	Slovenj Gradec
KUS-OS-slo-8-KR-E-2009_2010-40638-0.txt	solar4839s	solar4839t	2009/2010	osnovna šola	slovenščina	8. razred	esej ali spis	Kranj
KUS-G-slo-4-LJ-E-2009_2010-11564-0.txt	solar4840s	solar4840t	2009/2010	gimnazija	slovenščina	4. letnik	esej ali spis	Ljubljana
KUS-OS-slo-9-NM-E-2009_2010-40800-12.txt	solar4841s	solar4841t	2009/2010	osnovna šola	slovenščina	9. razred	esej ali spis	Novo mesto
S20-PI-slo-4-KK-E-2016_2017-30397-0.txt	solar4842s	solar4842t	2016/2017	poklicna šola	slovenščina	4. letnik	esej ali spis	Krško
S20-SI-slo-3-KK-E-2016_2017-22304-12.txt	solar4843s	solar4843t	2016/2017	strokovna šola	slovenščina	3. letnik	esej ali spis	Krško
S20-SI-slo-4-KR-D-2016_2017-22496-0.txt	solar4844s	solar4844t	2016/2017	strokovna šola	slovenščina	4. letnik	praktično besedilo	Kranj
S20-SI-slo-3-KK-E-2016_2017-22271-0.txt	solar4845s	solar4845t	2016/2017	strokovna šola	slovenščina	3. letnik	esej ali spis	Krško
S20-PI-slo-4-SG-E-2016_2017-30512-12.txt	solar4846s	solar4846t	2016/2017	poklicna šola	slovenščina	4. letnik	esej ali spis	Slovenj Gradec
KUS-G-slo-4-LJ-E-2009_2010-11580-12.txt	solar4847s	solar4847t	2009/2010	gimnazija	slovenščina	4. letnik	esej ali spis	Ljubljana
KUS-G-slo-4-LJ-E-2009_2010-11539-12345.txt	solar4848s	solar4848t	2009/2010	gimnazija	slovenščina	4. letnik	esej ali spis	Ljubljana
S20-SI-slo-2-KK-E-2016_2017-22177-0.txt	solar4849s	solar4849t	2016/2017	strokovna šola	slovenščina	2. letnik	esej ali spis	Krško
KUS-PI-slo-1-NM-R-2009_2010-30221-0.txt	solar4850s	solar4850t	2009/2010	poklicna šola	slovenščina	1. letnik	delo v razredu	Novo mesto
KUS-SI-slo-2-NM-E-2009_2010-21541-0.txt	solar4851s	solar4851t	2009/2010	strokovna šola	slovenščina	2. letnik	esej ali spis	Novo mesto
S20-SI-slo-2-KR-E-2017_2018-22669-0.txt	solar4852s	solar4852t	2017/2018	strokovna šola	slovenščina	2. letnik	esej ali spis	Kranj
S20-SI-piz-4-KR-T-2017_2018-22707-0.txt	solar4853s	solar4853t	2017/2018	strokovna šola	podjetništvo in zakonodaja	4. letnik	test	Kranj
KUS-SI-slo-4-KK-T-2009_2010-21693-0.txt	solar4854s	solar4854t	2009/2010	strokovna šola	slovenščina	4. letnik	praktično besedilo	Krško
KUS-SI-soc-2-NM-T-2009_2010-21866-0.txt	solar4855s	solar4855t	2009/2010	strokovna šola	sociologija	2. letnik	test	Novo mesto
S20-SI-slo-4-LJ-E-2016_2017-22124-123.txt	solar4856s	solar4856t	2016/2017	strokovna šola	slovenščina	4. letnik	esej ali spis	Ljubljana
S20-SI-slo-4-LJ-E-2016_2017-21940-12.txt	solar4857s	solar4857t	2016/2017	strokovna šola	slovenščina	4. letnik	esej ali spis	Ljubljana
S20-SI-slo-1-LJ-E-2016_2017-21895-123.txt	solar4858s	solar4858t	2016/2017	strokovna šola	slovenščina	1. letnik	esej ali spis	Ljubljana
S20-OS-slo-9-LJ-E-2017_2018-41262-123.txt	solar4859s	solar4859t	2017/2018	osnovna šola	slovenščina	9. razred	esej ali spis	Ljubljana
S20-SI-slo-4-LJ-E-2016_2017-22122-12.txt	solar4860s	solar4860t	2016/2017	strokovna šola	slovenščina	4. letnik	esej ali spis	Ljubljana
S20-OS-slo-6-KR-D-2016_2017-41052-0.txt	solar4861s	solar4861t	2016/2017	osnovna šola	slovenščina	6. razred	praktično besedilo	Kranj
KUS-SI-slo-4-KK-E-2009_2010-21722-12.txt	solar4862s	solar4862t	2009/2010	strokovna šola	slovenščina	4. letnik	esej ali spis	Krško
S20-SI-slo-2-KR-E-2016_2017-22348-0.txt	solar4863s	solar4863t	2016/2017	strokovna šola	slovenščina	2. letnik	esej ali spis	Kranj
S20-OS-slo-6-LJ-E-2016_2017-40973-0.txt	solar4864s	solar4864t	2016/2017	osnovna šola	slovenščina	6. razred	esej ali spis	Ljubljana
S20-SI-slo-4-KR-D-2016_2017-22504-0.txt	solar4865s	solar4865t	2016/2017	strokovna šola	slovenščina	4. letnik	praktično besedilo	Kranj
KUS-G-slo-4-LJ-T-2009_2010-11521-0.txt	solar4866s	solar4866t	2009/2010	gimnazija	slovenščina	4. letnik	praktično besedilo	Ljubljana
KUS-SI-slo-1-NM-E-2009_2010-21575-0.txt	solar4867s	solar4867t	2009/2010	strokovna šola	slovenščina	1. letnik	esej ali spis	Novo mesto
S20-G-slo-1-LJ-E-2016_2017-11790-12.txt	solar4868s	solar4868t	2016/2017	gimnazija	slovenščina	1. letnik	esej ali spis	Ljubljana
KUS-SI-slo-2-NM-E-2009_2010-21548-0.txt	solar4869s	solar4869t	2009/2010	strokovna šola	slovenščina	2. letnik	esej ali spis	Novo mesto
S20-OS-slo-6-KR-D-2016_2017-41013-0.txt	solar4870s	solar4870t	2016/2017	osnovna šola	slovenščina	6. razred	praktično besedilo	Kranj
S20-PI-slo-1-KK-E-2016_2017-30366-0.txt	solar4871s	solar4871t	2016/2017	poklicna šola	slovenščina	1. letnik	esej ali spis	Krško
S20-SI-slo-4-LJ-E-2016_2017-22147-12.txt	solar4872s	solar4872t	2016/2017	strokovna šola	slovenščina	4. letnik	esej ali spis	Ljubljana
KUS-SI-slo-4-NM-T-2009_2010-21443-0.txt	solar4873s	solar4873t	2009/2010	strokovna šola	slovenščina	4. letnik	praktično besedilo	Novo mesto
S20-SI-slo-3-SG-E-2017_2018-22774-12.txt	solar4874s	solar4874t	2017/2018	strokovna šola	slovenščina	3. letnik	esej ali spis	Slovenj Gradec
KUS-SI-soc-2-NM-T-2009_2010-21758-0.txt	solar4875s	solar4875t	2009/2010	strokovna šola	sociologija	2. letnik	test	Novo mesto
S20-G-slo-1-LJ-E-2016_2017-11799-12.txt	solar4876s	solar4876t	2016/2017	gimnazija	slovenščina	1. letnik	esej ali spis	Ljubljana
S20-SI-slo-1-LJ-E-2016_2017-21883-0.txt	solar4877s	solar4877t	2016/2017	strokovna šola	slovenščina	1. letnik	esej ali spis	Ljubljana
KUS-G-zgo-1-LJ-T-2009_2010-11686-12.txt	solar4878s	solar4878t	2009/2010	gimnazija	zgodovina	1. letnik	test	Ljubljana
S20-SI-slo-4-LJ-PB-2016_2017-22097-0.txt	solar4879s	solar4879t	2016/2017	strokovna šola	slovenščina	4. letnik	praktično besedilo	Ljubljana
KUS-PI-slo-1-NM-R-2009_2010-30208-12.txt	solar4880s	solar4880t	2009/2010	poklicna šola	slovenščina	1. letnik	delo v razredu	Novo mesto
KUS-G-slo-4-LJ-E-2009_2010-11542-123.txt	solar4881s	solar4881t	2009/2010	gimnazija	slovenščina	4. letnik	esej ali spis	Ljubljana
KUS-G-zgo-3-LJ-T-2009_2010-11732-123.txt	solar4882s	solar4882t	2009/2010	gimnazija	zgodovina	3. letnik	test	Ljubljana
S20-G-slo-2-KK-E-2017_2018-11874-0.txt	solar4883s	solar4883t	2017/2018	gimnazija	slovenščina	2. letnik	esej ali spis	Krško
KUS-G-zgo-1-LJ-T-2009_2010-11703-12.txt	solar4884s	solar4884t	2009/2010	gimnazija	zgodovina	1. letnik	test	Ljubljana
S20-SI-slo-1-SG-E-2016_2017-22524-123.txt	solar4885s	solar4885t	2016/2017	strokovna šola	slovenščina	1. letnik	esej ali spis	Slovenj Gradec
S20-SI-slo-4-KK-E-2017_2018-22629-0.txt	solar4886s	solar4886t	2017/2018	strokovna šola	slovenščina	4. letnik	esej ali spis	Krško
S20-PI-slo-2-SG-E-2016_2017-30476-0.txt	solar4887s	solar4887t	2016/2017	poklicna šola	slovenščina	2. letnik	esej ali spis	Slovenj Gradec
S20-OS-slo-6-KR-D-2016_2017-41060-0.txt	solar4888s	solar4888t	2016/2017	osnovna šola	slovenščina	6. razred	praktično besedilo	Kranj
S20-SI-slo-2-LJ-PB-2017_2018-22615-0.txt	solar4889s	solar4889t	2017/2018	strokovna šola	slovenščina	2. letnik	praktično besedilo	Ljubljana
S20-SI-slo-4-LJ-PB-2016_2017-21949-0.txt	solar4890s	solar4890t	2016/2017	strokovna šola	slovenščina	4. letnik	praktično besedilo	Ljubljana
KUS-OS-slo-9-GO-R-2009_2010-40729-0.txt	solar4891s	solar4891t	2009/2010	osnovna šola	slovenščina	9. razred	delo v razredu	Gorica
KUS-SI-slo-3-NM-R-2009_2010-21398-0.txt	solar4892s	solar4892t	2009/2010	strokovna šola	slovenščina	3. letnik	delo v razredu	Novo mesto
S20-SI-slo-4-LJ-PB-2016_2017-22086-0.txt	solar4893s	solar4893t	2016/2017	strokovna šola	slovenščina	4. letnik	praktično besedilo	Ljubljana
KUS-SI-soc-2-NM-T-2009_2010-21802-0.txt	solar4894s	solar4894t	2009/2010	strokovna šola	sociologija	2. letnik	test	Novo mesto
KUS-SI-slo-4-NM-E-2009_2010-21515-0.txt	solar4895s	solar4895t	2009/2010	strokovna šola	slovenščina	4. letnik	esej ali spis	Novo mesto
S20-OS-slo-6-KR-PB-2016_2017-41036-0.txt	solar4896s	solar4896t	2016/2017	osnovna šola	slovenščina	6. razred	praktično besedilo	Kranj
KUS-PI-slo-1-NM-R-2009_2010-30218-0.txt	solar4897s	solar4897t	2009/2010	poklicna šola	slovenščina	1. letnik	delo v razredu	Novo mesto
KUS-PI-slo-1-NM-R-2009_2010-30225-0.txt	solar4898s	solar4898t	2009/2010	poklicna šola	slovenščina	1. letnik	delo v razredu	Novo mesto
KUS-PI-slo-2-KK-T-2009_2010-30325-0.txt	solar4899s	solar4899t	2009/2010	poklicna šola	slovenščina	2. letnik	praktično besedilo	Krško
S20-SI-slo-4-LJ-PB-2016_2017-22069-0.txt	solar4900s	solar4900t	2016/2017	strokovna šola	slovenščina	4. letnik	praktično besedilo	Ljubljana
KUS-G-zgo-3-LJ-T-2009_2010-11730-123.txt	solar4901s	solar4901t	2009/2010	gimnazija	zgodovina	3. letnik	test	Ljubljana
S20-NN-slo-4-KK-E-2016_2017-50023-0.txt	solar4902s	solar4902t	2016/2017	neznano	slovenščina	4. letnik	esej ali spis	Krško
KUS-OS-slo-9-GO-R-2009_2010-40721-0.txt	solar4903s	solar4903t	2009/2010	osnovna šola	slovenščina	9. razred	delo v razredu	Gorica
S20-OS-ods-6-LJ-E-2016_2017-40918-12.txt	solar4904s	solar4904t	2016/2017	osnovna šola	drugo	6. razred	esej ali spis	Ljubljana
S20-PI-slo-1-KK-E-2016_2017-30352-12.txt	solar4905s	solar4905t	2016/2017	poklicna šola	slovenščina	1. letnik	esej ali spis	Krško
KUS-SI-slo-4-NM-R-2009_2010-21497-0.txt	solar4906s	solar4906t	2009/2010	strokovna šola	slovenščina	4. letnik	delo v razredu	Novo mesto
S20-SI-gnp-2-KR-T-2016_2017-22382-0.txt	solar4907s	solar4907t	2016/2017	strokovna šola	gostinsko poslovanje	2. letnik	test	Kranj
S20-PI-slo-1-KK-E-2016_2017-30356-0.txt	solar4908s	solar4908t	2016/2017	poklicna šola	slovenščina	1. letnik	esej ali spis	Krško
KUS-OS-slo-9-KR-T-2009_2010-40646-0.txt	solar4909s	solar4909t	2009/2010	osnovna šola	slovenščina	9. razred	test	Kranj
KUS-G-slo-4-LJ-E-2009_2010-11562-12.txt	solar4910s	solar4910t	2009/2010	gimnazija	slovenščina	4. letnik	esej ali spis	Ljubljana
KUS-SI-slo-4-NM-T-2009_2010-21441-0.txt	solar4911s	solar4911t	2009/2010	strokovna šola	slovenščina	4. letnik	praktično besedilo	Novo mesto
S20-G-slo-1-LJ-E-2016_2017-11796-12.txt	solar4912s	solar4912t	2016/2017	gimnazija	slovenščina	1. letnik	esej ali spis	Ljubljana
S20-OS-slo-9-PO-R-2016_2017-41100-0.txt	solar4913s	solar4913t	2016/2017	osnovna šola	slovenščina	9. razred	delo v razredu	Postojna
S20-OS-gos-6-CE-E-2016_2017-40866-N.txt	solar4914s	solar4914t	2016/2017	osnovna šola	gospodinjstvo	6. razred	esej ali spis	Celje
KUS-G-slo-4-LJ-T-2009_2010-11531-0.txt	solar4915s	solar4915t	2009/2010	gimnazija	slovenščina	4. letnik	praktično besedilo	Ljubljana
S20-OS-slo-6-KR-PB-2016_2017-41035-0.txt	solar4916s	solar4916t	2016/2017	osnovna šola	slovenščina	6. razred	praktično besedilo	Kranj
S20-G-slo-1-LJ-E-2016_2017-11787-12.txt	solar4917s	solar4917t	2016/2017	gimnazija	slovenščina	1. letnik	esej ali spis	Ljubljana
KUS-OS-slo-8-KP-E-2009_2010-40680-12.txt	solar4918s	solar4918t	2009/2010	osnovna šola	slovenščina	8. razred	esej ali spis	Koper
KUS-SI-slo-4-KK-T-2009_2010-21703-0.txt	solar4919s	solar4919t	2009/2010	strokovna šola	slovenščina	4. letnik	praktično besedilo	Krško
S20-SI-slo-3-KK-E-2016_2017-22235-0.txt	solar4920s	solar4920t	2016/2017	strokovna šola	slovenščina	3. letnik	esej ali spis	Krško
S20-SI-slo-4-LJ-E-2016_2017-21929-123.txt	solar4921s	solar4921t	2016/2017	strokovna šola	slovenščina	4. letnik	esej ali spis	Ljubljana
S20-SI-slo-3-KK-E-2016_2017-22270-0.txt	solar4922s	solar4922t	2016/2017	strokovna šola	slovenščina	3. letnik	esej ali spis	Krško
S20-OS-slo-6-KR-PB-2016_2017-41026-0.txt	solar4923s	solar4923t	2016/2017	osnovna šola	slovenščina	6. razred	praktično besedilo	Kranj
S20-SI-slo-4-LJ-PB-2016_2017-22048-0.txt	solar4924s	solar4924t	2016/2017	strokovna šola	slovenščina	4. letnik	praktično besedilo	Ljubljana
KUS-G-zgo-2-LJ-T-2009_2010-11718-12.txt	solar4925s	solar4925t	2009/2010	gimnazija	zgodovina	2. letnik	test	Ljubljana
KUS-SI-soc-2-NM-T-2009_2010-21761-0.txt	solar4926s	solar4926t	2009/2010	strokovna šola	sociologija	2. letnik	test	Novo mesto
KUS-SI-slo-1-NM-E-2009_2010-21596-12.txt	solar4927s	solar4927t	2009/2010	strokovna šola	slovenščina	1. letnik	esej ali spis	Novo mesto
KUS-PI-slo-1-KK-T-2009_2010-30349-12.txt	solar4928s	solar4928t	2009/2010	poklicna šola	slovenščina	1. letnik	test	Krško
S20-SI-slo-4-SG-E-2017_2018-22736-0.txt	solar4929s	solar4929t	2017/2018	strokovna šola	slovenščina	4. letnik	esej ali spis	Slovenj Gradec
KUS-PI-slo-1-NM-R-2009_2010-30196-0.txt	solar4930s	solar4930t	2009/2010	poklicna šola	slovenščina	1. letnik	delo v razredu	Novo mesto
KUS-PI-slo-2-NM-E-2009_2010-30296-12.txt	solar4931s	solar4931t	2009/2010	poklicna šola	slovenščina	2. letnik	esej ali spis	Novo mesto
KUS-G-slo-2-LJ-R-2009_2010-11601-0.txt	solar4932s	solar4932t	2009/2010	gimnazija	slovenščina	2. letnik	delo v razredu	Ljubljana
KUS-OS-slo-8-NM-E-2009_2010-40747-12.txt	solar4933s	solar4933t	2009/2010	osnovna šola	slovenščina	8. razred	esej ali spis	Novo mesto
KUS-PI-slo-1-NM-R-2009_2010-30228-0.txt	solar4934s	solar4934t	2009/2010	poklicna šola	slovenščina	1. letnik	delo v razredu	Novo mesto
S20-SI-slo-4-LJ-PB-2016_2017-22047-0.txt	solar4935s	solar4935t	2016/2017	strokovna šola	slovenščina	4. letnik	praktično besedilo	Ljubljana
KUS-OS-slo-7-KP-E-2009_2010-40661-12.txt	solar4936s	solar4936t	2009/2010	osnovna šola	slovenščina	7. razred	esej ali spis	Koper
S20-OS-ods-6-LJ-E-2016_2017-40920-0.txt	solar4937s	solar4937t	2016/2017	osnovna šola	drugo	6. razred	esej ali spis	Ljubljana
S20-OS-slo-8-LJ-E-2017_2018-41247-0.txt	solar4938s	solar4938t	2017/2018	osnovna šola	slovenščina	8. razred	esej ali spis	Ljubljana
KUS-OS-slo-7-KP-E-2009_2010-40660-12.txt	solar4939s	solar4939t	2009/2010	osnovna šola	slovenščina	7. razred	esej ali spis	Koper
KUS-SI-slo-1-NM-E-2009_2010-21586-0.txt	solar4940s	solar4940t	2009/2010	strokovna šola	slovenščina	1. letnik	esej ali spis	Novo mesto
KUS-SI-slo-4-NM-E-2009_2010-21527-12.txt	solar4941s	solar4941t	2009/2010	strokovna šola	slovenščina	4. letnik	esej ali spis	Novo mesto
KUS-G-slo-2-LJ-R-2009_2010-11587-0.txt	solar4942s	solar4942t	2009/2010	gimnazija	slovenščina	2. letnik	delo v razredu	Ljubljana
KUS-PI-slo-1-NM-R-2009_2010-30230-0.txt	solar4943s	solar4943t	2009/2010	poklicna šola	slovenščina	1. letnik	delo v razredu	Novo mesto
S20-PI-slo-2-SG-E-2016_2017-30490-0.txt	solar4944s	solar4944t	2016/2017	poklicna šola	slovenščina	2. letnik	esej ali spis	Slovenj Gradec
S20-SI-slo-4-KR-D-2016_2017-22493-0.txt	solar4945s	solar4945t	2016/2017	strokovna šola	slovenščina	4. letnik	praktično besedilo	Kranj
KUS-SI-slo-4-KK-T-2009_2010-21706-0.txt	solar4946s	solar4946t	2009/2010	strokovna šola	slovenščina	4. letnik	praktično besedilo	Krško
S20-PI-slo-2-SG-D-2016_2017-30482-0.txt	solar4947s	solar4947t	2016/2017	poklicna šola	slovenščina	2. letnik	test	Slovenj Gradec
KUS-OS-slo-7-GO-R-2009_2010-40697-12.txt	solar4948s	solar4948t	2009/2010	osnovna šola	slovenščina	7. razred	delo v razredu	Gorica
S20-PI-slo-4-SG-E-2016_2017-30511-12.txt	solar4949s	solar4949t	2016/2017	poklicna šola	slovenščina	4. letnik	esej ali spis	Slovenj Gradec
S20-PI-slo-1-KK-E-2016_2017-30360-0.txt	solar4950s	solar4950t	2016/2017	poklicna šola	slovenščina	1. letnik	esej ali spis	Krško
S20-PI-slo-4-KK-E-2016_2017-30398-0.txt	solar4951s	solar4951t	2016/2017	poklicna šola	slovenščina	4. letnik	esej ali spis	Krško
KUS-SI-slo-1-NM-E-2009_2010-21582-0.txt	solar4952s	solar4952t	2009/2010	strokovna šola	slovenščina	1. letnik	esej ali spis	Novo mesto
KUS-PI-slo-2-KK-T-2009_2010-30310-0.txt	solar4953s	solar4953t	2009/2010	poklicna šola	slovenščina	2. letnik	praktično besedilo	Krško
S20-SI-geo-2-KR-T-2016_2017-22401-0.txt	solar4954s	solar4954t	2016/2017	strokovna šola	geografija	2. letnik	test	Kranj
KUS-SI-slo-1-NM-R-2009_2010-21344-0.txt	solar4955s	solar4955t	2009/2010	strokovna šola	slovenščina	1. letnik	delo v razredu	Novo mesto
KUS-PI-slo-2-NM-E-2009_2010-30284-12.txt	solar4956s	solar4956t	2009/2010	poklicna šola	slovenščina	2. letnik	esej ali spis	Novo mesto
KUS-OS-slo-9-NM-E-2009_2010-40797-12.txt	solar4957s	solar4957t	2009/2010	osnovna šola	slovenščina	9. razred	esej ali spis	Novo mesto
KUS-SI-slo-2-NM-E-2009_2010-21607-0.txt	solar4958s	solar4958t	2009/2010	strokovna šola	slovenščina	2. letnik	esej ali spis	Novo mesto
S20-PI-slo-4-SG-E-2016_2017-30500-12.txt	solar4959s	solar4959t	2016/2017	poklicna šola	slovenščina	4. letnik	esej ali spis	Slovenj Gradec
S20-SI-slo-3-SG-E-2016_2017-22580-12.txt	solar4960s	solar4960t	2016/2017	strokovna šola	slovenščina	3. letnik	esej ali spis	Slovenj Gradec
S20-SI-slo-3-KK-E-2016_2017-22224-12.txt	solar4961s	solar4961t	2016/2017	strokovna šola	slovenščina	3. letnik	esej ali spis	Krško
S20-SI-slo-4-SG-E-2017_2018-22743-12.txt	solar4962s	solar4962t	2017/2018	strokovna šola	slovenščina	4. letnik	esej ali spis	Slovenj Gradec
S20-PI-slo-1-KK-E-2016_2017-30373-0.txt	solar4963s	solar4963t	2016/2017	poklicna šola	slovenščina	1. letnik	esej ali spis	Krško
S20-SI-slo-4-LJ-PB-2016_2017-22090-0.txt	solar4964s	solar4964t	2016/2017	strokovna šola	slovenščina	4. letnik	praktično besedilo	Ljubljana
S20-SI-slo-2-SG-E-2016_2017-22557-12.txt	solar4965s	solar4965t	2016/2017	strokovna šola	slovenščina	2. letnik	esej ali spis	Slovenj Gradec
KUS-OS-slo-9-KR-T-2009_2010-40648-0.txt	solar4966s	solar4966t	2009/2010	osnovna šola	slovenščina	9. razred	test	Kranj
S20-SI-slo-4-LJ-PB-2016_2017-21946-0.txt	solar4967s	solar4967t	2016/2017	strokovna šola	slovenščina	4. letnik	praktično besedilo	Ljubljana
S20-PI-slo-5-SG-E-2016_2017-30520-0.txt	solar4968s	solar4968t	2016/2017	poklicna šola	slovenščina	5. letnik	esej ali spis	Slovenj Gradec
KUS-OS-slo-8-KP-E-2009_2010-40683-12.txt	solar4969s	solar4969t	2009/2010	osnovna šola	slovenščina	8. razred	esej ali spis	Koper
KUS-SI-slo-3-NM-R-2009_2010-21385-0.txt	solar4970s	solar4970t	2009/2010	strokovna šola	slovenščina	3. letnik	delo v razredu	Novo mesto
KUS-G-slo-2-GO-T-2009_2010-11666-0.txt	solar4971s	solar4971t	2009/2010	gimnazija	slovenščina	2. letnik	praktično besedilo	Gorica
S20-OS-bio-9-LJ-E-2016_2017-40942-0.txt	solar4972s	solar4972t	2016/2017	osnovna šola	biologija	9. razred	esej ali spis	Ljubljana
S20-SI-slo-3-KK-E-2016_2017-22222-0.txt	solar4973s	solar4973t	2016/2017	strokovna šola	slovenščina	3. letnik	esej ali spis	Krško
S20-SI-slo-3-KK-E-2017_2018-22668-0.txt	solar4974s	solar4974t	2017/2018	strokovna šola	slovenščina	3. letnik	esej ali spis	Krško
S20-OS-slo-9-CE-D-2016_2017-40896-12.txt	solar4975s	solar4975t	2016/2017	osnovna šola	slovenščina	9. razred	esej ali spis	Celje
S20-SI-slo-4-LJ-PB-2016_2017-21957-0.txt	solar4976s	solar4976t	2016/2017	strokovna šola	slovenščina	4. letnik	praktično besedilo	Ljubljana
S20-OS-ods-6-LJ-E-2016_2017-40930-0.txt	solar4977s	solar4977t	2016/2017	osnovna šola	drugo	6. razred	esej ali spis	Ljubljana
S20-SI-slo-3-KR-E-2017_2018-22424-0.txt	solar4978s	solar4978t	2017/2018	strokovna šola	slovenščina	3. letnik	esej ali spis	Kranj
S20-NN-slo-3-KK-E-2016_2017-50002-0.txt	solar4979s	solar4979t	2016/2017	neznano	slovenščina	3. letnik	esej ali spis	Krško
S20-SI-slo-4-KR-D-2016_2017-22502-0.txt	solar4980s	solar4980t	2016/2017	strokovna šola	slovenščina	4. letnik	praktično besedilo	Kranj
S20-SI-slo-2-KK-E-2016_2017-22183-0.txt	solar4981s	solar4981t	2016/2017	strokovna šola	slovenščina	2. letnik	esej ali spis	Krško
KUS-SI-slo-4-KK-T-2009_2010-21661-0.txt	solar4982s	solar4982t	2009/2010	strokovna šola	slovenščina	4. letnik	praktično besedilo	Krško
S20-G-slo-1-LJ-E-2016_2017-11801-12.txt	solar4983s	solar4983t	2016/2017	gimnazija	slovenščina	1. letnik	esej ali spis	Ljubljana
S20-SI-slo-3-KK-E-2017_2018-22663-0.txt	solar4984s	solar4984t	2017/2018	strokovna šola	slovenščina	3. letnik	esej ali spis	Krško
KUS-OS-slo-8-KR-E-2009_2010-40639-0.txt	solar4985s	solar4985t	2009/2010	osnovna šola	slovenščina	8. razred	esej ali spis	Kranj
S20-SI-oti-2-KR-T-2016_2017-22371-0.txt	solar4986s	solar4986t	2016/2017	strokovna šola	obdelava turističnih informacij	2. letnik	test	Kranj
S20-SI-slo-2-SG-E-2016_2017-22560-12.txt	solar4987s	solar4987t	2016/2017	strokovna šola	slovenščina	2. letnik	esej ali spis	Slovenj Gradec
S20-G-slo-4-KK-E-2016_2017-11830-12.txt	solar4988s	solar4988t	2016/2017	gimnazija	slovenščina	4. letnik	esej ali spis	Krško
S20-OS-slo-6-KR-D-2016_2017-41068-0.txt	solar4989s	solar4989t	2016/2017	osnovna šola	slovenščina	6. razred	praktično besedilo	Kranj
KUS-G-slo-4-LJ-E-2009_2010-11556-123.txt	solar4990s	solar4990t	2009/2010	gimnazija	slovenščina	4. letnik	esej ali spis	Ljubljana
KUS-SI-slo-4-NM-T-2009_2010-21482-0.txt	solar4991s	solar4991t	2009/2010	strokovna šola	slovenščina	4. letnik	praktično besedilo	Novo mesto
S20-SI-slo-2-KR-E-2016_2017-22354-0.txt	solar4992s	solar4992t	2016/2017	strokovna šola	slovenščina	2. letnik	esej ali spis	Kranj
KUS-OS-slo-7-GO-R-2009_2010-40700-12.txt	solar4993s	solar4993t	2009/2010	osnovna šola	slovenščina	7. razred	delo v razredu	Gorica
KUS-PI-slo-1-NM-E-2009_2010-30301-0.txt	solar4994s	solar4994t	2009/2010	poklicna šola	slovenščina	1. letnik	esej ali spis	Novo mesto
KUS-G-slo-2-GO-T-2009_2010-11640-0.txt	solar4995s	solar4995t	2009/2010	gimnazija	slovenščina	2. letnik	praktično besedilo	Gorica
S20-G-slo-2-KK-E-2017_2018-11881-0.txt	solar4996s	solar4996t	2017/2018	gimnazija	slovenščina	2. letnik	esej ali spis	Krško
S20-SI-slo-4-KR-E-2016_2017-22464-0.txt	solar4997s	solar4997t	2016/2017	strokovna šola	slovenščina	4. letnik	esej ali spis	Kranj
KUS-OS-slo-8-NM-E-2009_2010-40739-12.txt	solar4998s	solar4998t	2009/2010	osnovna šola	slovenščina	8. razred	esej ali spis	Novo mesto
S20-SI-slo-3-KK-E-2016_2017-22298-0.txt	solar4999s	solar4999t	2016/2017	strokovna šola	slovenščina	3. letnik	esej ali spis	Krško
KUS-SI-slo-4-KK-T-2009_2010-21700-0.txt	solar5000s	solar5000t	2009/2010	strokovna šola	slovenščina	4. letnik	praktično besedilo	Krško
S20-OS-slo-8-PO-T-2016_2017-40958-0.txt	solar5001s	solar5001t	2016/2017	osnovna šola	slovenščina	8. razred	praktično besedilo	Postojna
KUS-SI-soc-2-NM-T-2009_2010-21796-0.txt	solar5002s	solar5002t	2009/2010	strokovna šola	sociologija	2. letnik	test	Novo mesto
S20-SI-slo-4-KK-E-2017_2018-22628-0.txt	solar5003s	solar5003t	2017/2018	strokovna šola	slovenščina	4. letnik	esej ali spis	Krško
S20-SI-oti-2-KR-T-2016_2017-22360-0.txt	solar5004s	solar5004t	2016/2017	strokovna šola	obdelava turističnih informacij	2. letnik	test	Kranj
KUS-SI-soc-2-NM-T-2009_2010-21834-0.txt	solar5005s	solar5005t	2009/2010	strokovna šola	sociologija	2. letnik	test	Novo mesto
KUS-SI-slo-3-LJ-E-2009_2010-21649-0.txt	solar5006s	solar5006t	2009/2010	strokovna šola	slovenščina	3. letnik	esej ali spis	Ljubljana
S20-SI-slo-3-KK-D-2016_2017-22197-0.txt	solar5007s	solar5007t	2016/2017	strokovna šola	slovenščina	3. letnik	praktično besedilo	Krško
S20-SI-slo-4-LJ-PB-2016_2017-22049-0.txt	solar5008s	solar5008t	2016/2017	strokovna šola	slovenščina	4. letnik	praktično besedilo	Ljubljana
S20-SI-slo-1-SG-E-2016_2017-22522-0.txt	solar5009s	solar5009t	2016/2017	strokovna šola	slovenščina	1. letnik	esej ali spis	Slovenj Gradec
S20-SI-slo-4-SG-E-2016_2017-22599-12.txt	solar5010s	solar5010t	2016/2017	strokovna šola	slovenščina	4. letnik	esej ali spis	Slovenj Gradec
KUS-OS-slo-9-NM-R-2009_2010-40811-0.txt	solar5011s	solar5011t	2009/2010	osnovna šola	slovenščina	9. razred	delo v razredu	Novo mesto
S20-OS-slo-7-KR-D-2016_2017-41073-0.txt	solar5012s	solar5012t	2016/2017	osnovna šola	slovenščina	7. razred	praktično besedilo	Kranj
S20-G-slo-1-LJ-E-2016_2017-11736-12.txt	solar5013s	solar5013t	2016/2017	gimnazija	slovenščina	1. letnik	esej ali spis	Ljubljana
S20-SI-slo-3-KR-E-2017_2018-22691-0.txt	solar5014s	solar5014t	2017/2018	strokovna šola	slovenščina	3. letnik	esej ali spis	Kranj
KUS-SI-slo-4-NM-E-2009_2010-21518-12.txt	solar5015s	solar5015t	2009/2010	strokovna šola	slovenščina	4. letnik	esej ali spis	Novo mesto
KUS-SI-slo-2-NM-R-2009_2010-21368-0.txt	solar5016s	solar5016t	2009/2010	strokovna šola	slovenščina	2. letnik	delo v razredu	Novo mesto
S20-G-slo-4-KK-E-2016_2017-11822-12.txt	solar5017s	solar5017t	2016/2017	gimnazija	slovenščina	4. letnik	esej ali spis	Krško
KUS-PI-slo-2-NM-R-2009_2010-30272-0.txt	solar5018s	solar5018t	2009/2010	poklicna šola	slovenščina	2. letnik	delo v razredu	Novo mesto
S20-NN-slo-3-KK-E-2016_2017-50006-0.txt	solar5019s	solar5019t	2016/2017	neznano	slovenščina	3. letnik	esej ali spis	Krško
S20-SI-slo-4-LJ-E-2016_2017-22025-123.txt	solar5020s	solar5020t	2016/2017	strokovna šola	slovenščina	4. letnik	esej ali spis	Ljubljana
KUS-G-slo-4-LJ-E-2009_2010-11575-12.txt	solar5021s	solar5021t	2009/2010	gimnazija	slovenščina	4. letnik	esej ali spis	Ljubljana
S20-SI-slo-1-SG-E-2017_2018-22535-12.txt	solar5022s	solar5022t	2017/2018	strokovna šola	slovenščina	1. letnik	esej ali spis	Slovenj Gradec
KUS-G-slo-4-LJ-E-2009_2010-11568-0.txt	solar5023s	solar5023t	2009/2010	gimnazija	slovenščina	4. letnik	esej ali spis	Ljubljana
S20-PI-slo-4-SG-E-2016_2017-30506-12.txt	solar5024s	solar5024t	2016/2017	poklicna šola	slovenščina	4. letnik	esej ali spis	Slovenj Gradec
KUS-G-slo-4-GO-E-2009_2010-11614-1234.txt	solar5025s	solar5025t	2009/2010	gimnazija	slovenščina	4. letnik	esej ali spis	Gorica
KUS-OS-slo-7-KR-R-2009_2010-40631-0.txt	solar5026s	solar5026t	2009/2010	osnovna šola	slovenščina	7. razred	delo v razredu	Kranj
KUS-SI-slo-1-NM-R-2009_2010-21357-12.txt	solar5027s	solar5027t	2009/2010	strokovna šola	slovenščina	1. letnik	delo v razredu	Novo mesto
KUS-SI-slo-2-NM-R-2009_2010-21366-0.txt	solar5028s	solar5028t	2009/2010	strokovna šola	slovenščina	2. letnik	delo v razredu	Novo mesto
KUS-PI-slo-2-NM-E-2009_2010-30289-12.txt	solar5029s	solar5029t	2009/2010	poklicna šola	slovenščina	2. letnik	esej ali spis	Novo mesto
KUS-SI-soc-2-NM-T-2009_2010-21828-0.txt	solar5030s	solar5030t	2009/2010	strokovna šola	sociologija	2. letnik	test	Novo mesto
S20-G-slo-2-LJ-PB-2017_2018-11856-0.txt	solar5031s	solar5031t	2017/2018	gimnazija	slovenščina	2. letnik	praktično besedilo	Ljubljana
KUS-PI-slo-1-NM-R-2009_2010-30216-0.txt	solar5032s	solar5032t	2009/2010	poklicna šola	slovenščina	1. letnik	delo v razredu	Novo mesto
S20-OS-slo-6-KR-PB-2016_2017-41028-0.txt	solar5033s	solar5033t	2016/2017	osnovna šola	slovenščina	6. razred	praktično besedilo	Kranj
S20-SI-slo-3-KK-E-2016_2017-22306-12.txt	solar5034s	solar5034t	2016/2017	strokovna šola	slovenščina	3. letnik	esej ali spis	Krško
S20-NN-slo-3-KK-E-2016_2017-50008-0.txt	solar5035s	solar5035t	2016/2017	neznano	slovenščina	3. letnik	esej ali spis	Krško
KUS-SI-soc-2-NM-T-2009_2010-21788-0.txt	solar5036s	solar5036t	2009/2010	strokovna šola	sociologija	2. letnik	test	Novo mesto
KUS-SI-slo-2-NM-E-2009_2010-21549-0.txt	solar5037s	solar5037t	2009/2010	strokovna šola	slovenščina	2. letnik	esej ali spis	Novo mesto
S20-SI-slo-3-KK-D-2016_2017-22200-0.txt	solar5038s	solar5038t	2016/2017	strokovna šola	slovenščina	3. letnik	praktično besedilo	Krško
S20-OS-slo-9-CE-D-2016_2017-40872-0.txt	solar5039s	solar5039t	2016/2017	osnovna šola	slovenščina	9. razred	praktično besedilo	Celje
KUS-PI-slo-1-NM-R-2009_2010-30232-0.txt	solar5040s	solar5040t	2009/2010	poklicna šola	slovenščina	1. letnik	delo v razredu	Novo mesto
S20-OS-slo-6-LJ-E-2017_2018-41205-12.txt	solar5041s	solar5041t	2017/2018	osnovna šola	slovenščina	6. razred	esej ali spis	Ljubljana
S20-G-slo-4-LJ-PB-2017_2018-11846-0.txt	solar5042s	solar5042t	2017/2018	gimnazija	slovenščina	4. letnik	praktično besedilo	Ljubljana
S20-SI-slo-3-KK-E-2017_2018-22666-0.txt	solar5043s	solar5043t	2017/2018	strokovna šola	slovenščina	3. letnik	esej ali spis	Krško
S20-SI-slo-4-LJ-E-2016_2017-22109-12.txt	solar5044s	solar5044t	2016/2017	strokovna šola	slovenščina	4. letnik	esej ali spis	Ljubljana
S20-OS-slo-8-LJ-PB-2016_2017-41003-0.txt	solar5045s	solar5045t	2016/2017	osnovna šola	slovenščina	8. razred	praktično besedilo	Ljubljana
KUS-PI-slo-1-NM-E-2009_2010-30306-0.txt	solar5046s	solar5046t	2009/2010	poklicna šola	slovenščina	1. letnik	esej ali spis	Novo mesto
S20-OS-ods-6-LJ-E-2016_2017-40922-0.txt	solar5047s	solar5047t	2016/2017	osnovna šola	drugo	6. razred	esej ali spis	Ljubljana
S20-SI-slo-4-LJ-PB-2016_2017-22059-0.txt	solar5048s	solar5048t	2016/2017	strokovna šola	slovenščina	4. letnik	praktično besedilo	Ljubljana
KUS-SI-slo-2-NM-E-2009_2010-21572-12.txt	solar5049s	solar5049t	2009/2010	strokovna šola	slovenščina	2. letnik	esej ali spis	Novo mesto
S20-OS-slo-7-PO-R-2016_2017-41096-0.txt	solar5050s	solar5050t	2016/2017	osnovna šola	slovenščina	7. razred	delo v razredu	Postojna
S20-SI-slo-3-KK-D-2016_2017-22202-0.txt	solar5051s	solar5051t	2016/2017	strokovna šola	slovenščina	3. letnik	praktično besedilo	Krško
S20-SI-slo-1-LJ-E-2016_2017-21880-12.txt	solar5052s	solar5052t	2016/2017	strokovna šola	slovenščina	1. letnik	esej ali spis	Ljubljana
S20-SI-slo-3-SG-E-2016_2017-22589-12.txt	solar5053s	solar5053t	2016/2017	strokovna šola	slovenščina	3. letnik	esej ali spis	Slovenj Gradec
KUS-G-slo-2-GO-T-2009_2010-11634-0.txt	solar5054s	solar5054t	2009/2010	gimnazija	slovenščina	2. letnik	praktično besedilo	Gorica
KUS-SI-soc-2-NM-T-2009_2010-21857-0.txt	solar5055s	solar5055t	2009/2010	strokovna šola	sociologija	2. letnik	test	Novo mesto
KUS-SI-soc-2-NM-T-2009_2010-21759-0.txt	solar5056s	solar5056t	2009/2010	strokovna šola	sociologija	2. letnik	test	Novo mesto
S20-SI-slo-3-KK-E-2016_2017-22300-0.txt	solar5057s	solar5057t	2016/2017	strokovna šola	slovenščina	3. letnik	esej ali spis	Krško
S20-SI-zgo-2-KR-T-2016_2017-22393-0.txt	solar5058s	solar5058t	2016/2017	strokovna šola	zgodovina	2. letnik	test	Kranj
KUS-SI-soc-2-NM-T-2009_2010-21744-0.txt	solar5059s	solar5059t	2009/2010	strokovna šola	sociologija	2. letnik	test	Novo mesto
S20-SI-slo-4-LJ-E-2016_2017-22157-12.txt	solar5060s	solar5060t	2016/2017	strokovna šola	slovenščina	4. letnik	esej ali spis	Ljubljana
S20-OS-slo-8-PO-E-2017_2018-41134-12.txt	solar5061s	solar5061t	2017/2018	osnovna šola	slovenščina	8. razred	esej ali spis	Postojna
KUS-OS-slo-9-GO-R-2009_2010-40716-0.txt	solar5062s	solar5062t	2009/2010	osnovna šola	slovenščina	9. razred	delo v razredu	Gorica
S20-OS-slo-7-KR-D-2016_2017-41075-12.txt	solar5063s	solar5063t	2016/2017	osnovna šola	slovenščina	7. razred	praktično besedilo	Kranj
KUS-SI-slo-4-KK-E-2009_2010-21736-123.txt	solar5064s	solar5064t	2009/2010	strokovna šola	slovenščina	4. letnik	esej ali spis	Krško
KUS-SI-slo-4-NM-E-2009_2010-21531-12.txt	solar5065s	solar5065t	2009/2010	strokovna šola	slovenščina	4. letnik	esej ali spis	Novo mesto
S20-SI-slo-4-LJ-E-2016_2017-22171-12.txt	solar5066s	solar5066t	2016/2017	strokovna šola	slovenščina	4. letnik	esej ali spis	Ljubljana
S20-SI-slo-4-LJ-PB-2016_2017-21947-0.txt	solar5067s	solar5067t	2016/2017	strokovna šola	slovenščina	4. letnik	praktično besedilo	Ljubljana
S20-OS-bio-9-LJ-E-2016_2017-40944-0.txt	solar5068s	solar5068t	2016/2017	osnovna šola	biologija	9. razred	esej ali spis	Ljubljana
S20-SI-slo-3-KK-E-2016_2017-22332-0.txt	solar5069s	solar5069t	2016/2017	strokovna šola	slovenščina	3. letnik	esej ali spis	Krško
KUS-SI-slo-2-NM-E-2009_2010-21561-0.txt	solar5070s	solar5070t	2009/2010	strokovna šola	slovenščina	2. letnik	esej ali spis	Novo mesto
KUS-OS-slo-7-GO-R-2009_2010-40703-0.txt	solar5071s	solar5071t	2009/2010	osnovna šola	slovenščina	7. razred	delo v razredu	Gorica
KUS-SI-slo-1-NM-R-2009_2010-21351-12.txt	solar5072s	solar5072t	2009/2010	strokovna šola	slovenščina	1. letnik	delo v razredu	Novo mesto
S20-SI-slo-3-KK-E-2016_2017-22317-0.txt	solar5073s	solar5073t	2016/2017	strokovna šola	slovenščina	3. letnik	esej ali spis	Krško
S20-SI-slo-4-KR-E-2016_2017-22480-0.txt	solar5074s	solar5074t	2016/2017	strokovna šola	slovenščina	4. letnik	esej ali spis	Kranj
S20-G-slo-1-KK-E-2017_2018-11868-0.txt	solar5075s	solar5075t	2017/2018	gimnazija	slovenščina	1. letnik	esej ali spis	Krško
S20-PI-slo-2-SG-D-2016_2017-30483-0.txt	solar5076s	solar5076t	2016/2017	poklicna šola	slovenščina	2. letnik	test	Slovenj Gradec
KUS-G-slo-2-GO-T-2009_2010-11619-0.txt	solar5077s	solar5077t	2009/2010	gimnazija	slovenščina	2. letnik	praktično besedilo	Gorica
KUS-SI-slo-4-NM-T-2009_2010-21436-0.txt	solar5078s	solar5078t	2009/2010	strokovna šola	slovenščina	4. letnik	praktično besedilo	Novo mesto
S20-OS-slo-6-KR-PB-2016_2017-41025-0.txt	solar5079s	solar5079t	2016/2017	osnovna šola	slovenščina	6. razred	praktično besedilo	Kranj
KUS-G-slo-4-LJ-E-2009_2010-11578-12.txt	solar5080s	solar5080t	2009/2010	gimnazija	slovenščina	4. letnik	esej ali spis	Ljubljana
S20-SI-slo-4-LJ-E-2016_2017-22117-123.txt	solar5081s	solar5081t	2016/2017	strokovna šola	slovenščina	4. letnik	esej ali spis	Ljubljana
KUS-SI-slo-2-NM-E-2009_2010-21622-0.txt	solar5082s	solar5082t	2009/2010	strokovna šola	slovenščina	2. letnik	esej ali spis	Novo mesto
S20-SI-slo-4-LJ-PB-2016_2017-22053-0.txt	solar5083s	solar5083t	2016/2017	strokovna šola	slovenščina	4. letnik	praktično besedilo	Ljubljana
S20-OS-slo-8-LJ-PB-2016_2017-41002-0.txt	solar5084s	solar5084t	2016/2017	osnovna šola	slovenščina	8. razred	praktično besedilo	Ljubljana
S20-OS-slo-6-KR-D-2016_2017-41021-0.txt	solar5085s	solar5085t	2016/2017	osnovna šola	slovenščina	6. razred	praktično besedilo	Kranj
S20-G-slo-2-KK-E-2017_2018-11886-0.txt	solar5086s	solar5086t	2017/2018	gimnazija	slovenščina	2. letnik	esej ali spis	Krško
S20-SI-slo-4-KR-E-2016_2017-22491-0.txt	solar5087s	solar5087t	2016/2017	strokovna šola	slovenščina	4. letnik	esej ali spis	Kranj
KUS-PI-slo-2-NM-R-2009_2010-30247-0.txt	solar5088s	solar5088t	2009/2010	poklicna šola	slovenščina	2. letnik	delo v razredu	Novo mesto
KUS-G-zgo-1-LJ-T-2009_2010-11708-12.txt	solar5089s	solar5089t	2009/2010	gimnazija	zgodovina	1. letnik	test	Ljubljana
S20-PI-slo-4-KK-E-2016_2017-30385-0.txt	solar5090s	solar5090t	2016/2017	poklicna šola	slovenščina	4. letnik	esej ali spis	Krško
S20-SI-slo-3-KK-E-2016_2017-22312-12.txt	solar5091s	solar5091t	2016/2017	strokovna šola	slovenščina	3. letnik	esej ali spis	Krško
KUS-SI-soc-2-NM-T-2009_2010-21814-0.txt	solar5092s	solar5092t	2009/2010	strokovna šola	sociologija	2. letnik	test	Novo mesto
S20-OS-slo-6-LJ-E-2017_2018-41203-0.txt	solar5093s	solar5093t	2017/2018	osnovna šola	slovenščina	6. razred	esej ali spis	Ljubljana
KUS-SI-soc-2-NM-T-2009_2010-21794-0.txt	solar5094s	solar5094t	2009/2010	strokovna šola	sociologija	2. letnik	test	Novo mesto
KUS-PI-slo-1-NM-E-2009_2010-30305-0.txt	solar5095s	solar5095t	2009/2010	poklicna šola	slovenščina	1. letnik	esej ali spis	Novo mesto
S20-SI-slo-4-KR-E-2016_2017-22490-0.txt	solar5096s	solar5096t	2016/2017	strokovna šola	slovenščina	4. letnik	esej ali spis	Kranj
KUS-SI-slo-4-NM-R-2009_2010-21415-0.txt	solar5097s	solar5097t	2009/2010	strokovna šola	slovenščina	4. letnik	delo v razredu	Novo mesto
S20-SI-slo-1-SG-D-2016_2017-22533-0.txt	solar5098s	solar5098t	2016/2017	strokovna šola	slovenščina	1. letnik	test	Slovenj Gradec
S20-SI-slo-4-KK-E-2017_2018-22621-12.txt	solar5099s	solar5099t	2017/2018	strokovna šola	slovenščina	4. letnik	esej ali spis	Krško
KUS-G-slo-4-LJ-E-2009_2010-11574-12.txt	solar5100s	solar5100t	2009/2010	gimnazija	slovenščina	4. letnik	esej ali spis	Ljubljana
S20-SI-gnp-2-KR-T-2016_2017-22384-0.txt	solar5101s	solar5101t	2016/2017	strokovna šola	gostinsko poslovanje	2. letnik	test	Kranj
KUS-SI-slo-4-KK-T-2009_2010-21711-0.txt	solar5102s	solar5102t	2009/2010	strokovna šola	slovenščina	4. letnik	praktično besedilo	Krško
S20-OS-slo-6-LJ-E-2016_2017-41147-12.txt	solar5103s	solar5103t	2016/2017	osnovna šola	slovenščina	6. razred	esej ali spis	Ljubljana
S20-PI-slo-1-KK-E-2016_2017-30354-0.txt	solar5104s	solar5104t	2016/2017	poklicna šola	slovenščina	1. letnik	esej ali spis	Krško
KUS-PI-slo-2-NM-R-2009_2010-30255-0.txt	solar5105s	solar5105t	2009/2010	poklicna šola	slovenščina	2. letnik	delo v razredu	Novo mesto
KUS-SI-slo-4-NM-T-2009_2010-21483-0.txt	solar5106s	solar5106t	2009/2010	strokovna šola	slovenščina	4. letnik	test	Novo mesto
S20-SI-kzn-4-KR-T-2016_2017-22509-12.txt	solar5107s	solar5107t	2016/2017	strokovna šola	kakovost v zdravstveni negi	4. letnik	test	Kranj
S20-OS-slo-8-LJ-E-2017_2018-41252-12.txt	solar5108s	solar5108t	2017/2018	osnovna šola	slovenščina	8. razred	esej ali spis	Ljubljana
S20-SI-slo-4-LJ-E-2016_2017-22110-12.txt	solar5109s	solar5109t	2016/2017	strokovna šola	slovenščina	4. letnik	esej ali spis	Ljubljana
KUS-G-slo-4-LJ-T-2009_2010-11517-0.txt	solar5110s	solar5110t	2009/2010	gimnazija	slovenščina	4. letnik	praktično besedilo	Ljubljana
KUS-PI-slo-1-NM-R-2009_2010-30193-0.txt	solar5111s	solar5111t	2009/2010	poklicna šola	slovenščina	1. letnik	delo v razredu	Novo mesto
KUS-SI-slo-4-NM-R-2009_2010-21506-0.txt	solar5112s	solar5112t	2009/2010	strokovna šola	slovenščina	4. letnik	delo v razredu	Novo mesto
KUS-PI-slo-1-NM-R-2009_2010-30233-0.txt	solar5113s	solar5113t	2009/2010	poklicna šola	slovenščina	1. letnik	delo v razredu	Novo mesto
S20-SI-slo-4-LJ-E-2016_2017-22019-12.txt	solar5114s	solar5114t	2016/2017	strokovna šola	slovenščina	4. letnik	esej ali spis	Ljubljana
S20-SI-slo-3-KK-E-2016_2017-22281-0.txt	solar5115s	solar5115t	2016/2017	strokovna šola	slovenščina	3. letnik	esej ali spis	Krško
KUS-G-slo-2-GO-T-2009_2010-11661-0.txt	solar5116s	solar5116t	2009/2010	gimnazija	slovenščina	2. letnik	praktično besedilo	Gorica
S20-NN-slo-4-KK-E-2016_2017-50034-12.txt	solar5117s	solar5117t	2016/2017	neznano	slovenščina	4. letnik	esej ali spis	Krško
KUS-SI-slo-1-NM-E-2009_2010-21583-0.txt	solar5118s	solar5118t	2009/2010	strokovna šola	slovenščina	1. letnik	esej ali spis	Novo mesto
S20-SI-oti-2-KR-T-2016_2017-22366-0.txt	solar5119s	solar5119t	2016/2017	strokovna šola	obdelava turističnih informacij	2. letnik	test	Kranj
S20-G-slo-1-LJ-E-2016_2017-11795-12.txt	solar5120s	solar5120t	2016/2017	gimnazija	slovenščina	1. letnik	esej ali spis	Ljubljana
S20-OS-slo-9-KR-D-2016_2017-41080-0.txt	solar5121s	solar5121t	2016/2017	osnovna šola	slovenščina	9. razred	praktično besedilo	Kranj
S20-SI-slo-3-KK-E-2016_2017-22219-0.txt	solar5122s	solar5122t	2016/2017	strokovna šola	slovenščina	3. letnik	esej ali spis	Krško
KUS-SI-slo-2-NM-R-2009_2010-21381-0.txt	solar5123s	solar5123t	2009/2010	strokovna šola	slovenščina	2. letnik	delo v razredu	Novo mesto
S20-SI-slo-1-SG-E-2017_2018-22548-12.txt	solar5124s	solar5124t	2017/2018	strokovna šola	slovenščina	1. letnik	esej ali spis	Slovenj Gradec
S20-SI-slo-3-SG-E-2016_2017-22573-12.txt	solar5125s	solar5125t	2016/2017	strokovna šola	slovenščina	3. letnik	esej ali spis	Slovenj Gradec
S20-G-slo-4-KK-E-2016_2017-11810-123.txt	solar5126s	solar5126t	2016/2017	gimnazija	slovenščina	4. letnik	esej ali spis	Krško
S20-PI-slo-2-SG-E-2016_2017-30489-0.txt	solar5127s	solar5127t	2016/2017	poklicna šola	slovenščina	2. letnik	esej ali spis	Slovenj Gradec
S20-SI-slo-3-KK-E-2016_2017-22265-0.txt	solar5128s	solar5128t	2016/2017	strokovna šola	slovenščina	3. letnik	esej ali spis	Krško
KUS-OS-slo-9-KK-R-2009_2010-40793-0.txt	solar5129s	solar5129t	2009/2010	osnovna šola	slovenščina	9. razred	delo v razredu	Krško
S20-NN-slo-4-KK-E-2016_2017-50040-0.txt	solar5130s	solar5130t	2016/2017	neznano	slovenščina	4. letnik	esej ali spis	Krško
KUS-SI-slo-4-NM-T-2009_2010-21480-0.txt	solar5131s	solar5131t	2009/2010	strokovna šola	slovenščina	4. letnik	praktično besedilo	Novo mesto
S20-SI-slo-4-LJ-E-2016_2017-22006-123.txt	solar5132s	solar5132t	2016/2017	strokovna šola	slovenščina	4. letnik	esej ali spis	Ljubljana
KUS-G-slo-4-LJ-E-2009_2010-11566-0.txt	solar5133s	solar5133t	2009/2010	gimnazija	slovenščina	4. letnik	esej ali spis	Ljubljana
KUS-SI-soc-2-NM-T-2009_2010-21861-0.txt	solar5134s	solar5134t	2009/2010	strokovna šola	sociologija	2. letnik	test	Novo mesto
S20-SI-slo-2-LJ-PB-2017_2018-22613-0.txt	solar5135s	solar5135t	2017/2018	strokovna šola	slovenščina	2. letnik	praktično besedilo	Ljubljana
S20-SI-slo-4-LJ-E-2016_2017-22154-0.txt	solar5136s	solar5136t	2016/2017	strokovna šola	slovenščina	4. letnik	esej ali spis	Ljubljana
S20-G-slo-1-LJ-PB-2016_2017-11768-0.txt	solar5137s	solar5137t	2016/2017	gimnazija	slovenščina	1. letnik	praktično besedilo	Ljubljana
S20-PI-slo-1-KK-E-2016_2017-30368-0.txt	solar5138s	solar5138t	2016/2017	poklicna šola	slovenščina	1. letnik	esej ali spis	Krško
S20-SI-slo-3-KK-D-2016_2017-22199-0.txt	solar5139s	solar5139t	2016/2017	strokovna šola	slovenščina	3. letnik	praktično besedilo	Krško
S20-G-slo-1-LJ-PB-2016_2017-11777-0.txt	solar5140s	solar5140t	2016/2017	gimnazija	slovenščina	1. letnik	praktično besedilo	Ljubljana
S20-PI-slo-4-KK-E-2016_2017-30419-0.txt	solar5141s	solar5141t	2016/2017	poklicna šola	slovenščina	4. letnik	esej ali spis	Krško
KUS-PI-slo-1-NM-R-2009_2010-30200-0.txt	solar5142s	solar5142t	2009/2010	poklicna šola	slovenščina	1. letnik	delo v razredu	Novo mesto
S20-SI-slo-4-LJ-E-2016_2017-22130-123.txt	solar5143s	solar5143t	2016/2017	strokovna šola	slovenščina	4. letnik	esej ali spis	Ljubljana
S20-SI-slo-4-LJ-PB-2016_2017-21964-0.txt	solar5144s	solar5144t	2016/2017	strokovna šola	slovenščina	4. letnik	praktično besedilo	Ljubljana
KUS-SI-slo-3-NM-R-2009_2010-21383-0.txt	solar5145s	solar5145t	2009/2010	strokovna šola	slovenščina	3. letnik	delo v razredu	Novo mesto
S20-SI-slo-4-LJ-E-2016_2017-22129-12.txt	solar5146s	solar5146t	2016/2017	strokovna šola	slovenščina	4. letnik	esej ali spis	Ljubljana
S20-OS-slo-8-PO-E-2017_2018-41116-0.txt	solar5147s	solar5147t	2017/2018	osnovna šola	slovenščina	8. razred	esej ali spis	Postojna
S20-SI-slo-4-KR-D-2016_2017-22495-0.txt	solar5148s	solar5148t	2016/2017	strokovna šola	slovenščina	4. letnik	praktično besedilo	Kranj
KUS-SI-slo-3-LJ-E-2009_2010-21652-0.txt	solar5149s	solar5149t	2009/2010	strokovna šola	slovenščina	3. letnik	esej ali spis	Ljubljana
S20-G-slo-4-KK-E-2016_2017-11824-12.txt	solar5150s	solar5150t	2016/2017	gimnazija	slovenščina	4. letnik	esej ali spis	Krško
S20-OS-slo-6-KR-PB-2016_2017-41024-0.txt	solar5151s	solar5151t	2016/2017	osnovna šola	slovenščina	6. razred	praktično besedilo	Kranj
S20-SI-pkv-2-KR-T-2016_2017-22379-0.txt	solar5152s	solar5152t	2016/2017	strokovna šola	poslovno komuniciranje in vodenje	2. letnik	test	Kranj
S20-SI-slo-3-SG-E-2017_2018-22765-123.txt	solar5153s	solar5153t	2017/2018	strokovna šola	slovenščina	3. letnik	esej ali spis	Slovenj Gradec
KUS-G-slo-4-LJ-E-2009_2010-11563-0.txt	solar5154s	solar5154t	2009/2010	gimnazija	slovenščina	4. letnik	esej ali spis	Ljubljana
S20-SI-slo-3-KK-D-2016_2017-22191-0.txt	solar5155s	solar5155t	2016/2017	strokovna šola	slovenščina	3. letnik	praktično besedilo	Krško
KUS-SI-soc-2-NM-T-2009_2010-21737-0.txt	solar5156s	solar5156t	2009/2010	strokovna šola	sociologija	2. letnik	test	Novo mesto
KUS-SI-slo-4-KK-T-2009_2010-21662-0.txt	solar5157s	solar5157t	2009/2010	strokovna šola	slovenščina	4. letnik	praktično besedilo	Krško
S20-OS-slo-9-CE-D-2016_2017-40895-12.txt	solar5158s	solar5158t	2016/2017	osnovna šola	slovenščina	9. razred	esej ali spis	Celje
S20-SI-slo-4-KR-E-2017_2018-22700-0.txt	solar5159s	solar5159t	2017/2018	strokovna šola	slovenščina	4. letnik	esej ali spis	Kranj
S20-OS-slo-8-PO-T-2017_2018-41108-0.txt	solar5160s	solar5160t	2017/2018	osnovna šola	slovenščina	8. razred	praktično besedilo	Postojna
S20-SI-slo-4-LJ-PB-2016_2017-22064-0.txt	solar5161s	solar5161t	2016/2017	strokovna šola	slovenščina	4. letnik	praktično besedilo	Ljubljana
KUS-SI-soc-2-NM-T-2009_2010-21747-0.txt	solar5162s	solar5162t	2009/2010	strokovna šola	sociologija	2. letnik	test	Novo mesto
S20-SI-slo-3-KK-E-2016_2017-22321-0.txt	solar5163s	solar5163t	2016/2017	strokovna šola	slovenščina	3. letnik	esej ali spis	Krško
KUS-OS-slo-9-LJ-E-2009_2010-40755-0.txt	solar5164s	solar5164t	2009/2010	osnovna šola	slovenščina	9. razred	esej ali spis	Ljubljana
KUS-SI-slo-4-NM-T-2009_2010-21481-0.txt	solar5165s	solar5165t	2009/2010	strokovna šola	slovenščina	4. letnik	praktično besedilo	Novo mesto
KUS-G-slo-4-GO-E-2009_2010-11613-123.txt	solar5166s	solar5166t	2009/2010	gimnazija	slovenščina	4. letnik	esej ali spis	Gorica
KUS-PI-slo-2-NM-R-2009_2010-30271-0.txt	solar5167s	solar5167t	2009/2010	poklicna šola	slovenščina	2. letnik	delo v razredu	Novo mesto
S20-OS-slo-6-KR-D-2016_2017-41056-0.txt	solar5168s	solar5168t	2016/2017	osnovna šola	slovenščina	6. razred	praktično besedilo	Kranj
S20-SI-slo-3-SG-E-2017_2018-22768-123.txt	solar5169s	solar5169t	2017/2018	strokovna šola	slovenščina	3. letnik	esej ali spis	Slovenj Gradec
KUS-SI-soc-2-NM-T-2009_2010-21797-0.txt	solar5170s	solar5170t	2009/2010	strokovna šola	sociologija	2. letnik	test	Novo mesto
KUS-G-zgo-1-LJ-T-2009_2010-11699-12.txt	solar5171s	solar5171t	2009/2010	gimnazija	zgodovina	1. letnik	test	Ljubljana
KUS-SI-soc-2-NM-T-2009_2010-21864-0.txt	solar5172s	solar5172t	2009/2010	strokovna šola	sociologija	2. letnik	test	Novo mesto
S20-SI-slo-1-SG-E-2016_2017-22523-123.txt	solar5173s	solar5173t	2016/2017	strokovna šola	slovenščina	1. letnik	esej ali spis	Slovenj Gradec
KUS-G-slo-4-LJ-E-2009_2010-11571-12.txt	solar5174s	solar5174t	2009/2010	gimnazija	slovenščina	4. letnik	esej ali spis	Ljubljana
S20-SI-slo-4-LJ-PB-2016_2017-22002-0.txt	solar5175s	solar5175t	2016/2017	strokovna šola	slovenščina	4. letnik	praktično besedilo	Ljubljana
KUS-SI-soc-2-NM-T-2009_2010-21840-0.txt	solar5176s	solar5176t	2009/2010	strokovna šola	sociologija	2. letnik	test	Novo mesto
KUS-SI-slo-4-KK-E-2009_2010-21734-123.txt	solar5177s	solar5177t	2009/2010	strokovna šola	slovenščina	4. letnik	esej ali spis	Krško
S20-SI-slo-3-KK-E-2016_2017-22291-0.txt	solar5178s	solar5178t	2016/2017	strokovna šola	slovenščina	3. letnik	esej ali spis	Krško
KUS-SI-slo-1-NM-R-2009_2010-21346-0.txt	solar5179s	solar5179t	2009/2010	strokovna šola	slovenščina	1. letnik	delo v razredu	Novo mesto
S20-SI-slo-4-LJ-PB-2016_2017-21926-0.txt	solar5180s	solar5180t	2016/2017	strokovna šola	slovenščina	4. letnik	praktično besedilo	Ljubljana
KUS-PI-slo-2-NM-R-2009_2010-30264-0.txt	solar5181s	solar5181t	2009/2010	poklicna šola	slovenščina	2. letnik	delo v razredu	Novo mesto
S20-PI-slo-4-SG-E-2016_2017-30508-12.txt	solar5182s	solar5182t	2016/2017	poklicna šola	slovenščina	4. letnik	esej ali spis	Slovenj Gradec
KUS-SI-slo-2-NM-E-2009_2010-21550-0.txt	solar5183s	solar5183t	2009/2010	strokovna šola	slovenščina	2. letnik	esej ali spis	Novo mesto
S20-OS-slo-9-CE-E-2016_2017-40886-12.txt	solar5184s	solar5184t	2016/2017	osnovna šola	slovenščina	9. razred	esej ali spis	Celje
KUS-G-slo-2-LJ-R-2009_2010-11593-0.txt	solar5185s	solar5185t	2009/2010	gimnazija	slovenščina	2. letnik	delo v razredu	Ljubljana
KUS-SI-slo-4-NM-E-2009_2010-21530-12.txt	solar5186s	solar5186t	2009/2010	strokovna šola	slovenščina	4. letnik	esej ali spis	Novo mesto
S20-G-slo-1-LJ-PB-2016_2017-11764-0.txt	solar5187s	solar5187t	2016/2017	gimnazija	slovenščina	1. letnik	praktično besedilo	Ljubljana
S20-PI-slo-5-SG-E-2017_2018-30539-12.txt	solar5188s	solar5188t	2017/2018	poklicna šola	slovenščina	5. letnik	esej ali spis	Slovenj Gradec
S20-SI-slo-3-SG-E-2017_2018-22720-12.txt	solar5189s	solar5189t	2017/2018	strokovna šola	slovenščina	3. letnik	esej ali spis	Slovenj Gradec
KUS-SI-slo-2-NM-E-2009_2010-21632-0.txt	solar5190s	solar5190t	2009/2010	strokovna šola	slovenščina	2. letnik	esej ali spis	Novo mesto
S20-G-slo-4-KK-E-2016_2017-11816-12.txt	solar5191s	solar5191t	2016/2017	gimnazija	slovenščina	4. letnik	esej ali spis	Krško
KUS-PI-slo-2-NM-E-2009_2010-30299-123.txt	solar5192s	solar5192t	2009/2010	poklicna šola	slovenščina	2. letnik	esej ali spis	Novo mesto
S20-OS-slo-8-PO-E-2017_2018-41117-0.txt	solar5193s	solar5193t	2017/2018	osnovna šola	slovenščina	8. razred	esej ali spis	Postojna
S20-OS-slo-7-PO-E-2017_2018-41101-0.txt	solar5194s	solar5194t	2017/2018	osnovna šola	slovenščina	7. razred	esej ali spis	Postojna
S20-SI-slo-4-LJ-E-2016_2017-22155-12.txt	solar5195s	solar5195t	2016/2017	strokovna šola	slovenščina	4. letnik	esej ali spis	Ljubljana
S20-SI-slo-2-SG-E-2016_2017-22570-123.txt	solar5196s	solar5196t	2016/2017	strokovna šola	slovenščina	2. letnik	esej ali spis	Slovenj Gradec
KUS-PI-slo-2-NM-E-2009_2010-30286-12.txt	solar5197s	solar5197t	2009/2010	poklicna šola	slovenščina	2. letnik	esej ali spis	Novo mesto
S20-SI-slo-3-KK-E-2016_2017-22329-0.txt	solar5198s	solar5198t	2016/2017	strokovna šola	slovenščina	3. letnik	esej ali spis	Krško
S20-SI-slo-4-LJ-PB-2016_2017-21989-0.txt	solar5199s	solar5199t	2016/2017	strokovna šola	slovenščina	4. letnik	praktično besedilo	Ljubljana
S20-OS-slo-8-LJ-E-2016_2017-41172-12.txt	solar5200s	solar5200t	2016/2017	osnovna šola	slovenščina	8. razred	esej ali spis	Ljubljana
KUS-SI-soc-2-NM-T-2009_2010-21793-0.txt	solar5201s	solar5201t	2009/2010	strokovna šola	sociologija	2. letnik	test	Novo mesto
S20-OS-slo-8-LJ-E-2017_2018-41246-123.txt	solar5202s	solar5202t	2017/2018	osnovna šola	slovenščina	8. razred	esej ali spis	Ljubljana
KUS-PI-slo-1-NM-R-2009_2010-30240-0.txt	solar5203s	solar5203t	2009/2010	poklicna šola	slovenščina	1. letnik	delo v razredu	Novo mesto
S20-OS-slo-6-LJ-E-2017_2018-41088-12.txt	solar5204s	solar5204t	2017/2018	osnovna šola	slovenščina	6. razred	esej ali spis	Ljubljana
S20-G-slo-1-LJ-PB-2016_2017-11760-0.txt	solar5205s	solar5205t	2016/2017	gimnazija	slovenščina	1. letnik	praktično besedilo	Ljubljana
KUS-PI-slo-2-NM-R-2009_2010-30265-0.txt	solar5206s	solar5206t	2009/2010	poklicna šola	slovenščina	2. letnik	delo v razredu	Novo mesto
KUS-PI-slo-2-NM-R-2009_2010-30248-0.txt	solar5207s	solar5207t	2009/2010	poklicna šola	slovenščina	2. letnik	delo v razredu	Novo mesto
S20-OS-slo-6-LJ-E-2017_2018-41196-12.txt	solar5208s	solar5208t	2017/2018	osnovna šola	slovenščina	6. razred	esej ali spis	Ljubljana
S20-SI-slo-3-KK-E-2016_2017-22324-0.txt	solar5209s	solar5209t	2016/2017	strokovna šola	slovenščina	3. letnik	esej ali spis	Krško
S20-OS-slo-7-LJ-E-2017_2018-41208-0.txt	solar5210s	solar5210t	2017/2018	osnovna šola	slovenščina	7. razred	esej ali spis	Ljubljana
S20-SI-slo-3-KK-E-2017_2018-22658-0.txt	solar5211s	solar5211t	2017/2018	strokovna šola	slovenščina	3. letnik	esej ali spis	Krško
S20-SI-kzn-4-KR-T-2016_2017-22508-12.txt	solar5212s	solar5212t	2016/2017	strokovna šola	kakovost v zdravstveni negi	4. letnik	test	Kranj
KUS-SI-slo-4-NM-T-2009_2010-21432-0.txt	solar5213s	solar5213t	2009/2010	strokovna šola	slovenščina	4. letnik	praktično besedilo	Novo mesto
S20-SI-slo-2-KR-E-2017_2018-22670-0.txt	solar5214s	solar5214t	2017/2018	strokovna šola	slovenščina	2. letnik	esej ali spis	Kranj
S20-SI-slo-3-KR-E-2017_2018-22428-0.txt	solar5215s	solar5215t	2017/2018	strokovna šola	slovenščina	3. letnik	esej ali spis	Kranj
S20-G-slo-1-LJ-E-2016_2017-11786-12.txt	solar5216s	solar5216t	2016/2017	gimnazija	slovenščina	1. letnik	esej ali spis	Ljubljana
S20-SI-slo-3-SG-E-2016_2017-22577-12.txt	solar5217s	solar5217t	2016/2017	strokovna šola	slovenščina	3. letnik	esej ali spis	Slovenj Gradec
S20-G-slo-2-LJ-PB-2017_2018-11858-0.txt	solar5218s	solar5218t	2017/2018	gimnazija	slovenščina	2. letnik	praktično besedilo	Ljubljana
S20-SI-slo-4-LJ-E-2016_2017-21937-12.txt	solar5219s	solar5219t	2016/2017	strokovna šola	slovenščina	4. letnik	esej ali spis	Ljubljana
KUS-G-slo-2-GO-T-2009_2010-11631-0.txt	solar5220s	solar5220t	2009/2010	gimnazija	slovenščina	2. letnik	praktično besedilo	Gorica
KUS-SI-slo-4-KK-E-2009_2010-21724-12.txt	solar5221s	solar5221t	2009/2010	strokovna šola	slovenščina	4. letnik	esej ali spis	Krško
S20-SI-slo-4-KR-E-2016_2017-22486-0.txt	solar5222s	solar5222t	2016/2017	strokovna šola	slovenščina	4. letnik	esej ali spis	Kranj
KUS-SI-slo-1-NM-E-2009_2010-21603-12.txt	solar5223s	solar5223t	2009/2010	strokovna šola	slovenščina	1. letnik	esej ali spis	Novo mesto
S20-OS-slo-7-KR-D-2016_2017-41074-0.txt	solar5224s	solar5224t	2016/2017	osnovna šola	slovenščina	7. razred	praktično besedilo	Kranj
KUS-SI-soc-2-NM-T-2009_2010-21820-0.txt	solar5225s	solar5225t	2009/2010	strokovna šola	sociologija	2. letnik	test	Novo mesto
S20-SI-slo-3-SG-E-2017_2018-22731-0.txt	solar5226s	solar5226t	2017/2018	strokovna šola	slovenščina	3. letnik	esej ali spis	Slovenj Gradec
S20-SI-slo-3-KK-E-2016_2017-22240-0.txt	solar5227s	solar5227t	2016/2017	strokovna šola	slovenščina	3. letnik	esej ali spis	Krško
S20-SI-slo-3-KK-E-2016_2017-22307-0.txt	solar5228s	solar5228t	2016/2017	strokovna šola	slovenščina	3. letnik	esej ali spis	Krško
S20-SI-slo-2-LJ-PB-2017_2018-22619-0.txt	solar5229s	solar5229t	2017/2018	strokovna šola	slovenščina	2. letnik	praktično besedilo	Ljubljana
S20-OS-slo-7-LJ-E-2017_2018-41220-12.txt	solar5230s	solar5230t	2017/2018	osnovna šola	slovenščina	7. razred	esej ali spis	Ljubljana
KUS-SI-soc-2-NM-T-2009_2010-21777-0.txt	solar5231s	solar5231t	2009/2010	strokovna šola	sociologija	2. letnik	test	Novo mesto
KUS-SI-slo-4-NM-T-2009_2010-21484-0.txt	solar5232s	solar5232t	2009/2010	strokovna šola	slovenščina	4. letnik	test	Novo mesto
S20-PI-slo-4-SG-E-2016_2017-30503-0.txt	solar5233s	solar5233t	2016/2017	poklicna šola	slovenščina	4. letnik	esej ali spis	Slovenj Gradec
S20-PI-slo-4-KK-E-2016_2017-30412-0.txt	solar5234s	solar5234t	2016/2017	poklicna šola	slovenščina	4. letnik	esej ali spis	Krško
S20-NN-slo-4-KK-E-2016_2017-50014-0.txt	solar5235s	solar5235t	2016/2017	neznano	slovenščina	4. letnik	esej ali spis	Krško
S20-SI-slo-3-SG-E-2017_2018-22762-12.txt	solar5236s	solar5236t	2017/2018	strokovna šola	slovenščina	3. letnik	esej ali spis	Slovenj Gradec
KUS-OS-slo-7-KR-R-2009_2010-40637-0.txt	solar5237s	solar5237t	2009/2010	osnovna šola	slovenščina	7. razred	delo v razredu	Kranj
S20-SI-slo-3-KR-E-2016_2017-22475-0.txt	solar5238s	solar5238t	2016/2017	strokovna šola	slovenščina	3. letnik	esej ali spis	Kranj
S20-OS-slo-6-KR-D-2016_2017-41005-0.txt	solar5239s	solar5239t	2016/2017	osnovna šola	slovenščina	6. razred	praktično besedilo	Kranj
KUS-G-slo-2-GO-T-2009_2010-11653-0.txt	solar5240s	solar5240t	2009/2010	gimnazija	slovenščina	2. letnik	praktično besedilo	Gorica
S20-SI-slo-4-LJ-PB-2016_2017-22088-0.txt	solar5241s	solar5241t	2016/2017	strokovna šola	slovenščina	4. letnik	praktično besedilo	Ljubljana
KUS-SI-soc-2-NM-T-2009_2010-21844-0.txt	solar5242s	solar5242t	2009/2010	strokovna šola	sociologija	2. letnik	test	Novo mesto
S20-SI-pkv-2-KR-T-2016_2017-22375-0.txt	solar5243s	solar5243t	2016/2017	strokovna šola	poslovno komuniciranje in vodenje	2. letnik	test	Kranj
S20-SI-anf-2-KR-T-2016_2017-22468-0.txt	solar5244s	solar5244t	2016/2017	strokovna šola	anatomija in fiziologija	2. letnik	test	Kranj
S20-NN-slo-4-KK-E-2016_2017-50036-0.txt	solar5245s	solar5245t	2016/2017	neznano	slovenščina	4. letnik	esej ali spis	Krško
S20-SI-slo-3-KK-E-2016_2017-22338-0.txt	solar5246s	solar5246t	2016/2017	strokovna šola	slovenščina	3. letnik	esej ali spis	Krško
KUS-OS-slo-9-NM-R-2009_2010-40809-0.txt	solar5247s	solar5247t	2009/2010	osnovna šola	slovenščina	9. razred	delo v razredu	Novo mesto
S20-PI-slo-1-SG-E-2017_2018-30465-0.txt	solar5248s	solar5248t	2017/2018	poklicna šola	slovenščina	1. letnik	esej ali spis	Slovenj Gradec
S20-SI-slo-4-KR-E-2016_2017-22442-0.txt	solar5249s	solar5249t	2016/2017	strokovna šola	slovenščina	4. letnik	esej ali spis	Kranj
KUS-G-slo-2-GO-T-2009_2010-11627-0.txt	solar5250s	solar5250t	2009/2010	gimnazija	slovenščina	2. letnik	praktično besedilo	Gorica
S20-SI-slo-4-LJ-E-2016_2017-22152-12.txt	solar5251s	solar5251t	2016/2017	strokovna šola	slovenščina	4. letnik	esej ali spis	Ljubljana
S20-SI-slo-4-SG-E-2016_2017-22609-12.txt	solar5252s	solar5252t	2016/2017	strokovna šola	slovenščina	4. letnik	esej ali spis	Slovenj Gradec
S20-OS-slo-6-KR-D-2016_2017-41065-0.txt	solar5253s	solar5253t	2016/2017	osnovna šola	slovenščina	6. razred	praktično besedilo	Kranj
S20-SI-slo-4-LJ-PB-2016_2017-21959-0.txt	solar5254s	solar5254t	2016/2017	strokovna šola	slovenščina	4. letnik	praktično besedilo	Ljubljana
S20-G-slo-1-LJ-PB-2016_2017-11779-0.txt	solar5255s	solar5255t	2016/2017	gimnazija	slovenščina	1. letnik	praktično besedilo	Ljubljana
KUS-PI-slo-2-KK-T-2009_2010-30307-0.txt	solar5256s	solar5256t	2009/2010	poklicna šola	slovenščina	2. letnik	praktično besedilo	Krško
S20-SI-slo-3-KK-E-2016_2017-22272-0.txt	solar5257s	solar5257t	2016/2017	strokovna šola	slovenščina	3. letnik	esej ali spis	Krško
S20-SI-slo-3-SG-E-2016_2017-22593-12.txt	solar5258s	solar5258t	2016/2017	strokovna šola	slovenščina	3. letnik	esej ali spis	Slovenj Gradec
S20-OS-slo-6-LJ-E-2017_2018-41175-12.txt	solar5259s	solar5259t	2017/2018	osnovna šola	slovenščina	6. razred	esej ali spis	Ljubljana
S20-SI-slo-4-LJ-PB-2016_2017-22029-0.txt	solar5260s	solar5260t	2016/2017	strokovna šola	slovenščina	4. letnik	praktično besedilo	Ljubljana
KUS-SI-slo-1-NM-E-2009_2010-21588-0.txt	solar5261s	solar5261t	2009/2010	strokovna šola	slovenščina	1. letnik	esej ali spis	Novo mesto
S20-PI-slo-1-KK-E-2016_2017-30364-0.txt	solar5262s	solar5262t	2016/2017	poklicna šola	slovenščina	1. letnik	esej ali spis	Krško
S20-OS-slo-6-KR-D-2016_2017-41061-0.txt	solar5263s	solar5263t	2016/2017	osnovna šola	slovenščina	6. razred	praktično besedilo	Kranj
KUS-SI-slo-4-NM-T-2009_2010-21457-0.txt	solar5264s	solar5264t	2009/2010	strokovna šola	slovenščina	4. letnik	praktično besedilo	Novo mesto
KUS-OS-slo-9-LJ-R-2009_2010-40758-0.txt	solar5265s	solar5265t	2009/2010	osnovna šola	slovenščina	9. razred	delo v razredu	Ljubljana
KUS-G-zgo-2-LJ-T-2009_2010-11719-12.txt	solar5266s	solar5266t	2009/2010	gimnazija	zgodovina	2. letnik	test	Ljubljana
KUS-OS-slo-8-KP-E-2009_2010-40678-12.txt	solar5267s	solar5267t	2009/2010	osnovna šola	slovenščina	8. razred	esej ali spis	Koper
KUS-PI-slo-2-NM-R-2009_2010-30263-0.txt	solar5268s	solar5268t	2009/2010	poklicna šola	slovenščina	2. letnik	delo v razredu	Novo mesto
S20-OS-slo-6-LJ-E-2017_2018-41191-12.txt	solar5269s	solar5269t	2017/2018	osnovna šola	slovenščina	6. razred	esej ali spis	Ljubljana
KUS-PI-slo-2-KK-T-2009_2010-30314-0.txt	solar5270s	solar5270t	2009/2010	poklicna šola	slovenščina	2. letnik	praktično besedilo	Krško
S20-PI-slo-1-KK-E-2016_2017-30358-0.txt	solar5271s	solar5271t	2016/2017	poklicna šola	slovenščina	1. letnik	esej ali spis	Krško
S20-SI-slo-3-KK-E-2016_2017-22276-0.txt	solar5272s	solar5272t	2016/2017	strokovna šola	slovenščina	3. letnik	esej ali spis	Krško
KUS-SI-slo-4-KK-E-2009_2010-21731-123.txt	solar5273s	solar5273t	2009/2010	strokovna šola	slovenščina	4. letnik	esej ali spis	Krško
KUS-SI-slo-2-NM-E-2009_2010-21637-12.txt	solar5274s	solar5274t	2009/2010	strokovna šola	slovenščina	2. letnik	esej ali spis	Novo mesto
S20-G-slo-1-LJ-PB-2016_2017-11766-0.txt	solar5275s	solar5275t	2016/2017	gimnazija	slovenščina	1. letnik	praktično besedilo	Ljubljana
S20-OS-slo-9-LJ-E-2017_2018-41258-12.txt	solar5276s	solar5276t	2017/2018	osnovna šola	slovenščina	9. razred	esej ali spis	Ljubljana
S20-OS-slo-9-LJ-E-2017_2018-41266-123.txt	solar5277s	solar5277t	2017/2018	osnovna šola	slovenščina	9. razred	esej ali spis	Ljubljana
S20-PI-slo-4-KR-E-2016_2017-30451-0.txt	solar5278s	solar5278t	2016/2017	poklicna šola	slovenščina	4. letnik	esej ali spis	Kranj
S20-OS-ods-6-LJ-E-2016_2017-40909-0.txt	solar5279s	solar5279t	2016/2017	osnovna šola	drugo	6. razred	esej ali spis	Ljubljana
KUS-OS-slo-7-KP-E-2009_2010-40665-12.txt	solar5280s	solar5280t	2009/2010	osnovna šola	slovenščina	7. razred	esej ali spis	Koper
S20-SI-slo-4-LJ-E-2016_2017-22007-12.txt	solar5281s	solar5281t	2016/2017	strokovna šola	slovenščina	4. letnik	esej ali spis	Ljubljana
S20-NN-slo-3-KK-E-2016_2017-50011-0.txt	solar5282s	solar5282t	2016/2017	neznano	slovenščina	3. letnik	esej ali spis	Krško
KUS-G-zgo-1-LJ-T-2009_2010-11712-12.txt	solar5283s	solar5283t	2009/2010	gimnazija	zgodovina	1. letnik	test	Ljubljana
S20-PI-slo-5-KR-R-2017_2018-30526-0.txt	solar5284s	solar5284t	2017/2018	poklicna šola	slovenščina	5. letnik	delo v razredu	Kranj
KUS-G-zgo-1-LJ-T-2009_2010-11696-12.txt	solar5285s	solar5285t	2009/2010	gimnazija	zgodovina	1. letnik	test	Ljubljana
KUS-SI-slo-4-NM-T-2009_2010-21466-0.txt	solar5286s	solar5286t	2009/2010	strokovna šola	slovenščina	4. letnik	praktično besedilo	Novo mesto
S20-G-slo-2-LJ-PB-2017_2018-11850-0.txt	solar5287s	solar5287t	2017/2018	gimnazija	slovenščina	2. letnik	praktično besedilo	Ljubljana
KUS-SI-slo-3-NM-R-2009_2010-21393-0.txt	solar5288s	solar5288t	2009/2010	strokovna šola	slovenščina	3. letnik	delo v razredu	Novo mesto
KUS-SI-soc-2-NM-T-2009_2010-21742-0.txt	solar5289s	solar5289t	2009/2010	strokovna šola	sociologija	2. letnik	test	Novo mesto
KUS-SI-slo-2-NM-E-2009_2010-21564-0.txt	solar5290s	solar5290t	2009/2010	strokovna šola	slovenščina	2. letnik	esej ali spis	Novo mesto
KUS-G-slo-4-LJ-E-2009_2010-11569-12.txt	solar5291s	solar5291t	2009/2010	gimnazija	slovenščina	4. letnik	esej ali spis	Ljubljana
KUS-SI-soc-2-NM-T-2009_2010-21748-0.txt	solar5292s	solar5292t	2009/2010	strokovna šola	sociologija	2. letnik	test	Novo mesto
S20-SI-slo-4-KR-E-2016_2017-22445-0.txt	solar5293s	solar5293t	2016/2017	strokovna šola	slovenščina	4. letnik	esej ali spis	Kranj
S20-SI-piz-3-KR-T-2017_2018-22679-0.txt	solar5294s	solar5294t	2017/2018	strokovna šola	podjetništvo in zakonodaja	3. letnik	test	Kranj
S20-OS-slo-7-LJ-E-2017_2018-41230-12.txt	solar5295s	solar5295t	2017/2018	osnovna šola	slovenščina	7. razred	esej ali spis	Ljubljana
KUS-SI-slo-2-NM-R-2009_2010-21375-0.txt	solar5296s	solar5296t	2009/2010	strokovna šola	slovenščina	2. letnik	delo v razredu	Novo mesto
KUS-SI-slo-4-NM-T-2009_2010-21469-0.txt	solar5297s	solar5297t	2009/2010	strokovna šola	slovenščina	4. letnik	praktično besedilo	Novo mesto
S20-OS-slo-7-LJ-E-2017_2018-41231-12.txt	solar5298s	solar5298t	2017/2018	osnovna šola	slovenščina	7. razred	esej ali spis	Ljubljana
S20-SI-gnp-4-KR-T-2017_2018-22699-0.txt	solar5299s	solar5299t	2017/2018	strokovna šola	gostinsko poslovanje	4. letnik	test	Kranj
S20-OS-slo-8-LJ-E-2017_2018-41253-12.txt	solar5300s	solar5300t	2017/2018	osnovna šola	slovenščina	8. razred	esej ali spis	Ljubljana
S20-OS-slo-7-LJ-E-2017_2018-41210-0.txt	solar5301s	solar5301t	2017/2018	osnovna šola	slovenščina	7. razred	esej ali spis	Ljubljana
S20-OS-slo-8-LJ-E-2017_2018-41249-12.txt	solar5302s	solar5302t	2017/2018	osnovna šola	slovenščina	8. razred	esej ali spis	Ljubljana
KUS-G-slo-2-LJ-R-2009_2010-11592-0.txt	solar5303s	solar5303t	2009/2010	gimnazija	slovenščina	2. letnik	delo v razredu	Ljubljana
KUS-SI-slo-2-NM-E-2009_2010-21621-0.txt	solar5304s	solar5304t	2009/2010	strokovna šola	slovenščina	2. letnik	esej ali spis	Novo mesto
KUS-OS-slo-7-KP-E-2009_2010-40656-0.txt	solar5305s	solar5305t	2009/2010	osnovna šola	slovenščina	7. razred	esej ali spis	Koper
S20-OS-slo-7-LJ-E-2017_2018-41215-0.txt	solar5306s	solar5306t	2017/2018	osnovna šola	slovenščina	7. razred	esej ali spis	Ljubljana
S20-PI-slo-5-SG-E-2017_2018-30547-12.txt	solar5307s	solar5307t	2017/2018	poklicna šola	slovenščina	5. letnik	esej ali spis	Slovenj Gradec
S20-SI-slo-3-KK-E-2016_2017-22287-0.txt	solar5308s	solar5308t	2016/2017	strokovna šola	slovenščina	3. letnik	esej ali spis	Krško
KUS-SI-slo-4-NM-T-2009_2010-21471-0.txt	solar5309s	solar5309t	2009/2010	strokovna šola	slovenščina	4. letnik	praktično besedilo	Novo mesto
KUS-SI-soc-2-NM-T-2009_2010-21786-0.txt	solar5310s	solar5310t	2009/2010	strokovna šola	sociologija	2. letnik	test	Novo mesto
S20-SI-slo-3-SG-E-2016_2017-22591-12.txt	solar5311s	solar5311t	2016/2017	strokovna šola	slovenščina	3. letnik	esej ali spis	Slovenj Gradec
S20-SI-slo-2-KR-PB-2016_2017-22408-0.txt	solar5312s	solar5312t	2016/2017	strokovna šola	slovenščina	2. letnik	praktično besedilo	Kranj
S20-SI-slo-4-LJ-PB-2016_2017-21943-0.txt	solar5313s	solar5313t	2016/2017	strokovna šola	slovenščina	4. letnik	praktično besedilo	Ljubljana
S20-G-slo-1-LJ-E-2016_2017-11789-12.txt	solar5314s	solar5314t	2016/2017	gimnazija	slovenščina	1. letnik	esej ali spis	Ljubljana
S20-NN-slo-4-KK-E-2016_2017-50024-0.txt	solar5315s	solar5315t	2016/2017	neznano	slovenščina	4. letnik	esej ali spis	Krško
KUS-SI-slo-4-KK-T-2009_2010-21695-0.txt	solar5316s	solar5316t	2009/2010	strokovna šola	slovenščina	4. letnik	praktično besedilo	Krško
S20-OS-slo-6-LJ-E-2016_2017-41135-12.txt	solar5317s	solar5317t	2016/2017	osnovna šola	slovenščina	6. razred	esej ali spis	Ljubljana
S20-SI-pkv-2-KR-T-2016_2017-22373-0.txt	solar5318s	solar5318t	2016/2017	strokovna šola	poslovno komuniciranje in vodenje	2. letnik	test	Kranj
S20-SI-slo-4-LJ-PB-2016_2017-22089-0.txt	solar5319s	solar5319t	2016/2017	strokovna šola	slovenščina	4. letnik	praktično besedilo	Ljubljana
KUS-SI-slo-4-KK-E-2009_2010-21723-12.txt	solar5320s	solar5320t	2009/2010	strokovna šola	slovenščina	4. letnik	esej ali spis	Krško
S20-OS-slo-6-KR-D-2016_2017-41012-0.txt	solar5321s	solar5321t	2016/2017	osnovna šola	slovenščina	6. razred	praktično besedilo	Kranj
S20-OS-slo-9-CE-D-2016_2017-40892-12.txt	solar5322s	solar5322t	2016/2017	osnovna šola	slovenščina	9. razred	esej ali spis	Celje
KUS-OS-slo-8-KP-E-2009_2010-40682-12.txt	solar5323s	solar5323t	2009/2010	osnovna šola	slovenščina	8. razred	esej ali spis	Koper
KUS-G-slo-4-LJ-E-2009_2010-11561-123.txt	solar5324s	solar5324t	2009/2010	gimnazija	slovenščina	4. letnik	esej ali spis	Ljubljana
KUS-OS-slo-8-KP-E-2009_2010-40676-0.txt	solar5325s	solar5325t	2009/2010	osnovna šola	slovenščina	8. razred	esej ali spis	Koper
S20-SI-slo-3-KK-E-2016_2017-22230-12.txt	solar5326s	solar5326t	2016/2017	strokovna šola	slovenščina	3. letnik	esej ali spis	Krško
S20-SI-slo-4-LJ-PB-2016_2017-21913-0.txt	solar5327s	solar5327t	2016/2017	strokovna šola	slovenščina	4. letnik	praktično besedilo	Ljubljana
KUS-OS-slo-9-NM-E-2009_2010-40807-0.txt	solar5328s	solar5328t	2009/2010	osnovna šola	slovenščina	9. razred	esej ali spis	Novo mesto
KUS-G-slo-4-LJ-T-2009_2010-11527-0.txt	solar5329s	solar5329t	2009/2010	gimnazija	slovenščina	4. letnik	praktično besedilo	Ljubljana
KUS-SI-slo-4-KK-T-2009_2010-21663-0.txt	solar5330s	solar5330t	2009/2010	strokovna šola	slovenščina	4. letnik	praktično besedilo	Krško
S20-OS-slo-7-LJ-E-2016_2017-41160-0.txt	solar5331s	solar5331t	2016/2017	osnovna šola	slovenščina	7. razred	esej ali spis	Ljubljana
S20-SI-slo-3-KK-E-2017_2018-22647-0.txt	solar5332s	solar5332t	2017/2018	strokovna šola	slovenščina	3. letnik	esej ali spis	Krško
S20-OS-slo-9-CE-D-2016_2017-40890-12.txt	solar5333s	solar5333t	2016/2017	osnovna šola	slovenščina	9. razred	esej ali spis	Celje
KUS-OS-slo-7-GO-R-2009_2010-40692-0.txt	solar5334s	solar5334t	2009/2010	osnovna šola	slovenščina	7. razred	delo v razredu	Gorica
KUS-SI-slo-4-NM-R-2009_2010-21420-0.txt	solar5335s	solar5335t	2009/2010	strokovna šola	slovenščina	4. letnik	delo v razredu	Novo mesto
S20-SI-slo-3-KR-E-2017_2018-22439-0.txt	solar5336s	solar5336t	2017/2018	strokovna šola	slovenščina	3. letnik	esej ali spis	Kranj
S20-NN-slo-4-KK-E-2016_2017-50018-0.txt	solar5337s	solar5337t	2016/2017	neznano	slovenščina	4. letnik	esej ali spis	Krško
S20-SI-slo-3-SG-E-2017_2018-22718-0.txt	solar5338s	solar5338t	2017/2018	strokovna šola	slovenščina	3. letnik	esej ali spis	Slovenj Gradec
S20-SI-slo-4-LJ-PB-2016_2017-21909-0.txt	solar5339s	solar5339t	2016/2017	strokovna šola	slovenščina	4. letnik	praktično besedilo	Ljubljana
KUS-OS-slo-9-GO-R-2009_2010-40718-0.txt	solar5340s	solar5340t	2009/2010	osnovna šola	slovenščina	9. razred	delo v razredu	Gorica
S20-PI-slo-1-KK-E-2016_2017-30372-0.txt	solar5341s	solar5341t	2016/2017	poklicna šola	slovenščina	1. letnik	esej ali spis	Krško
S20-SI-slo-3-KK-E-2016_2017-22285-0.txt	solar5342s	solar5342t	2016/2017	strokovna šola	slovenščina	3. letnik	esej ali spis	Krško
S20-SI-slo-4-LJ-PB-2016_2017-21907-0.txt	solar5343s	solar5343t	2016/2017	strokovna šola	slovenščina	4. letnik	praktično besedilo	Ljubljana
S20-OS-slo-6-KR-D-2016_2017-41055-0.txt	solar5344s	solar5344t	2016/2017	osnovna šola	slovenščina	6. razred	praktično besedilo	Kranj
KUS-SI-slo-4-NM-E-2009_2010-21602-0.txt	solar5345s	solar5345t	2009/2010	strokovna šola	slovenščina	4. letnik	esej ali spis	Novo mesto
S20-PI-slo-5-SG-E-2017_2018-30543-12.txt	solar5346s	solar5346t	2017/2018	poklicna šola	slovenščina	5. letnik	esej ali spis	Slovenj Gradec
KUS-G-zgo-2-LJ-T-2009_2010-11714-12.txt	solar5347s	solar5347t	2009/2010	gimnazija	zgodovina	2. letnik	test	Ljubljana
S20-PI-slo-4-KK-E-2016_2017-30425-0.txt	solar5348s	solar5348t	2016/2017	poklicna šola	slovenščina	4. letnik	esej ali spis	Krško
KUS-G-slo-2-GO-T-2009_2010-11662-0.txt	solar5349s	solar5349t	2009/2010	gimnazija	slovenščina	2. letnik	praktično besedilo	Gorica
S20-SI-slo-4-LJ-PB-2016_2017-22034-0.txt	solar5350s	solar5350t	2016/2017	strokovna šola	slovenščina	4. letnik	praktično besedilo	Ljubljana
KUS-PI-slo-1-NM-R-2009_2010-30235-0.txt	solar5351s	solar5351t	2009/2010	poklicna šola	slovenščina	1. letnik	delo v razredu	Novo mesto
S20-SI-slo-4-KR-E-2016_2017-22454-0.txt	solar5352s	solar5352t	2016/2017	strokovna šola	slovenščina	4. letnik	esej ali spis	Kranj
S20-G-slo-1-LJ-PB-2016_2017-11771-0.txt	solar5353s	solar5353t	2016/2017	gimnazija	slovenščina	1. letnik	praktično besedilo	Ljubljana
S20-PI-slo-2-SG-E-2016_2017-30495-12.txt	solar5354s	solar5354t	2016/2017	poklicna šola	slovenščina	2. letnik	esej ali spis	Slovenj Gradec
S20-OS-slo-8-LJ-E-2016_2017-40990-12.txt	solar5355s	solar5355t	2016/2017	osnovna šola	slovenščina	8. razred	esej ali spis	Ljubljana
KUS-SI-slo-4-NM-T-2009_2010-21444-0.txt	solar5356s	solar5356t	2009/2010	strokovna šola	slovenščina	4. letnik	praktično besedilo	Novo mesto
S20-G-slo-1-LJ-PB-2016_2017-11752-0.txt	solar5357s	solar5357t	2016/2017	gimnazija	slovenščina	1. letnik	praktično besedilo	Ljubljana
S20-SI-slo-1-LJ-E-2016_2017-21881-12.txt	solar5358s	solar5358t	2016/2017	strokovna šola	slovenščina	1. letnik	esej ali spis	Ljubljana
S20-SI-slo-3-KK-D-2016_2017-22195-0.txt	solar5359s	solar5359t	2016/2017	strokovna šola	slovenščina	3. letnik	praktično besedilo	Krško
S20-PI-slo-1-KK-E-2016_2017-30355-0.txt	solar5360s	solar5360t	2016/2017	poklicna šola	slovenščina	1. letnik	esej ali spis	Krško
S20-SI-slo-1-SG-E-2017_2018-22545-12.txt	solar5361s	solar5361t	2017/2018	strokovna šola	slovenščina	1. letnik	esej ali spis	Slovenj Gradec
KUS-SI-slo-4-NM-T-2009_2010-21434-0.txt	solar5362s	solar5362t	2009/2010	strokovna šola	slovenščina	4. letnik	praktično besedilo	Novo mesto
KUS-G-slo-4-LJ-T-2009_2010-11532-0.txt	solar5363s	solar5363t	2009/2010	gimnazija	slovenščina	4. letnik	praktično besedilo	Ljubljana
KUS-PI-slo-1-NM-R-2009_2010-30222-0.txt	solar5364s	solar5364t	2009/2010	poklicna šola	slovenščina	1. letnik	delo v razredu	Novo mesto
S20-OS-slo-9-KR-D-2016_2017-41082-0.txt	solar5365s	solar5365t	2016/2017	osnovna šola	slovenščina	9. razred	praktično besedilo	Kranj
KUS-SI-slo-4-NM-E-2009_2010-21517-0.txt	solar5366s	solar5366t	2009/2010	strokovna šola	slovenščina	4. letnik	esej ali spis	Novo mesto
KUS-OS-slo-6-LJ-R-2009_2010-40767-0.txt	solar5367s	solar5367t	2009/2010	osnovna šola	slovenščina	6. razred	delo v razredu	Ljubljana
S20-SI-slo-4-LJ-PB-2016_2017-22100-0.txt	solar5368s	solar5368t	2016/2017	strokovna šola	slovenščina	4. letnik	praktično besedilo	Ljubljana
KUS-SI-slo-4-NM-E-2009_2010-21534-12.txt	solar5369s	solar5369t	2009/2010	strokovna šola	slovenščina	4. letnik	esej ali spis	Novo mesto
S20-SI-slo-4-LJ-E-2016_2017-21934-123.txt	solar5370s	solar5370t	2016/2017	strokovna šola	slovenščina	4. letnik	esej ali spis	Ljubljana
S20-SI-slo-3-KK-E-2016_2017-22243-0.txt	solar5371s	solar5371t	2016/2017	strokovna šola	slovenščina	3. letnik	esej ali spis	Krško
S20-OS-slo-6-KR-D-2016_2017-41044-0.txt	solar5372s	solar5372t	2016/2017	osnovna šola	slovenščina	6. razred	praktično besedilo	Kranj
S20-SI-slo-3-KR-E-2017_2018-22436-0.txt	solar5373s	solar5373t	2017/2018	strokovna šola	slovenščina	3. letnik	esej ali spis	Kranj
KUS-G-slo-4-GO-E-2009_2010-11616-1234.txt	solar5374s	solar5374t	2009/2010	gimnazija	slovenščina	4. letnik	esej ali spis	Gorica
S20-SI-slo-4-LJ-E-2016_2017-22133-12.txt	solar5375s	solar5375t	2016/2017	strokovna šola	slovenščina	4. letnik	esej ali spis	Ljubljana
S20-SI-slo-3-SG-E-2016_2017-22576-12.txt	solar5376s	solar5376t	2016/2017	strokovna šola	slovenščina	3. letnik	esej ali spis	Slovenj Gradec
KUS-PI-slo-2-NM-R-2009_2010-30275-0.txt	solar5377s	solar5377t	2009/2010	poklicna šola	slovenščina	2. letnik	delo v razredu	Novo mesto
S20-OS-ods-6-LJ-E-2016_2017-40921-0.txt	solar5378s	solar5378t	2016/2017	osnovna šola	drugo	6. razred	esej ali spis	Ljubljana
KUS-SI-slo-4-NM-T-2009_2010-21479-0.txt	solar5379s	solar5379t	2009/2010	strokovna šola	slovenščina	4. letnik	praktično besedilo	Novo mesto
KUS-SI-slo-3-NM-R-2009_2010-21396-0.txt	solar5380s	solar5380t	2009/2010	strokovna šola	slovenščina	3. letnik	delo v razredu	Novo mesto
KUS-PI-slo-2-NM-R-2009_2010-30245-0.txt	solar5381s	solar5381t	2009/2010	poklicna šola	slovenščina	2. letnik	delo v razredu	Novo mesto
KUS-PI-slo-2-NM-E-2009_2010-30295-12.txt	solar5382s	solar5382t	2009/2010	poklicna šola	slovenščina	2. letnik	esej ali spis	Novo mesto
S20-G-slo-1-LJ-E-2016_2017-11740-12.txt	solar5383s	solar5383t	2016/2017	gimnazija	slovenščina	1. letnik	esej ali spis	Ljubljana
S20-SI-slo-4-LJ-E-2016_2017-22126-123.txt	solar5384s	solar5384t	2016/2017	strokovna šola	slovenščina	4. letnik	esej ali spis	Ljubljana
KUS-PI-slo-2-NM-R-2009_2010-30262-0.txt	solar5385s	solar5385t	2009/2010	poklicna šola	slovenščina	2. letnik	delo v razredu	Novo mesto
KUS-PI-slo-1-NM-R-2009_2010-30202-0.txt	solar5386s	solar5386t	2009/2010	poklicna šola	slovenščina	1. letnik	delo v razredu	Novo mesto
S20-SI-slo-3-KK-E-2016_2017-22264-0.txt	solar5387s	solar5387t	2016/2017	strokovna šola	slovenščina	3. letnik	esej ali spis	Krško
KUS-G-zgo-1-LJ-T-2009_2010-11694-12.txt	solar5388s	solar5388t	2009/2010	gimnazija	zgodovina	1. letnik	test	Ljubljana
KUS-SI-soc-2-NM-T-2009_2010-21757-0.txt	solar5389s	solar5389t	2009/2010	strokovna šola	sociologija	2. letnik	test	Novo mesto
S20-SI-slo-4-LJ-E-2016_2017-22169-123.txt	solar5390s	solar5390t	2016/2017	strokovna šola	slovenščina	4. letnik	esej ali spis	Ljubljana
KUS-PI-slo-1-NM-R-2009_2010-30204-0.txt	solar5391s	solar5391t	2009/2010	poklicna šola	slovenščina	1. letnik	delo v razredu	Novo mesto
S20-SI-slo-4-LJ-PB-2016_2017-21903-0.txt	solar5392s	solar5392t	2016/2017	strokovna šola	slovenščina	4. letnik	praktično besedilo	Ljubljana
S20-G-slo-4-LJ-PB-2017_2018-11832-0.txt	solar5393s	solar5393t	2017/2018	gimnazija	slovenščina	4. letnik	praktično besedilo	Ljubljana
KUS-G-slo-2-LJ-R-2009_2010-11609-0.txt	solar5394s	solar5394t	2009/2010	gimnazija	slovenščina	2. letnik	delo v razredu	Ljubljana
S20-SI-slo-1-SG-E-2017_2018-22538-123.txt	solar5395s	solar5395t	2017/2018	strokovna šola	slovenščina	1. letnik	esej ali spis	Slovenj Gradec
S20-SI-slo-4-SG-E-2016_2017-22601-12.txt	solar5396s	solar5396t	2016/2017	strokovna šola	slovenščina	4. letnik	esej ali spis	Slovenj Gradec
KUS-SI-slo-3-LJ-E-2009_2010-21642-0.txt	solar5397s	solar5397t	2009/2010	strokovna šola	slovenščina	3. letnik	esej ali spis	Ljubljana
S20-SI-slo-4-LJ-PB-2016_2017-21924-0.txt	solar5398s	solar5398t	2016/2017	strokovna šola	slovenščina	4. letnik	praktično besedilo	Ljubljana
S20-SI-slo-3-KR-E-2017_2018-22676-0.txt	solar5399s	solar5399t	2017/2018	strokovna šola	slovenščina	3. letnik	esej ali spis	Kranj
KUS-SI-soc-2-NM-T-2009_2010-21798-0.txt	solar5400s	solar5400t	2009/2010	strokovna šola	sociologija	2. letnik	test	Novo mesto
S20-SI-pkv-2-KR-T-2016_2017-22374-0.txt	solar5401s	solar5401t	2016/2017	strokovna šola	poslovno komuniciranje in vodenje	2. letnik	test	Kranj
S20-SI-slo-4-KR-E-2016_2017-22462-0.txt	solar5402s	solar5402t	2016/2017	strokovna šola	slovenščina	4. letnik	esej ali spis	Kranj
S20-G-slo-1-LJ-E-2016_2017-11739-12.txt	solar5403s	solar5403t	2016/2017	gimnazija	slovenščina	1. letnik	esej ali spis	Ljubljana
S20-G-slo-4-LJ-PB-2017_2018-11831-0.txt	solar5404s	solar5404t	2017/2018	gimnazija	slovenščina	4. letnik	praktično besedilo	Ljubljana
S20-SI-slo-4-LJ-E-2016_2017-22131-12.txt	solar5405s	solar5405t	2016/2017	strokovna šola	slovenščina	4. letnik	esej ali spis	Ljubljana
KUS-G-slo-4-LJ-T-2009_2010-11528-0.txt	solar5406s	solar5406t	2009/2010	gimnazija	slovenščina	4. letnik	praktično besedilo	Ljubljana
KUS-PI-slo-1-NM-R-2009_2010-30219-0.txt	solar5407s	solar5407t	2009/2010	poklicna šola	slovenščina	1. letnik	delo v razredu	Novo mesto
S20-SI-slo-3-KK-E-2016_2017-22238-0.txt	solar5408s	solar5408t	2016/2017	strokovna šola	slovenščina	3. letnik	esej ali spis	Krško
KUS-SI-soc-2-NM-T-2009_2010-21841-0.txt	solar5409s	solar5409t	2009/2010	strokovna šola	sociologija	2. letnik	test	Novo mesto
S20-SI-slo-4-LJ-PB-2016_2017-22094-0.txt	solar5410s	solar5410t	2016/2017	strokovna šola	slovenščina	4. letnik	praktično besedilo	Ljubljana
S20-SI-slo-3-KK-E-2017_2018-22655-0.txt	solar5411s	solar5411t	2017/2018	strokovna šola	slovenščina	3. letnik	esej ali spis	Krško
S20-OS-slo-9-PO-R-2016_2017-41099-0.txt	solar5412s	solar5412t	2016/2017	osnovna šola	slovenščina	9. razred	delo v razredu	Postojna
KUS-SI-slo-4-NM-E-2009_2010-21538-123.txt	solar5413s	solar5413t	2009/2010	strokovna šola	slovenščina	4. letnik	esej ali spis	Novo mesto
S20-OS-slo-6-PO-R-2016_2017-41094-0.txt	solar5414s	solar5414t	2016/2017	osnovna šola	slovenščina	6. razred	delo v razredu	Postojna
S20-SI-slo-4-LJ-E-2016_2017-21936-12.txt	solar5415s	solar5415t	2016/2017	strokovna šola	slovenščina	4. letnik	esej ali spis	Ljubljana
KUS-SI-slo-4-NM-E-2009_2010-21509-0.txt	solar5416s	solar5416t	2009/2010	strokovna šola	slovenščina	4. letnik	esej ali spis	Novo mesto
KUS-SI-soc-2-NM-T-2009_2010-21867-0.txt	solar5417s	solar5417t	2009/2010	strokovna šola	sociologija	2. letnik	test	Novo mesto
S20-OS-slo-8-LJ-E-2016_2017-40980-123.txt	solar5418s	solar5418t	2016/2017	osnovna šola	slovenščina	8. razred	esej ali spis	Ljubljana
S20-OS-ods-6-LJ-E-2016_2017-40931-0.txt	solar5419s	solar5419t	2016/2017	osnovna šola	drugo	6. razred	esej ali spis	Ljubljana
KUS-SI-soc-2-NM-T-2009_2010-21823-0.txt	solar5420s	solar5420t	2009/2010	strokovna šola	sociologija	2. letnik	test	Novo mesto
S20-OS-slo-7-PO-R-2017_2018-41106-12.txt	solar5421s	solar5421t	2017/2018	osnovna šola	slovenščina	7. razred	delo v razredu	Postojna
S20-SI-slo-3-KK-D-2016_2017-22206-0.txt	solar5422s	solar5422t	2016/2017	strokovna šola	slovenščina	3. letnik	praktično besedilo	Krško
S20-OS-slo-6-KR-PB-2016_2017-41032-0.txt	solar5423s	solar5423t	2016/2017	osnovna šola	slovenščina	6. razred	praktično besedilo	Kranj
S20-SI-kzn-4-KR-T-2016_2017-22514-12.txt	solar5424s	solar5424t	2016/2017	strokovna šola	kakovost v zdravstveni negi	4. letnik	test	Kranj
S20-SI-slo-3-KK-E-2016_2017-22294-0.txt	solar5425s	solar5425t	2016/2017	strokovna šola	slovenščina	3. letnik	esej ali spis	Krško
KUS-OS-slo-7-KR-R-2009_2010-40626-0.txt	solar5426s	solar5426t	2009/2010	osnovna šola	slovenščina	7. razred	delo v razredu	Kranj
S20-PI-slo-4-KR-E-2016_2017-30450-0.txt	solar5427s	solar5427t	2016/2017	poklicna šola	slovenščina	4. letnik	esej ali spis	Kranj
KUS-G-slo-2-LJ-R-2009_2010-11608-0.txt	solar5428s	solar5428t	2009/2010	gimnazija	slovenščina	2. letnik	delo v razredu	Ljubljana
S20-SI-slo-4-LJ-PB-2016_2017-21994-0.txt	solar5429s	solar5429t	2016/2017	strokovna šola	slovenščina	4. letnik	praktično besedilo	Ljubljana
KUS-SI-slo-2-NM-E-2009_2010-21620-0.txt	solar5430s	solar5430t	2009/2010	strokovna šola	slovenščina	2. letnik	esej ali spis	Novo mesto
S20-SI-slo-4-LJ-PB-2016_2017-22074-0.txt	solar5431s	solar5431t	2016/2017	strokovna šola	slovenščina	4. letnik	praktično besedilo	Ljubljana
S20-SI-slo-4-SG-E-2016_2017-22600-12.txt	solar5432s	solar5432t	2016/2017	strokovna šola	slovenščina	4. letnik	esej ali spis	Slovenj Gradec
KUS-SI-slo-2-NM-E-2009_2010-21623-0.txt	solar5433s	solar5433t	2009/2010	strokovna šola	slovenščina	2. letnik	esej ali spis	Novo mesto
KUS-G-zgo-1-LJ-T-2009_2010-11711-12.txt	solar5434s	solar5434t	2009/2010	gimnazija	zgodovina	1. letnik	test	Ljubljana
KUS-SI-soc-2-NM-T-2009_2010-21829-0.txt	solar5435s	solar5435t	2009/2010	strokovna šola	sociologija	2. letnik	test	Novo mesto
S20-G-slo-4-KK-E-2016_2017-11825-12.txt	solar5436s	solar5436t	2016/2017	gimnazija	slovenščina	4. letnik	esej ali spis	Krško
S20-PI-slo-4-KK-E-2016_2017-30386-0.txt	solar5437s	solar5437t	2016/2017	poklicna šola	slovenščina	4. letnik	esej ali spis	Krško
S20-SI-slo-3-KR-E-2017_2018-22435-0.txt	solar5438s	solar5438t	2017/2018	strokovna šola	slovenščina	3. letnik	esej ali spis	Kranj
KUS-OS-slo-8-NM-E-2009_2010-40734-0.txt	solar5439s	solar5439t	2009/2010	osnovna šola	slovenščina	8. razred	esej ali spis	Novo mesto
S20-G-slo-1-LJ-E-2016_2017-11793-12.txt	solar5440s	solar5440t	2016/2017	gimnazija	slovenščina	1. letnik	esej ali spis	Ljubljana
KUS-SI-slo-4-KK-T-2009_2010-21677-0.txt	solar5441s	solar5441t	2009/2010	strokovna šola	slovenščina	4. letnik	praktično besedilo	Krško
KUS-SI-soc-2-NM-T-2009_2010-21848-0.txt	solar5442s	solar5442t	2009/2010	strokovna šola	sociologija	2. letnik	test	Novo mesto
S20-SI-slo-3-KK-E-2016_2017-22251-0.txt	solar5443s	solar5443t	2016/2017	strokovna šola	slovenščina	3. letnik	esej ali spis	Krško
S20-NN-slo-4-KK-E-2016_2017-50041-0.txt	solar5444s	solar5444t	2016/2017	neznano	slovenščina	4. letnik	esej ali spis	Krško
S20-SI-slo-1-LJ-E-2016_2017-21878-12.txt	solar5445s	solar5445t	2016/2017	strokovna šola	slovenščina	1. letnik	esej ali spis	Ljubljana
KUS-OS-slo-9-NM-R-2009_2010-40813-12.txt	solar5446s	solar5446t	2009/2010	osnovna šola	slovenščina	9. razred	delo v razredu	Novo mesto
KUS-PI-slo-2-KK-T-2009_2010-30333-0.txt	solar5447s	solar5447t	2009/2010	poklicna šola	slovenščina	2. letnik	praktično besedilo	Krško
S20-SI-piz-4-KR-T-2017_2018-22708-0.txt	solar5448s	solar5448t	2017/2018	strokovna šola	slovenščina	4. letnik	test	Kranj
S20-PI-slo-4-KK-E-2016_2017-30393-0.txt	solar5449s	solar5449t	2016/2017	poklicna šola	slovenščina	4. letnik	esej ali spis	Krško
KUS-SI-slo-3-NM-R-2009_2010-21390-0.txt	solar5450s	solar5450t	2009/2010	strokovna šola	slovenščina	3. letnik	delo v razredu	Novo mesto
KUS-SI-slo-4-NM-R-2009_2010-21504-0.txt	solar5451s	solar5451t	2009/2010	strokovna šola	slovenščina	4. letnik	delo v razredu	Novo mesto
S20-OS-slo-8-LJ-E-2016_2017-41167-0.txt	solar5452s	solar5452t	2016/2017	osnovna šola	slovenščina	8. razred	esej ali spis	Ljubljana
KUS-SI-slo-3-LJ-E-2009_2010-21641-0.txt	solar5453s	solar5453t	2009/2010	strokovna šola	slovenščina	3. letnik	esej ali spis	Ljubljana
KUS-SI-slo-1-NM-R-2009_2010-21340-0.txt	solar5454s	solar5454t	2009/2010	strokovna šola	slovenščina	1. letnik	delo v razredu	Novo mesto
KUS-OS-slo-7-GO-R-2009_2010-40691-0.txt	solar5455s	solar5455t	2009/2010	osnovna šola	slovenščina	7. razred	delo v razredu	Gorica
S20-OS-slo-7-LJ-E-2017_2018-41224-N41224-0.txt	solar5456s	solar5456t	2017/2018	osnovna šola	slovenščina	7. razred	esej ali spis	Ljubljana
S20-OS-slo-8-PO-T-2017_2018-41110-0.txt	solar5457s	solar5457t	2017/2018	osnovna šola	slovenščina	8. razred	praktično besedilo	Postojna
S20-SI-slo-3-SG-E-2016_2017-22584-0.txt	solar5458s	solar5458t	2016/2017	strokovna šola	slovenščina	3. letnik	esej ali spis	Slovenj Gradec
KUS-SI-slo-2-NM-E-2009_2010-21542-0.txt	solar5459s	solar5459t	2009/2010	strokovna šola	slovenščina	2. letnik	esej ali spis	Novo mesto
KUS-G-slo-2-GO-T-2009_2010-11664-0.txt	solar5460s	solar5460t	2009/2010	gimnazija	slovenščina	2. letnik	praktično besedilo	Gorica
S20-SI-slo-3-KR-E-2016_2017-22476-0.txt	solar5461s	solar5461t	2016/2017	strokovna šola	slovenščina	3. letnik	esej ali spis	Kranj
S20-OS-bio-9-LJ-E-2016_2017-40941-0.txt	solar5462s	solar5462t	2016/2017	osnovna šola	biologija	9. razred	esej ali spis	Ljubljana
KUS-G-slo-4-LJ-E-2009_2010-11547-123.txt	solar5463s	solar5463t	2009/2010	gimnazija	slovenščina	4. letnik	esej ali spis	Ljubljana
S20-SI-slo-2-LJ-PB-2017_2018-22617-0.txt	solar5464s	solar5464t	2017/2018	strokovna šola	slovenščina	2. letnik	praktično besedilo	Ljubljana
S20-SI-slo-4-KK-E-2017_2018-22626-0.txt	solar5465s	solar5465t	2017/2018	strokovna šola	slovenščina	4. letnik	esej ali spis	Krško
S20-OS-slo-7-LJ-E-2016_2017-41156-12.txt	solar5466s	solar5466t	2016/2017	osnovna šola	slovenščina	7. razred	esej ali spis	Ljubljana
S20-SI-slo-3-KR-E-2017_2018-22686-0.txt	solar5467s	solar5467t	2017/2018	strokovna šola	slovenščina	3. letnik	esej ali spis	Kranj
S20-SI-slo-4-LJ-PB-2016_2017-22050-0.txt	solar5468s	solar5468t	2016/2017	strokovna šola	slovenščina	4. letnik	praktično besedilo	Ljubljana
KUS-OS-slo-7-KR-R-2009_2010-40628-0.txt	solar5469s	solar5469t	2009/2010	osnovna šola	slovenščina	7. razred	delo v razredu	Kranj
S20-SI-slo-3-KK-E-2017_2018-22656-12.txt	solar5470s	solar5470t	2017/2018	strokovna šola	slovenščina	3. letnik	esej ali spis	Krško
S20-SI-slo-3-KR-E-2017_2018-22429-0.txt	solar5471s	solar5471t	2017/2018	strokovna šola	slovenščina	3. letnik	esej ali spis	Kranj
S20-SI-slo-4-SG-E-2017_2018-22742-12.txt	solar5472s	solar5472t	2017/2018	strokovna šola	slovenščina	4. letnik	esej ali spis	Slovenj Gradec
S20-SI-slo-4-LJ-PB-2016_2017-22095-0.txt	solar5473s	solar5473t	2016/2017	strokovna šola	slovenščina	4. letnik	praktično besedilo	Ljubljana
KUS-SI-slo-4-NM-T-2009_2010-21455-0.txt	solar5474s	solar5474t	2009/2010	strokovna šola	slovenščina	4. letnik	praktično besedilo	Novo mesto
S20-PI-slo-2-SG-D-2016_2017-30479-12.txt	solar5475s	solar5475t	2016/2017	poklicna šola	slovenščina	2. letnik	praktično besedilo	Slovenj Gradec
KUS-G-slo-4-LJ-E-2009_2010-11554-123.txt	solar5476s	solar5476t	2009/2010	gimnazija	slovenščina	4. letnik	esej ali spis	Ljubljana
S20-OS-ods-6-LJ-E-2016_2017-40933-0.txt	solar5477s	solar5477t	2016/2017	osnovna šola	drugo	6. razred	esej ali spis	Ljubljana
S20-SI-slo-4-LJ-E-2016_2017-22136-12.txt	solar5478s	solar5478t	2016/2017	strokovna šola	slovenščina	4. letnik	esej ali spis	Ljubljana
KUS-PI-slo-2-NM-R-2009_2010-30268-0.txt	solar5479s	solar5479t	2009/2010	poklicna šola	slovenščina	2. letnik	delo v razredu	Novo mesto
S20-SI-slo-4-KR-E-2016_2017-22444-0.txt	solar5480s	solar5480t	2016/2017	strokovna šola	slovenščina	4. letnik	esej ali spis	Kranj
S20-SI-slo-4-LJ-E-2016_2017-22114-123.txt	solar5481s	solar5481t	2016/2017	strokovna šola	slovenščina	4. letnik	esej ali spis	Ljubljana
S20-SI-slo-3-KK-E-2016_2017-22279-0.txt	solar5482s	solar5482t	2016/2017	strokovna šola	slovenščina	3. letnik	esej ali spis	Krško
S20-SI-slo-4-LJ-E-2016_2017-22123-123.txt	solar5483s	solar5483t	2016/2017	strokovna šola	slovenščina	4. letnik	esej ali spis	Ljubljana
KUS-OS-slo-9-GO-R-2009_2010-40719-0.txt	solar5484s	solar5484t	2009/2010	osnovna šola	slovenščina	9. razred	delo v razredu	Gorica
S20-SI-slo-3-KR-E-2017_2018-22437-0.txt	solar5485s	solar5485t	2017/2018	strokovna šola	slovenščina	3. letnik	esej ali spis	Kranj
